#pragma once

const unsigned char k8BallImage[] = {
0x00, 0x00, 0x00, 0x00, 0x00, 0x00, 0x00, 0x00, 0x00, 0x00, 0x00, 0x00, 0x00, 0x00, 0x00, 0x00, 
0x00, 0x00, 0x00, 0x00, 0x00, 0x00, 0x00, 0x00, 0x00, 0x00, 0x00, 0x00, 0x00, 0x00, 0x00, 0x00, 
0x00, 0x00, 0x00, 0x00, 0x00, 0x00, 0x00, 0x00, 0x00, 0x00, 0x00, 0x00, 0x00, 0x00, 0x00, 0x00, 
0x00, 0x00, 0x00, 0x00, 0x00, 0x00, 0x00, 0x00, 0x00, 0x00, 0x00, 0x00, 0x00, 0x00, 0x00, 0x00, 
0x00, 0x00, 0x00, 0x00, 0x00, 0x00, 0x00, 0x00, 0x00, 0x00, 0x00, 0x00, 0x00, 0x00, 0x00, 0x00, 
0x00, 0x00, 0x00, 0x00, 0x00, 0x00, 0x00, 0x00, 0x00, 0x00, 0x00, 0x00, 0x00, 0x00, 0x00, 0x00, 
0x00, 0x00, 0x00, 0x00, 0x00, 0x00, 0x00, 0x00, 0x00, 0x00, 0x00, 0x00, 0x00, 0x00, 0x00, 0x00, 
0x00, 0x00, 0x00, 0x00, 0x00, 0x00, 0x00, 0x00, 0x00, 0x00, 0x00, 0x00, 0x00, 0x00, 0x00, 0x00, 
0x00, 0x00, 0x00, 0x00, 0x00, 0x00, 0x00, 0x00, 0x00, 0x00, 0x00, 0x00, 0x00, 0x00, 0x00, 0x00, 
0x00, 0x00, 0x00, 0x00, 0x00, 0x00, 0x00, 0x00, 0x00, 0x00, 0x00, 0x00, 0x00, 0x00, 0x00, 0x00, 
0x00, 0x00, 0x00, 0x00, 0x00, 0x00, 0x00, 0x00, 0x00, 0x00, 0x00, 0x00, 0x00, 0x00, 0x00, 0x00, 
0x00, 0x00, 0x00, 0x00, 0x00, 0x00, 0x00, 0x00, 0x00, 0x00, 0x00, 0x00, 0x00, 0x00, 0x00, 0x00, 
0x00, 0x00, 0x00, 0x00, 0x00, 0x00, 0x00, 0x00, 0x00, 0x00, 0x00, 0x00, 0x00, 0x00, 0x00, 0x00, 
0x00, 0x00, 0x00, 0x00, 0x00, 0x00, 0x00, 0x00, 0x00, 0x00, 0x00, 0x00, 0x00, 0x00, 0x00, 0x00, 
0x00, 0x00, 0x00, 0x00, 0x00, 0x00, 0x00, 0x00, 0x00, 0x00, 0x00, 0x00, 0x00, 0x00, 0x00, 0x00, 
0x00, 0x00, 0x00, 0x00, 0x00, 0x00, 0x00, 0x00, 0x00, 0x00, 0x00, 0x00, 0x00, 0x00, 0x00, 0x00, 
0x00, 0x00, 0x00, 0x00, 0x00, 0x00, 0x00, 0x00, 0x00, 0x00, 0x00, 0x00, 0x00, 0x00, 0x00, 0x00, 
0x00, 0x00, 0x00, 0x00, 0x00, 0x00, 0x00, 0x00, 0x00, 0x00, 0x00, 0x00, 0x00, 0x00, 0x00, 0x00, 
0x00, 0x00, 0x00, 0x00, 0x00, 0x00, 0x00, 0x00, 0x00, 0x00, 0x00, 0x00, 0x00, 0x00, 0x00, 0x00, 
0x00, 0x00, 0x00, 0x00, 0x00, 0x00, 0x00, 0x00, 0x00, 0x00, 0x00, 0x00, 0x00, 0x00, 0x00, 0x00, 
0x00, 0x00, 0x00, 0x00, 0x00, 0x00, 0x00, 0x00, 0x00, 0x00, 0x00, 0x00, 0x00, 0x00, 0x00, 0x00, 
0x00, 0x00, 0x00, 0x00, 0x00, 0x00, 0x00, 0x00, 0x00, 0x00, 0x00, 0x00, 0x00, 0x00, 0x00, 0x00, 
0x00, 0x00, 0x00, 0x00, 0x00, 0x00, 0x00, 0x00, 0x00, 0x00, 0x00, 0x00, 0x00, 0x00, 0x00, 0x00, 
0x00, 0x00, 0x00, 0x00, 0x00, 0x00, 0x00, 0x00, 0x00, 0x00, 0x00, 0x00, 0x00, 0x00, 0x00, 0x00, 
0x00, 0x00, 0x00, 0x00, 0x00, 0x00, 0x00, 0x00, 0x00, 0x00, 0x00, 0x00, 0x00, 0x00, 0x00, 0x00, 
0x00, 0x00, 0x00, 0x00, 0x00, 0x00, 0x00, 0x00, 0x00, 0x00, 0x00, 0x00, 0x00, 0x00, 0x00, 0x00, 
0x00, 0x00, 0x00, 0x00, 0x00, 0x00, 0x00, 0x00, 0x00, 0x00, 0x00, 0x00, 0x00, 0x00, 0x00, 0x00, 
0x00, 0x00, 0x00, 0x00, 0x00, 0x00, 0x00, 0x00, 0x00, 0x00, 0x00, 0x00, 0x00, 0x00, 0x00, 0x00, 
0x00, 0x00, 0x00, 0x24, 0x00, 0x45, 0x00, 0x45, 0x00, 0x0c, 0x00, 0x2c, 0x00, 0x4d, 0x00, 0x6e, 
0x00, 0x6e, 0x00, 0x8e, 0x00, 0xaf, 0x00, 0xaf, 0x00, 0x8f, 0x00, 0x6e, 0x00, 0x6e, 0x00, 0x2d, 
0x00, 0x0c, 0x00, 0xab, 0x00, 0x8b, 0x00, 0x09, 0x00, 0xc8, 0x00, 0x86, 0x00, 0x66, 0x00, 0x45, 
0x00, 0x45, 0x00, 0xe3, 0x00, 0x45, 0x00, 0x24, 0x00, 0x45, 0x00, 0x45, 0x00, 0x24, 0x00, 0x00, 
0x00, 0x00, 0x00, 0x00, 0x00, 0x00, 0x00, 0x00, 0x00, 0x00, 0x00, 0x00, 0x00, 0x00, 0x00, 0x00, 
0x00, 0x00, 0x00, 0x00, 0x00, 0x00, 0x00, 0x00, 0x00, 0x00, 0x00, 0x00, 0x00, 0x00, 0x00, 0x00, 
0x00, 0x00, 0x00, 0x00, 0x00, 0x00, 0x00, 0x00, 0x00, 0x00, 0x00, 0x00, 0x00, 0x00, 0x00, 0x00, 
0x00, 0x00, 0x00, 0x00, 0x00, 0x00, 0x00, 0x00, 0x00, 0x00, 0x00, 0x00, 0x00, 0x00, 0x00, 0x00, 
0x00, 0x00, 0x00, 0x00, 0x00, 0x00, 0x00, 0x00, 0x00, 0x00, 0x00, 0x00, 0x00, 0x00, 0x00, 0x00, 
0x00, 0x00, 0x00, 0x00, 0x00, 0x00, 0x00, 0x00, 0x00, 0x00, 0x00, 0x00, 0x00, 0x00, 0x00, 0x00, 
0x00, 0x00, 0x00, 0x00, 0x00, 0x00, 0x00, 0x00, 0x00, 0x00, 0x00, 0x00, 0x00, 0x00, 0x00, 0x00, 
0x00, 0x00, 0x00, 0x00, 0x00, 0x00, 0x00, 0x00, 0x00, 0x00, 0x00, 0x00, 0x00, 0x00, 0x00, 0x00, 
0x00, 0x00, 0x00, 0x00, 0x00, 0x00, 0x00, 0x00, 0x00, 0x00, 0x00, 0x00, 0x00, 0x00, 0x00, 0x00, 
0x00, 0x00, 0x00, 0x00, 0x00, 0x00, 0x00, 0x00, 0x00, 0x00, 0x00, 0x00, 0x00, 0x00, 0x00, 0x00, 
0x00, 0x00, 0x00, 0x00, 0x00, 0x00, 0x00, 0x00, 0x00, 0x00, 0x00, 0x00, 0x00, 0x00, 0x00, 0x00, 
0x00, 0x00, 0x00, 0x00, 0x00, 0x00, 0x00, 0x00, 0x00, 0x00, 0x00, 0x00, 0x00, 0x00, 0x00, 0x00, 
0x00, 0x00, 0x00, 0x00, 0x00, 0x00, 0x00, 0x00, 0x00, 0x00, 0x00, 0x00, 0x00, 0x00, 0x00, 0x00, 
0x00, 0x00, 0x00, 0x00, 0x00, 0x00, 0x00, 0x00, 0x00, 0x00, 0x00, 0x00, 0x00, 0x00, 0x00, 0x00, 
0x00, 0x00, 0x00, 0x00, 0x00, 0x00, 0x00, 0x00, 0x00, 0x00, 0x00, 0x00, 0x00, 0x00, 0x00, 0x00, 
0x00, 0x00, 0x00, 0x00, 0x00, 0x00, 0x00, 0xa2, 0x00, 0x24, 0x00, 0xeb, 0x00, 0x2d, 0x00, 0xcf, 
0x00, 0x10, 0x00, 0x31, 0x00, 0x72, 0x00, 0x72, 0x00, 0x72, 0x00, 0x72, 0x00, 0x72, 0x00, 0x72, 
0x00, 0x72, 0x00, 0x72, 0x00, 0x52, 0x00, 0x51, 0x00, 0x51, 0x00, 0x51, 0x00, 0x11, 0x00, 0x10, 
0x00, 0xf0, 0x00, 0xaf, 0x00, 0x6e, 0x00, 0xec, 0x00, 0x8a, 0x00, 0x08, 0x00, 0xc7, 0x00, 0x86, 
0x00, 0x46, 0x00, 0x46, 0x00, 0x45, 0x00, 0x25, 0x00, 0x25, 0x00, 0x25, 0x00, 0x45, 0x00, 0x45, 
0x00, 0x45, 0x00, 0x24, 0x00, 0x44, 0x00, 0x24, 0x00, 0xa2, 0x00, 0x00, 0x00, 0x00, 0x00, 0x00, 
0x00, 0x00, 0x00, 0x00, 0x00, 0x00, 0x00, 0x00, 0x00, 0x00, 0x00, 0x00, 0x00, 0x00, 0x00, 0x00, 
0x00, 0x00, 0x00, 0x00, 0x00, 0x00, 0x00, 0x00, 0x00, 0x00, 0x00, 0x00, 0x00, 0x00, 0x00, 0x00, 
0x00, 0x00, 0x00, 0x00, 0x00, 0x00, 0x00, 0x00, 0x00, 0x00, 0x00, 0x00, 0x00, 0x00, 0x00, 0x00, 
0x00, 0x00, 0x00, 0x00, 0x00, 0x00, 0x00, 0x00, 0x00, 0x00, 0x00, 0x00, 0x00, 0x00, 0x00, 0x00, 
0x00, 0x00, 0x00, 0x00, 0x00, 0x00, 0x00, 0x00, 0x00, 0x00, 0x00, 0x00, 0x00, 0x00, 0x00, 0x00, 
0x00, 0x00, 0x00, 0x00, 0x00, 0x00, 0x00, 0x00, 0x00, 0x00, 0x00, 0x00, 0x00, 0x00, 0x00, 0x00, 
0x00, 0x00, 0x00, 0x00, 0x00, 0x00, 0x00, 0x00, 0x00, 0x00, 0x00, 0x00, 0x00, 0x00, 0x00, 0x00, 
0x00, 0x00, 0x00, 0x00, 0x00, 0x00, 0x00, 0x00, 0x00, 0x00, 0x00, 0x00, 0x00, 0x00, 0x00, 0x00, 
0x00, 0x00, 0x00, 0x00, 0x00, 0x00, 0x00, 0x00, 0x00, 0x00, 0x00, 0x00, 0x00, 0x00, 0x00, 0x00, 
0x00, 0x00, 0x00, 0x00, 0x00, 0x00, 0x00, 0x00, 0x00, 0x00, 0x00, 0x00, 0x00, 0x00, 0x00, 0x00, 
0x00, 0x00, 0x00, 0x00, 0x00, 0x00, 0x00, 0x00, 0x00, 0x00, 0x00, 0x00, 0x00, 0x00, 0x00, 0x00, 
0x00, 0x00, 0x00, 0x00, 0x00, 0x00, 0x00, 0x00, 0x00, 0x00, 0x00, 0x00, 0x00, 0x00, 0x00, 0x00, 
0x00, 0x00, 0x00, 0x00, 0x00, 0x00, 0x00, 0x00, 0x00, 0x00, 0x00, 0x00, 0x00, 0x00, 0x00, 0x00, 
0x00, 0x00, 0x00, 0x00, 0x00, 0x00, 0x00, 0x00, 0x00, 0x00, 0x00, 0x00, 0x00, 0x00, 0x00, 0x04, 
0x00, 0xcb, 0x00, 0x0c, 0x00, 0xf0, 0x00, 0x31, 0x00, 0x72, 0x00, 0x72, 0x00, 0x72, 0x00, 0x72, 
0x00, 0x72, 0x00, 0x72, 0x00, 0x72, 0x00, 0x51, 0x00, 0x51, 0x00, 0x51, 0x00, 0x51, 0x00, 0x11, 
0x00, 0x11, 0x00, 0x10, 0x00, 0xf0, 0x00, 0xf0, 0x00, 0xcf, 0x00, 0xcf, 0x00, 0x8e, 0x00, 0x6e, 
0x00, 0x4d, 0x00, 0x0c, 0x00, 0xcb, 0x00, 0x6a, 0x00, 0x29, 0x00, 0xc8, 0x00, 0x87, 0x00, 0x66, 
0x00, 0x46, 0x00, 0x45, 0x00, 0x45, 0x00, 0x45, 0x00, 0x25, 0x00, 0x25, 0x00, 0x25, 0x00, 0x25, 
0x00, 0x25, 0x00, 0x25, 0x00, 0x25, 0x00, 0x45, 0x00, 0x46, 0x00, 0x45, 0x00, 0xa7, 0x00, 0x65, 
0x00, 0x04, 0x00, 0x00, 0x00, 0x00, 0x00, 0x00, 0x00, 0x00, 0x00, 0x00, 0x00, 0x00, 0x00, 0x00, 
0x00, 0x00, 0x00, 0x00, 0x00, 0x00, 0x00, 0x00, 0x00, 0x00, 0x00, 0x00, 0x00, 0x00, 0x00, 0x00, 
0x00, 0x00, 0x00, 0x00, 0x00, 0x00, 0x00, 0x00, 0x00, 0x00, 0x00, 0x00, 0x00, 0x00, 0x00, 0x00, 
0x00, 0x00, 0x00, 0x00, 0x00, 0x00, 0x00, 0x00, 0x00, 0x00, 0x00, 0x00, 0x00, 0x00, 0x00, 0x00, 
0x00, 0x00, 0x00, 0x00, 0x00, 0x00, 0x00, 0x00, 0x00, 0x00, 0x00, 0x00, 0x00, 0x00, 0x00, 0x00, 
0x00, 0x00, 0x00, 0x00, 0x00, 0x00, 0x00, 0x00, 0x00, 0x00, 0x00, 0x00, 0x00, 0x00, 0x00, 0x00, 
0x00, 0x00, 0x00, 0x00, 0x00, 0x00, 0x00, 0x00, 0x00, 0x00, 0x00, 0x00, 0x00, 0x00, 0x00, 0x00, 
0x00, 0x00, 0x00, 0x00, 0x00, 0x00, 0x00, 0x00, 0x00, 0x00, 0x00, 0x00, 0x00, 0x00, 0x00, 0x00, 
0x00, 0x00, 0x00, 0x00, 0x00, 0x00, 0x00, 0x00, 0x00, 0x00, 0x00, 0x00, 0x00, 0x00, 0x00, 0x00, 
0x00, 0x00, 0x00, 0x00, 0x00, 0x00, 0x00, 0x00, 0x00, 0x00, 0x00, 0x00, 0x00, 0x00, 0x00, 0x00, 
0x00, 0x00, 0x00, 0x00, 0x00, 0x00, 0x00, 0x00, 0x00, 0x00, 0x00, 0x00, 0x00, 0x00, 0x00, 0x00, 
0x00, 0x00, 0x00, 0x00, 0x00, 0x00, 0x00, 0x00, 0x00, 0x00, 0x00, 0x00, 0x00, 0x00, 0x00, 0x00, 
0x00, 0x00, 0x00, 0x00, 0x00, 0x00, 0x00, 0x00, 0x00, 0x00, 0x00, 0x00, 0x00, 0x00, 0x00, 0x00, 
0x00, 0x00, 0x00, 0x00, 0x00, 0x00, 0x00, 0xe3, 0x00, 0xe7, 0x00, 0x2d, 0x00, 0xf0, 0x00, 0x51, 
0x00, 0x72, 0x00, 0x72, 0x00, 0x72, 0x00, 0x72, 0x00, 0x72, 0x00, 0x72, 0x00, 0x52, 0x00, 0x51, 
0x00, 0x31, 0x00, 0x31, 0x00, 0x10, 0x00, 0xf0, 0x00, 0xf0, 0x00, 0xcf, 0x00, 0xcf, 0x00, 0x8f, 
0x00, 0x8e, 0x00, 0x8e, 0x00, 0x4e, 0x00, 0x4d, 0x00, 0x0c, 0x00, 0xec, 0x00, 0xcb, 0x00, 0x6a, 
0x00, 0x6a, 0x00, 0x29, 0x00, 0x08, 0x00, 0xc7, 0x00, 0x87, 0x00, 0x66, 0x00, 0x66, 0x00, 0x45, 
0x00, 0x25, 0x00, 0x25, 0x00, 0x25, 0x00, 0x25, 0x00, 0x25, 0x00, 0x25, 0x00, 0x25, 0x00, 0x25, 
0x00, 0x25, 0x00, 0x25, 0x00, 0x25, 0x00, 0x25, 0x00, 0x25, 0x00, 0x25, 0x00, 0x25, 0x00, 0x25, 
0x00, 0x45, 0x00, 0x66, 0x00, 0x86, 0x00, 0x65, 0x00, 0xe3, 0x00, 0x00, 0x00, 0x00, 0x00, 0x00, 
0x00, 0x00, 0x00, 0x00, 0x00, 0x00, 0x00, 0x00, 0x00, 0x00, 0x00, 0x00, 0x00, 0x00, 0x00, 0x00, 
0x00, 0x00, 0x00, 0x00, 0x00, 0x00, 0x00, 0x00, 0x00, 0x00, 0x00, 0x00, 0x00, 0x00, 0x00, 0x00, 
0x00, 0x00, 0x00, 0x00, 0x00, 0x00, 0x00, 0x00, 0x00, 0x00, 0x00, 0x00, 0x00, 0x00, 0x00, 0x00, 
0x00, 0x00, 0x00, 0x00, 0x00, 0x00, 0x00, 0x00, 0x00, 0x00, 0x00, 0x00, 0x00, 0x00, 0x00, 0x00, 
0x00, 0x00, 0x00, 0x00, 0x00, 0x00, 0x00, 0x00, 0x00, 0x00, 0x00, 0x00, 0x00, 0x00, 0x00, 0x00, 
0x00, 0x00, 0x00, 0x00, 0x00, 0x00, 0x00, 0x00, 0x00, 0x00, 0x00, 0x00, 0x00, 0x00, 0x00, 0x00, 
0x00, 0x00, 0x00, 0x00, 0x00, 0x00, 0x00, 0x00, 0x00, 0x00, 0x00, 0x00, 0x00, 0x00, 0x00, 0x00, 
0x00, 0x00, 0x00, 0x00, 0x00, 0x00, 0x00, 0x00, 0x00, 0x00, 0x00, 0x00, 0x00, 0x00, 0x00, 0x00, 
0x00, 0x00, 0x00, 0x00, 0x00, 0x00, 0x00, 0x00, 0x00, 0x00, 0x00, 0x00, 0x00, 0x00, 0x00, 0x00, 
0x00, 0x00, 0x00, 0x00, 0x00, 0x00, 0x00, 0x00, 0x00, 0x00, 0x00, 0x00, 0x00, 0x00, 0x00, 0x00, 
0x00, 0x00, 0x00, 0x00, 0x00, 0x00, 0x00, 0x00, 0x00, 0x00, 0x00, 0x00, 0x00, 0x00, 0x00, 0x00, 
0x00, 0x00, 0x00, 0x00, 0x00, 0x00, 0x00, 0x00, 0x00, 0x00, 0x00, 0x00, 0x00, 0x00, 0x00, 0x00, 
0x00, 0x68, 0x00, 0x0b, 0x00, 0x8e, 0x00, 0x10, 0x00, 0x72, 0x00, 0x72, 0x00, 0x72, 0x00, 0x72, 
0x00, 0x72, 0x00, 0x52, 0x00, 0x51, 0x00, 0x31, 0x00, 0x31, 0x00, 0xf0, 0x00, 0xf0, 0x00, 0xcf, 
0x00, 0xcf, 0x00, 0x8f, 0x00, 0x8f, 0x00, 0x6e, 0x00, 0x6e, 0x00, 0x2d, 0x00, 0x0d, 0x00, 0x0d, 
0x00, 0xcb, 0x00, 0xab, 0x00, 0x8a, 0x00, 0x49, 0x00, 0x49, 0x00, 0x08, 0x00, 0xe8, 0x00, 0xc7, 
0x00, 0xa7, 0x00, 0x87, 0x00, 0x66, 0x00, 0x46, 0x00, 0x45, 0x00, 0x25, 0x00, 0x25, 0x00, 0x25, 
0x00, 0x25, 0x00, 0x25, 0x00, 0x25, 0x00, 0x25, 0x00, 0x25, 0x00, 0x25, 0x00, 0x25, 0x00, 0x25, 
0x00, 0x25, 0x00, 0x25, 0x00, 0x25, 0x00, 0x25, 0x00, 0x25, 0x00, 0x45, 0x00, 0x25, 0x00, 0x25, 
0x00, 0x25, 0x00, 0x25, 0x00, 0x25, 0x00, 0x45, 0x00, 0x46, 0x00, 0x86, 0x00, 0x85, 0x00, 0xc3, 
0x00, 0x00, 0x00, 0x00, 0x00, 0x00, 0x00, 0x00, 0x00, 0x00, 0x00, 0x00, 0x00, 0x00, 0x00, 0x00, 
0x00, 0x00, 0x00, 0x00, 0x00, 0x00, 0x00, 0x00, 0x00, 0x00, 0x00, 0x00, 0x00, 0x00, 0x00, 0x00, 
0x00, 0x00, 0x00, 0x00, 0x00, 0x00, 0x00, 0x00, 0x00, 0x00, 0x00, 0x00, 0x00, 0x00, 0x00, 0x00, 
0x00, 0x00, 0x00, 0x00, 0x00, 0x00, 0x00, 0x00, 0x00, 0x00, 0x00, 0x00, 0x00, 0x00, 0x00, 0x00, 
0x00, 0x00, 0x00, 0x00, 0x00, 0x00, 0x00, 0x00, 0x00, 0x00, 0x00, 0x00, 0x00, 0x00, 0x00, 0x00, 
0x00, 0x00, 0x00, 0x00, 0x00, 0x00, 0x00, 0x00, 0x00, 0x00, 0x00, 0x00, 0x00, 0x00, 0x00, 0x00, 
0x00, 0x00, 0x00, 0x00, 0x00, 0x00, 0x00, 0x00, 0x00, 0x00, 0x00, 0x00, 0x00, 0x00, 0x00, 0x00, 
0x00, 0x00, 0x00, 0x00, 0x00, 0x00, 0x00, 0x00, 0x00, 0x00, 0x00, 0x00, 0x00, 0x00, 0x00, 0x00, 
0x00, 0x00, 0x00, 0x00, 0x00, 0x00, 0x00, 0x00, 0x00, 0x00, 0x00, 0x00, 0x00, 0x00, 0x00, 0x00, 
0x00, 0x00, 0x00, 0x00, 0x00, 0x00, 0x00, 0x00, 0x00, 0x00, 0x00, 0x00, 0x00, 0x00, 0x00, 0x00, 
0x00, 0x00, 0x00, 0x00, 0x00, 0x00, 0x00, 0x00, 0x00, 0x00, 0x00, 0x00, 0x00, 0x00, 0x00, 0x00, 
0x00, 0x00, 0x00, 0x00, 0x00, 0x00, 0x00, 0x00, 0x00, 0x00, 0x00, 0xa2, 0x00, 0x49, 0x00, 0x8e, 
0x00, 0x10, 0x00, 0x52, 0x00, 0x72, 0x00, 0x72, 0x00, 0x72, 0x00, 0x51, 0x00, 0x51, 0x00, 0x31, 
0x00, 0x10, 0x00, 0xf0, 0x00, 0xd0, 0x00, 0xcf, 0x00, 0xaf, 0x00, 0x8e, 0x00, 0x6e, 0x00, 0x4d, 
0x00, 0x4d, 0x00, 0x2d, 0x00, 0xec, 0x00, 0xcc, 0x00, 0xab, 0x00, 0x8a, 0x00, 0x49, 0x00, 0x49, 
0x00, 0x08, 0x00, 0xc7, 0x00, 0xa7, 0x00, 0xa7, 0x00, 0x66, 0x00, 0x66, 0x00, 0x46, 0x00, 0x45, 
0x00, 0x45, 0x00, 0x25, 0x00, 0x25, 0x00, 0x25, 0x00, 0x04, 0x00, 0x04, 0x00, 0x05, 0x00, 0x25, 
0x00, 0x04, 0x00, 0x04, 0x00, 0x04, 0x00, 0x04, 0x00, 0x25, 0x00, 0x25, 0x00, 0x05, 0x00, 0x25, 
0x00, 0x05, 0x00, 0x25, 0x00, 0x25, 0x00, 0x25, 0x00, 0x25, 0x00, 0x25, 0x00, 0x45, 0x00, 0x25, 
0x00, 0x45, 0x00, 0x45, 0x00, 0x45, 0x00, 0x25, 0x00, 0x25, 0x00, 0x25, 0x00, 0x45, 0x00, 0x46, 
0x00, 0x66, 0x00, 0x86, 0x00, 0xa2, 0x00, 0x00, 0x00, 0x00, 0x00, 0x00, 0x00, 0x00, 0x00, 0x00, 
0x00, 0x00, 0x00, 0x00, 0x00, 0x00, 0x00, 0x00, 0x00, 0x00, 0x00, 0x00, 0x00, 0x00, 0x00, 0x00, 
0x00, 0x00, 0x00, 0x00, 0x00, 0x00, 0x00, 0x00, 0x00, 0x00, 0x00, 0x00, 0x00, 0x00, 0x00, 0x00, 
0x00, 0x00, 0x00, 0x00, 0x00, 0x00, 0x00, 0x00, 0x00, 0x00, 0x00, 0x00, 0x00, 0x00, 0x00, 0x00, 
0x00, 0x00, 0x00, 0x00, 0x00, 0x00, 0x00, 0x00, 0x00, 0x00, 0x00, 0x00, 0x00, 0x00, 0x00, 0x00, 
0x00, 0x00, 0x00, 0x00, 0x00, 0x00, 0x00, 0x00, 0x00, 0x00, 0x00, 0x00, 0x00, 0x00, 0x00, 0x00, 
0x00, 0x00, 0x00, 0x00, 0x00, 0x00, 0x00, 0x00, 0x00, 0x00, 0x00, 0x00, 0x00, 0x00, 0x00, 0x00, 
0x00, 0x00, 0x00, 0x00, 0x00, 0x00, 0x00, 0x00, 0x00, 0x00, 0x00, 0x00, 0x00, 0x00, 0x00, 0x00, 
0x00, 0x00, 0x00, 0x00, 0x00, 0x00, 0x00, 0x00, 0x00, 0x00, 0x00, 0x00, 0x00, 0x00, 0x00, 0x00, 
0x00, 0x00, 0x00, 0x00, 0x00, 0x00, 0x00, 0x00, 0x00, 0x00, 0x00, 0x00, 0x00, 0x00, 0x00, 0x00, 
0x00, 0x00, 0x00, 0x00, 0x00, 0x00, 0x00, 0x00, 0x00, 0x00, 0x00, 0x00, 0x00, 0x00, 0x00, 0x00, 
0x00, 0x00, 0x00, 0x00, 0x00, 0x82, 0x00, 0xea, 0x00, 0x2c, 0x00, 0xcf, 0x00, 0x31, 0x00, 0x72, 
0x00, 0x72, 0x00, 0x51, 0x00, 0x51, 0x00, 0x31, 0x00, 0x10, 0x00, 0xf0, 0x00, 0xcf, 0x00, 0xcf, 
0x00, 0xaf, 0x00, 0x8f, 0x00, 0x6e, 0x00, 0x4d, 0x00, 0x2d, 0x00, 0x2d, 0x00, 0xec, 0x00, 0xcc, 
0x00, 0x8b, 0x00, 0x8b, 0x00, 0x49, 0x00, 0x29, 0x00, 0xe8, 0x00, 0xc8, 0x00, 0xa7, 0x00, 0x86, 
0x00, 0x66, 0x00, 0x45, 0x00, 0x45, 0x00, 0x25, 0x00, 0x25, 0x00, 0x25, 0x00, 0x04, 0x00, 0x04, 
0x00, 0x04, 0x00, 0x04, 0x00, 0x04, 0x00, 0x04, 0x00, 0x04, 0x00, 0x04, 0x00, 0x04, 0x00, 0x04, 
0x00, 0x04, 0x00, 0x04, 0x00, 0x04, 0x00, 0x04, 0x00, 0x04, 0x00, 0x04, 0x00, 0x04, 0x00, 0x04, 
0x00, 0x25, 0x00, 0x25, 0x00, 0x25, 0x00, 0x25, 0x00, 0x25, 0x00, 0x25, 0x00, 0x25, 0x00, 0x25, 
0x00, 0x25, 0x00, 0x25, 0x00, 0x45, 0x00, 0x45, 0x00, 0x45, 0x00, 0x25, 0x00, 0x25, 0x00, 0x25, 
0x00, 0x25, 0x00, 0x25, 0x00, 0x46, 0x00, 0x86, 0x00, 0x86, 0x00, 0x64, 0x00, 0x00, 0x00, 0x00, 
0x00, 0x00, 0x00, 0x00, 0x00, 0x00, 0x00, 0x00, 0x00, 0x00, 0x00, 0x00, 0x00, 0x00, 0x00, 0x00, 
0x00, 0x00, 0x00, 0x00, 0x00, 0x00, 0x00, 0x00, 0x00, 0x00, 0x00, 0x00, 0x00, 0x00, 0x00, 0x00, 
0x00, 0x00, 0x00, 0x00, 0x00, 0x00, 0x00, 0x00, 0x00, 0x00, 0x00, 0x00, 0x00, 0x00, 0x00, 0x00, 
0x00, 0x00, 0x00, 0x00, 0x00, 0x00, 0x00, 0x00, 0x00, 0x00, 0x00, 0x00, 0x00, 0x00, 0x00, 0x00, 
0x00, 0x00, 0x00, 0x00, 0x00, 0x00, 0x00, 0x00, 0x00, 0x00, 0x00, 0x00, 0x00, 0x00, 0x00, 0x00, 
0x00, 0x00, 0x00, 0x00, 0x00, 0x00, 0x00, 0x00, 0x00, 0x00, 0x00, 0x00, 0x00, 0x00, 0x00, 0x00, 
0x00, 0x00, 0x00, 0x00, 0x00, 0x00, 0x00, 0x00, 0x00, 0x00, 0x00, 0x00, 0x00, 0x00, 0x00, 0x00, 
0x00, 0x00, 0x00, 0x00, 0x00, 0x00, 0x00, 0x00, 0x00, 0x00, 0x00, 0x00, 0x00, 0x00, 0x00, 0x00, 
0x00, 0x00, 0x00, 0x00, 0x00, 0x00, 0x00, 0x00, 0x00, 0x00, 0x00, 0x00, 0x00, 0x00, 0x00, 0x00, 
0x00, 0x00, 0x00, 0x00, 0x00, 0x00, 0x00, 0x00, 0x00, 0x00, 0x00, 0x00, 0x00, 0x00, 0x00, 0x00, 
0x00, 0x82, 0x00, 0x69, 0x00, 0x6e, 0x00, 0xf0, 0x00, 0x51, 0x00, 0x72, 0x00, 0x51, 0x00, 0x51, 
0x00, 0x31, 0x00, 0x10, 0x00, 0xf0, 0x00, 0xcf, 0x00, 0xaf, 0x00, 0x8e, 0x00, 0x6e, 0x00, 0x4d, 
0x00, 0x4d, 0x00, 0x0d, 0x00, 0xec, 0x00, 0xec, 0x00, 0xab, 0x00, 0x8b, 0x00, 0x49, 0x00, 0x29, 
0x00, 0xe8, 0x00, 0xc8, 0x00, 0xa7, 0x00, 0x66, 0x00, 0x66, 0x00, 0x45, 0x00, 0x45, 0x00, 0x25, 
0x00, 0x25, 0x00, 0x04, 0x00, 0x04, 0x00, 0x04, 0x00, 0xe4, 0x00, 0xe4, 0x00, 0xe4, 0x00, 0xe4, 
0x00, 0xe4, 0x00, 0xe4, 0x00, 0xe4, 0x00, 0xe4, 0x00, 0xe4, 0x00, 0xe4, 0x00, 0xe4, 0x00, 0xe4, 
0x00, 0xe4, 0x00, 0xe4, 0x00, 0xe4, 0x00, 0xe4, 0x00, 0xe4, 0x00, 0xe4, 0x00, 0x04, 0x00, 0x04, 
0x00, 0x04, 0x00, 0x04, 0x00, 0x25, 0x00, 0x25, 0x00, 0x25, 0x00, 0x05, 0x00, 0x25, 0x00, 0x04, 
0x00, 0x25, 0x00, 0x25, 0x00, 0x25, 0x00, 0x25, 0x00, 0x45, 0x00, 0x25, 0x00, 0x45, 0x00, 0x45, 
0x00, 0x25, 0x00, 0x25, 0x00, 0x25, 0x00, 0x25, 0x00, 0x46, 0x00, 0x86, 0x00, 0x45, 0x00, 0x82, 
0x00, 0x00, 0x00, 0x00, 0x00, 0x00, 0x00, 0x00, 0x00, 0x00, 0x00, 0x00, 0x00, 0x00, 0x00, 0x00, 
0x00, 0x00, 0x00, 0x00, 0x00, 0x00, 0x00, 0x00, 0x00, 0x00, 0x00, 0x00, 0x00, 0x00, 0x00, 0x00, 
0x00, 0x00, 0x00, 0x00, 0x00, 0x00, 0x00, 0x00, 0x00, 0x00, 0x00, 0x00, 0x00, 0x00, 0x00, 0x00, 
0x00, 0x00, 0x00, 0x00, 0x00, 0x00, 0x00, 0x00, 0x00, 0x00, 0x00, 0x00, 0x00, 0x00, 0x00, 0x00, 
0x00, 0x00, 0x00, 0x00, 0x00, 0x00, 0x00, 0x00, 0x00, 0x00, 0x00, 0x00, 0x00, 0x00, 0x00, 0x00, 
0x00, 0x00, 0x00, 0x00, 0x00, 0x00, 0x00, 0x00, 0x00, 0x00, 0x00, 0x00, 0x00, 0x00, 0x00, 0x00, 
0x00, 0x00, 0x00, 0x00, 0x00, 0x00, 0x00, 0x00, 0x00, 0x00, 0x00, 0x00, 0x00, 0x00, 0x00, 0x00, 
0x00, 0x00, 0x00, 0x00, 0x00, 0x00, 0x00, 0x00, 0x00, 0x00, 0x00, 0x00, 0x00, 0x00, 0x00, 0x00, 
0x00, 0x00, 0x00, 0x00, 0x00, 0x00, 0x00, 0x00, 0x00, 0x00, 0x00, 0x00, 0x00, 0x00, 0x00, 0x00, 
0x00, 0x00, 0x00, 0x00, 0x00, 0x00, 0x00, 0x00, 0x00, 0x00, 0x00, 0x20, 0x00, 0x65, 0x00, 0x0c, 
0x00, 0x4e, 0x00, 0xf0, 0x00, 0x51, 0x00, 0x72, 0x00, 0x51, 0x00, 0x31, 0x00, 0x10, 0x00, 0xf0, 
0x00, 0xd0, 0x00, 0xaf, 0x00, 0x8e, 0x00, 0x6e, 0x00, 0x4d, 0x00, 0x2d, 0x00, 0x0c, 0x00, 0xec, 
0x00, 0xec, 0x00, 0x8b, 0x00, 0x6a, 0x00, 0x4a, 0x00, 0x09, 0x00, 0xe8, 0x00, 0xa7, 0x00, 0x87, 
0x00, 0x86, 0x00, 0x46, 0x00, 0x25, 0x00, 0x25, 0x00, 0x04, 0x00, 0x04, 0x00, 0x04, 0x00, 0x04, 
0x00, 0xe4, 0x00, 0xe4, 0x00, 0xe4, 0x00, 0xe4, 0x00, 0xe4, 0x00, 0xe4, 0x00, 0xe4, 0x00, 0xe4, 
0x00, 0xe4, 0x00, 0xe4, 0x00, 0xe4, 0x00, 0xe4, 0x00, 0xe4, 0x00, 0xe4, 0x00, 0xe4, 0x00, 0xe4, 
0x00, 0xe4, 0x00, 0xe4, 0x00, 0xe4, 0x00, 0xe4, 0x00, 0xe4, 0x00, 0x04, 0x00, 0xe4, 0x00, 0xe4, 
0x00, 0xe4, 0x00, 0x04, 0x00, 0x04, 0x00, 0x04, 0x00, 0x04, 0x00, 0x04, 0x00, 0x25, 0x00, 0x25, 
0x00, 0x25, 0x00, 0x25, 0x00, 0x25, 0x00, 0x25, 0x00, 0x25, 0x00, 0x25, 0x00, 0x45, 0x00, 0x45, 
0x00, 0x45, 0x00, 0x45, 0x00, 0x25, 0x00, 0x25, 0x00, 0x25, 0x00, 0x25, 0x00, 0x46, 0x00, 0x46, 
0x00, 0x45, 0x00, 0x04, 0x00, 0x20, 0x00, 0x00, 0x00, 0x00, 0x00, 0x00, 0x00, 0x00, 0x00, 0x00, 
0x00, 0x00, 0x00, 0x00, 0x00, 0x00, 0x00, 0x00, 0x00, 0x00, 0x00, 0x00, 0x00, 0x00, 0x00, 0x00, 
0x00, 0x00, 0x00, 0x00, 0x00, 0x00, 0x00, 0x00, 0x00, 0x00, 0x00, 0x00, 0x00, 0x00, 0x00, 0x00, 
0x00, 0x00, 0x00, 0x00, 0x00, 0x00, 0x00, 0x00, 0x00, 0x00, 0x00, 0x00, 0x00, 0x00, 0x00, 0x00, 
0x00, 0x00, 0x00, 0x00, 0x00, 0x00, 0x00, 0x00, 0x00, 0x00, 0x00, 0x00, 0x00, 0x00, 0x00, 0x00, 
0x00, 0x00, 0x00, 0x00, 0x00, 0x00, 0x00, 0x00, 0x00, 0x00, 0x00, 0x00, 0x00, 0x00, 0x00, 0x00, 
0x00, 0x00, 0x00, 0x00, 0x00, 0x00, 0x00, 0x00, 0x00, 0x00, 0x00, 0x00, 0x00, 0x00, 0x00, 0x00, 
0x00, 0x00, 0x00, 0x00, 0x00, 0x00, 0x00, 0x00, 0x00, 0x00, 0x00, 0x00, 0x00, 0x00, 0x00, 0x00, 
0x00, 0x00, 0x00, 0x00, 0x00, 0x00, 0x00, 0x00, 0x00, 0x00, 0x00, 0x00, 0x00, 0x00, 0x00, 0x00, 
0x00, 0x00, 0x00, 0x00, 0x00, 0x00, 0x00, 0xa2, 0x00, 0xa6, 0x00, 0xec, 0x00, 0x2d, 0x00, 0xf0, 
0x00, 0x51, 0x00, 0x51, 0x00, 0x31, 0x00, 0x10, 0x00, 0x10, 0x00, 0xd0, 0x00, 0xaf, 0x00, 0x8f, 
0x00, 0x6e, 0x00, 0x4d, 0x00, 0x2d, 0x00, 0xec, 0x00, 0xec, 0x00, 0xab, 0x00, 0xab, 0x00, 0x6a, 
0x00, 0x29, 0x00, 0x08, 0x00, 0xe8, 0x00, 0xa7, 0x00, 0x86, 0x00, 0x46, 0x00, 0x45, 0x00, 0x25, 
0x00, 0x04, 0x00, 0x04, 0x00, 0x04, 0x00, 0xe4, 0x00, 0xe4, 0x00, 0xe4, 0x00, 0xe4, 0x00, 0xe4, 
0x00, 0xe4, 0x00, 0xc4, 0x00, 0xa3, 0x00, 0xa3, 0x00, 0xa3, 0x00, 0xa3, 0x00, 0xa3, 0x00, 0xa3, 
0x00, 0xa3, 0x00, 0xa3, 0x00, 0xa3, 0x00, 0xa3, 0x00, 0xc3, 0x00, 0xc3, 0x00, 0xa3, 0x00, 0xa3, 
0x00, 0xc3, 0x00, 0xe4, 0x00, 0xe4, 0x00, 0xe4, 0x00, 0xe4, 0x00, 0xe4, 0x00, 0xe4, 0x00, 0xe4, 
0x00, 0xe4, 0x00, 0xe4, 0x00, 0x04, 0x00, 0x04, 0x00, 0x04, 0x00, 0x04, 0x00, 0x04, 0x00, 0x04, 
0x00, 0x25, 0x00, 0x25, 0x00, 0x25, 0x00, 0x25, 0x00, 0x25, 0x00, 0x25, 0x00, 0x25, 0x00, 0x25, 
0x00, 0x45, 0x00, 0x46, 0x00, 0x25, 0x00, 0x45, 0x00, 0x25, 0x00, 0x25, 0x00, 0x25, 0x00, 0x25, 
0x00, 0x46, 0x00, 0x86, 0x00, 0x66, 0x00, 0xa6, 0x00, 0x00, 0x00, 0x00, 0x00, 0x00, 0x00, 0x00, 
0x00, 0x00, 0x00, 0x00, 0x00, 0x00, 0x00, 0x00, 0x00, 0x00, 0x00, 0x00, 0x00, 0x00, 0x00, 0x00, 
0x00, 0x00, 0x00, 0x00, 0x00, 0x00, 0x00, 0x00, 0x00, 0x00, 0x00, 0x00, 0x00, 0x00, 0x00, 0x00, 
0x00, 0x00, 0x00, 0x00, 0x00, 0x00, 0x00, 0x00, 0x00, 0x00, 0x00, 0x00, 0x00, 0x00, 0x00, 0x00, 
0x00, 0x00, 0x00, 0x00, 0x00, 0x00, 0x00, 0x00, 0x00, 0x00, 0x00, 0x00, 0x00, 0x00, 0x00, 0x00, 
0x00, 0x00, 0x00, 0x00, 0x00, 0x00, 0x00, 0x00, 0x00, 0x00, 0x00, 0x00, 0x00, 0x00, 0x00, 0x00, 
0x00, 0x00, 0x00, 0x00, 0x00, 0x00, 0x00, 0x00, 0x00, 0x00, 0x00, 0x00, 0x00, 0x00, 0x00, 0x00, 
0x00, 0x00, 0x00, 0x00, 0x00, 0x00, 0x00, 0x00, 0x00, 0x00, 0x00, 0x00, 0x00, 0x00, 0x00, 0x00, 
0x00, 0x00, 0x00, 0x00, 0x00, 0x00, 0x00, 0x00, 0x00, 0x00, 0x00, 0x00, 0x00, 0x00, 0x00, 0x00, 
0x00, 0x00, 0x00, 0x00, 0x00, 0x86, 0x00, 0xc7, 0x00, 0x0c, 0x00, 0x8f, 0x00, 0x10, 0x00, 0x10, 
0x00, 0x10, 0x00, 0x10, 0x00, 0xf0, 0x00, 0xcf, 0x00, 0xaf, 0x00, 0x8e, 0x00, 0x4d, 0x00, 0x2d, 
0x00, 0x0c, 0x00, 0xec, 0x00, 0xab, 0x00, 0xab, 0x00, 0x6a, 0x00, 0x29, 0x00, 0x29, 0x00, 0xe8, 
0x00, 0xa7, 0x00, 0x86, 0x00, 0x46, 0x00, 0x25, 0x00, 0x25, 0x00, 0x04, 0x00, 0x04, 0x00, 0xe4, 
0x00, 0xe4, 0x00, 0xe4, 0x00, 0xe4, 0x00, 0xe4, 0x00, 0xa3, 0x00, 0xa3, 0x00, 0xa3, 0x00, 0xa3, 
0x00, 0xa3, 0x00, 0xa3, 0x00, 0xa3, 0x00, 0xa3, 0x00, 0xa3, 0x00, 0xa3, 0x00, 0xa3, 0x00, 0xa3, 
0x00, 0xa3, 0x00, 0xa3, 0x00, 0xa3, 0x00, 0xa3, 0x00, 0xa3, 0x00, 0xa3, 0x00, 0xa3, 0x00, 0xa3, 
0x00, 0xa3, 0x00, 0xc3, 0x00, 0xc3, 0x00, 0xc3, 0x00, 0xc3, 0x00, 0xe4, 0x00, 0xe4, 0x00, 0xe4, 
0x00, 0xe4, 0x00, 0xe4, 0x00, 0x04, 0x00, 0xe4, 0x00, 0x04, 0x00, 0x04, 0x00, 0x04, 0x00, 0x25, 
0x00, 0x04, 0x00, 0x25, 0x00, 0x25, 0x00, 0x05, 0x00, 0x25, 0x00, 0x25, 0x00, 0x25, 0x00, 0x25, 
0x00, 0x45, 0x00, 0x25, 0x00, 0x25, 0x00, 0x46, 0x00, 0x45, 0x00, 0x45, 0x00, 0x25, 0x00, 0x25, 
0x00, 0x25, 0x00, 0x25, 0x00, 0x46, 0x00, 0x86, 0x00, 0x86, 0x00, 0x65, 0x00, 0x00, 0x00, 0x00, 
0x00, 0x00, 0x00, 0x00, 0x00, 0x00, 0x00, 0x00, 0x00, 0x00, 0x00, 0x00, 0x00, 0x00, 0x00, 0x00, 
0x00, 0x00, 0x00, 0x00, 0x00, 0x00, 0x00, 0x00, 0x00, 0x00, 0x00, 0x00, 0x00, 0x00, 0x00, 0x00, 
0x00, 0x00, 0x00, 0x00, 0x00, 0x00, 0x00, 0x00, 0x00, 0x00, 0x00, 0x00, 0x00, 0x00, 0x00, 0x00, 
0x00, 0x00, 0x00, 0x00, 0x00, 0x00, 0x00, 0x00, 0x00, 0x00, 0x00, 0x00, 0x00, 0x00, 0x00, 0x00, 
0x00, 0x00, 0x00, 0x00, 0x00, 0x00, 0x00, 0x00, 0x00, 0x00, 0x00, 0x00, 0x00, 0x00, 0x00, 0x00, 
0x00, 0x00, 0x00, 0x00, 0x00, 0x00, 0x00, 0x00, 0x00, 0x00, 0x00, 0x00, 0x00, 0x00, 0x00, 0x00, 
0x00, 0x00, 0x00, 0x00, 0x00, 0x00, 0x00, 0x00, 0x00, 0x00, 0x00, 0x00, 0x00, 0x00, 0x00, 0x00, 
0x00, 0x00, 0x00, 0x00, 0x00, 0x00, 0x00, 0x00, 0x00, 0x00, 0x00, 0x00, 0x00, 0x00, 0x00, 0x00, 
0x00, 0xc3, 0x00, 0x86, 0x00, 0xab, 0x00, 0x4d, 0x00, 0xd0, 0x00, 0x10, 0x00, 0x10, 0x00, 0xf0, 
0x00, 0xd0, 0x00, 0xaf, 0x00, 0x8e, 0x00, 0x4e, 0x00, 0x4d, 0x00, 0x4d, 0x00, 0xec, 0x00, 0xcc, 
0x00, 0xab, 0x00, 0x6a, 0x00, 0x29, 0x00, 0x09, 0x00, 0xe8, 0x00, 0xa7, 0x00, 0x86, 0x00, 0x46, 
0x00, 0x25, 0x00, 0x25, 0x00, 0x04, 0x00, 0x04, 0x00, 0xe4, 0x00, 0xe4, 0x00, 0xe4, 0x00, 0xc3, 
0x00, 0xa3, 0x00, 0xa3, 0x00, 0xa3, 0x00, 0xa3, 0x00, 0xa3, 0x00, 0xa3, 0x00, 0xa3, 0x00, 0xa3, 
0x00, 0xa3, 0x00, 0xa3, 0x00, 0xa3, 0x00, 0xa3, 0x00, 0xa3, 0x00, 0xa3, 0x00, 0xa3, 0x00, 0xa3, 
0x00, 0xa3, 0x00, 0xa3, 0x00, 0xa3, 0x00, 0xa3, 0x00, 0xa3, 0x00, 0xa3, 0x00, 0xa3, 0x00, 0xa3, 
0x00, 0xa3, 0x00, 0xa3, 0x00, 0xc3, 0x00, 0xc3, 0x00, 0xc3, 0x00, 0xe4, 0x00, 0xc3, 0x00, 0xe4, 
0x00, 0xe4, 0x00, 0xe4, 0x00, 0xe4, 0x00, 0xe4, 0x00, 0xe4, 0x00, 0xe4, 0x00, 0x04, 0x00, 0x04, 
0x00, 0x04, 0x00, 0x04, 0x00, 0x04, 0x00, 0x04, 0x00, 0x25, 0x00, 0x25, 0x00, 0x25, 0x00, 0x25, 
0x00, 0x25, 0x00, 0x25, 0x00, 0x46, 0x00, 0x25, 0x00, 0x45, 0x00, 0x45, 0x00, 0x45, 0x00, 0x25, 
0x00, 0x25, 0x00, 0x25, 0x00, 0x25, 0x00, 0x45, 0x00, 0x46, 0x00, 0x86, 0x00, 0x86, 0x00, 0xc3, 
0x00, 0x00, 0x00, 0x00, 0x00, 0x00, 0x00, 0x00, 0x00, 0x00, 0x00, 0x00, 0x00, 0x00, 0x00, 0x00, 
0x00, 0x00, 0x00, 0x00, 0x00, 0x00, 0x00, 0x00, 0x00, 0x00, 0x00, 0x00, 0x00, 0x00, 0x00, 0x00, 
0x00, 0x00, 0x00, 0x00, 0x00, 0x00, 0x00, 0x00, 0x00, 0x00, 0x00, 0x00, 0x00, 0x00, 0x00, 0x00, 
0x00, 0x00, 0x00, 0x00, 0x00, 0x00, 0x00, 0x00, 0x00, 0x00, 0x00, 0x00, 0x00, 0x00, 0x00, 0x00, 
0x00, 0x00, 0x00, 0x00, 0x00, 0x00, 0x00, 0x00, 0x00, 0x00, 0x00, 0x00, 0x00, 0x00, 0x00, 0x00, 
0x00, 0x00, 0x00, 0x00, 0x00, 0x00, 0x00, 0x00, 0x00, 0x00, 0x00, 0x00, 0x00, 0x00, 0x00, 0x00, 
0x00, 0x00, 0x00, 0x00, 0x00, 0x00, 0x00, 0x00, 0x00, 0x00, 0x00, 0x00, 0x00, 0x00, 0x00, 0x00, 
0x00, 0x00, 0x00, 0x00, 0x00, 0x00, 0x00, 0x00, 0x00, 0x00, 0x00, 0x00, 0x00, 0x6e, 0x00, 0x86, 
0x00, 0x29, 0x00, 0xcc, 0x00, 0x6e, 0x00, 0xd0, 0x00, 0xf0, 0x00, 0xf0, 0x00, 0xcf, 0x00, 0xaf, 
0x00, 0x8e, 0x00, 0x4d, 0x00, 0x4d, 0x00, 0x0c, 0x00, 0xec, 0x00, 0xab, 0x00, 0x8b, 0x00, 0x6a, 
0x00, 0x29, 0x00, 0xe8, 0x00, 0xc7, 0x00, 0x87, 0x00, 0x66, 0x00, 0x25, 0x00, 0x05, 0x00, 0x04, 
0x00, 0x04, 0x00, 0xe4, 0x00, 0xe4, 0x00, 0xe4, 0x00, 0xc3, 0x00, 0xa3, 0x00, 0xa3, 0x00, 0xa3, 
0x00, 0xa3, 0x00, 0xa3, 0x00, 0xa3, 0x00, 0xa3, 0x00, 0xa3, 0x00, 0xa3, 0x00, 0xa3, 0x00, 0xa3, 
0x00, 0xa3, 0x00, 0xa3, 0x00, 0xa3, 0x00, 0xa3, 0x00, 0xa3, 0x00, 0xa3, 0x00, 0xa3, 0x00, 0xa3, 
0x00, 0xa3, 0x00, 0xa3, 0x00, 0xa3, 0x00, 0xa3, 0x00, 0xa3, 0x00, 0xa3, 0x00, 0xa3, 0x00, 0xa3, 
0x00, 0xa3, 0x00, 0xa3, 0x00, 0xc3, 0x00, 0xa3, 0x00, 0xa3, 0x00, 0xc3, 0x00, 0xc3, 0x00, 0xc3, 
0x00, 0xe4, 0x00, 0xe4, 0x00, 0xe4, 0x00, 0xe4, 0x00, 0xe4, 0x00, 0xe4, 0x00, 0xe4, 0x00, 0x04, 
0x00, 0x04, 0x00, 0x04, 0x00, 0x25, 0x00, 0x25, 0x00, 0x25, 0x00, 0x25, 0x00, 0x25, 0x00, 0x25, 
0x00, 0x25, 0x00, 0x25, 0x00, 0x46, 0x00, 0x46, 0x00, 0x46, 0x00, 0x46, 0x00, 0x45, 0x00, 0x25, 
0x00, 0x25, 0x00, 0x25, 0x00, 0x25, 0x00, 0x25, 0x00, 0x25, 0x00, 0x46, 0x00, 0x86, 0x00, 0xa7, 
0x00, 0x86, 0x00, 0x41, 0x00, 0x00, 0x00, 0x00, 0x00, 0x00, 0x00, 0x00, 0x00, 0x00, 0x00, 0x00, 
0x00, 0x00, 0x00, 0x00, 0x00, 0x00, 0x00, 0x00, 0x00, 0x00, 0x00, 0x00, 0x00, 0x00, 0x00, 0x00, 
0x00, 0x00, 0x00, 0x00, 0x00, 0x00, 0x00, 0x00, 0x00, 0x00, 0x00, 0x00, 0x00, 0x00, 0x00, 0x00, 
0x00, 0x00, 0x00, 0x00, 0x00, 0x00, 0x00, 0x00, 0x00, 0x00, 0x00, 0x00, 0x00, 0x00, 0x00, 0x00, 
0x00, 0x00, 0x00, 0x00, 0x00, 0x00, 0x00, 0x00, 0x00, 0x00, 0x00, 0x00, 0x00, 0x00, 0x00, 0x00, 
0x00, 0x00, 0x00, 0x00, 0x00, 0x00, 0x00, 0x00, 0x00, 0x00, 0x00, 0x00, 0x00, 0x00, 0x00, 0x00, 
0x00, 0x00, 0x00, 0x00, 0x00, 0x00, 0x00, 0x00, 0x00, 0x00, 0x00, 0x00, 0x00, 0x00, 0x00, 0x00, 
0x00, 0x00, 0x00, 0x00, 0x00, 0x00, 0x00, 0x00, 0x00, 0x00, 0x00, 0x24, 0x00, 0xc7, 0x00, 0x6a, 
0x00, 0x0c, 0x00, 0x6e, 0x00, 0xcf, 0x00, 0xd0, 0x00, 0xaf, 0x00, 0x8f, 0x00, 0x8e, 0x00, 0x4d, 
0x00, 0x2d, 0x00, 0x0c, 0x00, 0xcc, 0x00, 0xab, 0x00, 0x6a, 0x00, 0x29, 0x00, 0x09, 0x00, 0xe8, 
0x00, 0xa7, 0x00, 0x66, 0x00, 0x45, 0x00, 0x25, 0x00, 0x04, 0x00, 0xe4, 0x00, 0xe4, 0x00, 0xe4, 
0x00, 0xc3, 0x00, 0xc3, 0x00, 0xa3, 0x00, 0xa3, 0x00, 0xa3, 0x00, 0xa3, 0x00, 0xa3, 0x00, 0x83, 
0x00, 0x82, 0x00, 0x82, 0x00, 0x83, 0x00, 0x83, 0x00, 0xa3, 0x00, 0x83, 0x00, 0xa3, 0x00, 0x83, 
0x00, 0x83, 0x00, 0xa3, 0x00, 0xa3, 0x00, 0xa3, 0x00, 0xa3, 0x00, 0xa3, 0x00, 0xa3, 0x00, 0xa3, 
0x00, 0xa3, 0x00, 0xa3, 0x00, 0xa3, 0x00, 0xa3, 0x00, 0xa3, 0x00, 0xa3, 0x00, 0xa3, 0x00, 0xa3, 
0x00, 0xa3, 0x00, 0xa3, 0x00, 0xa3, 0x00, 0xa3, 0x00, 0xc3, 0x00, 0xc3, 0x00, 0xc3, 0x00, 0xc3, 
0x00, 0xc3, 0x00, 0xc3, 0x00, 0xe4, 0x00, 0xe4, 0x00, 0xe4, 0x00, 0xe4, 0x00, 0xe4, 0x00, 0xe4, 
0x00, 0xe4, 0x00, 0x04, 0x00, 0x04, 0x00, 0x04, 0x00, 0x25, 0x00, 0x25, 0x00, 0x25, 0x00, 0x25, 
0x00, 0x25, 0x00, 0x25, 0x00, 0x45, 0x00, 0x25, 0x00, 0x46, 0x00, 0x46, 0x00, 0x46, 0x00, 0x45, 
0x00, 0x25, 0x00, 0x45, 0x00, 0x45, 0x00, 0x25, 0x00, 0x25, 0x00, 0x25, 0x00, 0x45, 0x00, 0x46, 
0x00, 0x87, 0x00, 0xa7, 0x00, 0x24, 0x00, 0x00, 0x00, 0x00, 0x00, 0x00, 0x00, 0x00, 0x00, 0x00, 
0x00, 0x00, 0x00, 0x00, 0x00, 0x00, 0x00, 0x00, 0x00, 0x00, 0x00, 0x00, 0x00, 0x00, 0x00, 0x00, 
0x00, 0x00, 0x00, 0x00, 0x00, 0x00, 0x00, 0x00, 0x00, 0x00, 0x00, 0x00, 0x00, 0x00, 0x00, 0x00, 
0x00, 0x00, 0x00, 0x00, 0x00, 0x00, 0x00, 0x00, 0x00, 0x00, 0x00, 0x00, 0x00, 0x00, 0x00, 0x00, 
0x00, 0x00, 0x00, 0x00, 0x00, 0x00, 0x00, 0x00, 0x00, 0x00, 0x00, 0x00, 0x00, 0x00, 0x00, 0x00, 
0x00, 0x00, 0x00, 0x00, 0x00, 0x00, 0x00, 0x00, 0x00, 0x00, 0x00, 0x00, 0x00, 0x00, 0x00, 0x00, 
0x00, 0x00, 0x00, 0x00, 0x00, 0x00, 0x00, 0x00, 0x00, 0x00, 0x00, 0x00, 0x00, 0x00, 0x00, 0x00, 
0x00, 0x00, 0x00, 0x00, 0x00, 0x00, 0x00, 0xa2, 0x00, 0xa7, 0x00, 0xc8, 0x00, 0x4a, 0x00, 0x0c, 
0x00, 0x6e, 0x00, 0xaf, 0x00, 0xaf, 0x00, 0x8e, 0x00, 0x6e, 0x00, 0x4d, 0x00, 0x0d, 0x00, 0xec, 
0x00, 0xab, 0x00, 0x8b, 0x00, 0x6a, 0x00, 0x29, 0x00, 0xe8, 0x00, 0xc7, 0x00, 0x86, 0x00, 0x66, 
0x00, 0x45, 0x00, 0x04, 0x00, 0x04, 0x00, 0xe4, 0x00, 0xe4, 0x00, 0xc3, 0x00, 0xa3, 0x00, 0xa3, 
0x00, 0xa3, 0x00, 0xa3, 0x00, 0xa3, 0x00, 0x83, 0x00, 0x82, 0x00, 0x82, 0x00, 0x82, 0x00, 0x82, 
0x00, 0x82, 0x00, 0x82, 0x00, 0x82, 0x00, 0x82, 0x00, 0x82, 0x00, 0x82, 0x00, 0x83, 0x00, 0x82, 
0x00, 0x83, 0x00, 0x83, 0x00, 0xa3, 0x00, 0xa3, 0x00, 0xa3, 0x00, 0xa3, 0x00, 0xa3, 0x00, 0xa3, 
0x00, 0xa3, 0x00, 0xa3, 0x00, 0xa3, 0x00, 0xa3, 0x00, 0xa3, 0x00, 0xa3, 0x00, 0xa3, 0x00, 0xa3, 
0x00, 0xa3, 0x00, 0xa3, 0x00, 0xc3, 0x00, 0xa3, 0x00, 0xa3, 0x00, 0xa3, 0x00, 0xa3, 0x00, 0xc3, 
0x00, 0xc3, 0x00, 0xc3, 0x00, 0xe4, 0x00, 0xc3, 0x00, 0xe4, 0x00, 0xe4, 0x00, 0xe4, 0x00, 0xe4, 
0x00, 0xe4, 0x00, 0xe4, 0x00, 0x04, 0x00, 0x04, 0x00, 0x04, 0x00, 0x25, 0x00, 0x04, 0x00, 0x25, 
0x00, 0x25, 0x00, 0x25, 0x00, 0x25, 0x00, 0x25, 0x00, 0x25, 0x00, 0x45, 0x00, 0x46, 0x00, 0x46, 
0x00, 0x46, 0x00, 0x45, 0x00, 0x45, 0x00, 0x45, 0x00, 0x25, 0x00, 0x25, 0x00, 0x25, 0x00, 0x25, 
0x00, 0x46, 0x00, 0x66, 0x00, 0xa7, 0x00, 0xa7, 0x00, 0xa2, 0x00, 0x00, 0x00, 0x00, 0x00, 0x00, 
0x00, 0x00, 0x00, 0x00, 0x00, 0x00, 0x00, 0x00, 0x00, 0x00, 0x00, 0x00, 0x00, 0x00, 0x00, 0x00, 
0x00, 0x00, 0x00, 0x00, 0x00, 0x00, 0x00, 0x00, 0x00, 0x00, 0x00, 0x00, 0x00, 0x00, 0x00, 0x00, 
0x00, 0x00, 0x00, 0x00, 0x00, 0x00, 0x00, 0x00, 0x00, 0x00, 0x00, 0x00, 0x00, 0x00, 0x00, 0x00, 
0x00, 0x00, 0x00, 0x00, 0x00, 0x00, 0x00, 0x00, 0x00, 0x00, 0x00, 0x00, 0x00, 0x00, 0x00, 0x00, 
0x00, 0x00, 0x00, 0x00, 0x00, 0x00, 0x00, 0x00, 0x00, 0x00, 0x00, 0x00, 0x00, 0x00, 0x00, 0x00, 
0x00, 0x00, 0x00, 0x00, 0x00, 0x00, 0x00, 0x00, 0x00, 0x00, 0x00, 0x00, 0x00, 0x00, 0x00, 0x00, 
0x00, 0x00, 0x00, 0x00, 0x00, 0x65, 0x00, 0x86, 0x00, 0xc8, 0x00, 0x49, 0x00, 0xec, 0x00, 0x4d, 
0x00, 0x8e, 0x00, 0x6e, 0x00, 0x4e, 0x00, 0x4d, 0x00, 0x0c, 0x00, 0xec, 0x00, 0xab, 0x00, 0x8a, 
0x00, 0x29, 0x00, 0x09, 0x00, 0xe8, 0x00, 0xa7, 0x00, 0x66, 0x00, 0x45, 0x00, 0x25, 0x00, 0x04, 
0x00, 0xe4, 0x00, 0xe4, 0x00, 0xe4, 0x00, 0xc3, 0x00, 0xa3, 0x00, 0xa3, 0x00, 0xa3, 0x00, 0x82, 
0x00, 0x82, 0x00, 0x83, 0x00, 0x82, 0x00, 0x82, 0x00, 0x82, 0x00, 0x82, 0x00, 0x82, 0x00, 0x82, 
0x00, 0x82, 0x00, 0x82, 0x00, 0x82, 0x00, 0x82, 0x00, 0x82, 0x00, 0x82, 0x00, 0x82, 0x00, 0x82, 
0x00, 0x82, 0x00, 0x82, 0x00, 0x82, 0x00, 0xa3, 0x00, 0x83, 0x00, 0xa3, 0x00, 0xa3, 0x00, 0xa3, 
0x00, 0xa3, 0x00, 0xa3, 0x00, 0xa3, 0x00, 0xa3, 0x00, 0xa3, 0x00, 0xa3, 0x00, 0xa3, 0x00, 0xa3, 
0x00, 0xa3, 0x00, 0xa3, 0x00, 0xa3, 0x00, 0xa3, 0x00, 0xc3, 0x00, 0xa3, 0x00, 0xa3, 0x00, 0xc3, 
0x00, 0xa3, 0x00, 0xc3, 0x00, 0xc3, 0x00, 0xc3, 0x00, 0xc3, 0x00, 0xe4, 0x00, 0xe4, 0x00, 0xe4, 
0x00, 0xe4, 0x00, 0xe4, 0x00, 0x04, 0x00, 0x04, 0x00, 0x04, 0x00, 0x25, 0x00, 0x25, 0x00, 0x25, 
0x00, 0x25, 0x00, 0x25, 0x00, 0x25, 0x00, 0x25, 0x00, 0x45, 0x00, 0x46, 0x00, 0x46, 0x00, 0x46, 
0x00, 0x46, 0x00, 0x46, 0x00, 0x46, 0x00, 0x46, 0x00, 0x45, 0x00, 0x25, 0x00, 0x25, 0x00, 0x25, 
0x00, 0x25, 0x00, 0x45, 0x00, 0x46, 0x00, 0x86, 0x00, 0xa7, 0x00, 0x04, 0x00, 0x00, 0x00, 0x00, 
0x00, 0x00, 0x00, 0x00, 0x00, 0x00, 0x00, 0x00, 0x00, 0x00, 0x00, 0x00, 0x00, 0x00, 0x00, 0x00, 
0x00, 0x00, 0x00, 0x00, 0x00, 0x00, 0x00, 0x00, 0x00, 0x00, 0x00, 0x00, 0x00, 0x00, 0x00, 0x00, 
0x00, 0x00, 0x00, 0x00, 0x00, 0x00, 0x00, 0x00, 0x00, 0x00, 0x00, 0x00, 0x00, 0x00, 0x00, 0x00, 
0x00, 0x00, 0x00, 0x00, 0x00, 0x00, 0x00, 0x00, 0x00, 0x00, 0x00, 0x00, 0x00, 0x00, 0x00, 0x00, 
0x00, 0x00, 0x00, 0x00, 0x00, 0x00, 0x00, 0x00, 0x00, 0x00, 0x00, 0x00, 0x00, 0x00, 0x00, 0x00, 
0x00, 0x00, 0x00, 0x00, 0x00, 0x00, 0x00, 0x00, 0x00, 0x00, 0x00, 0x00, 0x00, 0x00, 0x00, 0x00, 
0x00, 0x00, 0x00, 0x66, 0x00, 0x66, 0x00, 0xc7, 0x00, 0x09, 0x00, 0xab, 0x00, 0x0c, 0x00, 0x4d, 
0x00, 0x4d, 0x00, 0x2d, 0x00, 0xec, 0x00, 0xcb, 0x00, 0x8b, 0x00, 0x6a, 0x00, 0x49, 0x00, 0x08, 
0x00, 0xc7, 0x00, 0x87, 0x00, 0x66, 0x00, 0x45, 0x00, 0x25, 0x00, 0x04, 0x00, 0xe4, 0x00, 0xe4, 
0x00, 0xc3, 0x00, 0xa3, 0x00, 0xa3, 0x00, 0xa3, 0x00, 0x83, 0x00, 0x82, 0x00, 0x82, 0x00, 0x82, 
0x00, 0x82, 0x00, 0x82, 0x00, 0x82, 0x00, 0x82, 0x00, 0x82, 0x00, 0x82, 0x00, 0x82, 0x00, 0x82, 
0x00, 0x82, 0x00, 0x82, 0x00, 0x82, 0x00, 0x82, 0x00, 0x82, 0x00, 0x82, 0x00, 0x82, 0x00, 0x82, 
0x00, 0x82, 0x00, 0x82, 0x00, 0x83, 0x00, 0x83, 0x00, 0xa3, 0x00, 0xa3, 0x00, 0xa3, 0x00, 0xa3, 
0x00, 0xa3, 0x00, 0xa3, 0x00, 0xa3, 0x00, 0xa3, 0x00, 0xa3, 0x00, 0xa3, 0x00, 0xa3, 0x00, 0xa3, 
0x00, 0xa3, 0x00, 0xa3, 0x00, 0xa3, 0x00, 0xa3, 0x00, 0xa3, 0x00, 0xa3, 0x00, 0xa3, 0x00, 0xc3, 
0x00, 0xc3, 0x00, 0xc3, 0x00, 0xc3, 0x00, 0xc3, 0x00, 0xc3, 0x00, 0xc3, 0x00, 0xc3, 0x00, 0xe4, 
0x00, 0xe4, 0x00, 0xe4, 0x00, 0xe4, 0x00, 0xe4, 0x00, 0x04, 0x00, 0x04, 0x00, 0x04, 0x00, 0x04, 
0x00, 0x25, 0x00, 0x25, 0x00, 0x25, 0x00, 0x25, 0x00, 0x45, 0x00, 0x46, 0x00, 0x46, 0x00, 0x46, 
0x00, 0x46, 0x00, 0x46, 0x00, 0x46, 0x00, 0x46, 0x00, 0x46, 0x00, 0x45, 0x00, 0x25, 0x00, 0x25, 
0x00, 0x25, 0x00, 0x25, 0x00, 0x25, 0x00, 0x46, 0x00, 0x66, 0x00, 0xa7, 0x00, 0x86, 0x00, 0x00, 
0x00, 0x00, 0x00, 0x00, 0x00, 0x00, 0x00, 0x00, 0x00, 0x00, 0x00, 0x00, 0x00, 0x00, 0x00, 0x00, 
0x00, 0x00, 0x00, 0x00, 0x00, 0x00, 0x00, 0x00, 0x00, 0x00, 0x00, 0x00, 0x00, 0x00, 0x00, 0x00, 
0x00, 0x00, 0x00, 0x00, 0x00, 0x00, 0x00, 0x00, 0x00, 0x00, 0x00, 0x00, 0x00, 0x00, 0x00, 0x00, 
0x00, 0x00, 0x00, 0x00, 0x00, 0x00, 0x00, 0x00, 0x00, 0x00, 0x00, 0x00, 0x00, 0x00, 0x00, 0x00, 
0x00, 0x00, 0x00, 0x00, 0x00, 0x00, 0x00, 0x00, 0x00, 0x00, 0x00, 0x00, 0x00, 0x00, 0x00, 0x00, 
0x00, 0x00, 0x00, 0x00, 0x00, 0x00, 0x00, 0x00, 0x00, 0x00, 0x00, 0x00, 0x00, 0x00, 0x00, 0x45, 
0x00, 0x66, 0x00, 0x46, 0x00, 0x87, 0x00, 0xc8, 0x00, 0x4a, 0x00, 0xab, 0x00, 0xcc, 0x00, 0xec, 
0x00, 0xcc, 0x00, 0xab, 0x00, 0x8a, 0x00, 0x49, 0x00, 0x09, 0x00, 0xe8, 0x00, 0xa7, 0x00, 0x66, 
0x00, 0x45, 0x00, 0x25, 0x00, 0x04, 0x00, 0xe4, 0x00, 0xe4, 0x00, 0xc3, 0x00, 0xa3, 0x00, 0xa3, 
0x00, 0xa3, 0x00, 0xa3, 0x00, 0x82, 0x00, 0x82, 0x00, 0x82, 0x00, 0x82, 0x00, 0x82, 0x00, 0x82, 
0x00, 0x82, 0x00, 0x82, 0x00, 0x82, 0x00, 0x82, 0x00, 0x82, 0x00, 0x82, 0x00, 0x82, 0x00, 0x82, 
0x00, 0x82, 0x00, 0x82, 0x00, 0x82, 0x00, 0x82, 0x00, 0x82, 0x00, 0x82, 0x00, 0x82, 0x00, 0x82, 
0x00, 0x82, 0x00, 0x82, 0x00, 0x82, 0x00, 0x82, 0x00, 0xa3, 0x00, 0xa3, 0x00, 0xa3, 0x00, 0xa3, 
0x00, 0xa3, 0x00, 0xa3, 0x00, 0xa3, 0x00, 0xa3, 0x00, 0xa3, 0x00, 0xa3, 0x00, 0xa3, 0x00, 0xa3, 
0x00, 0xa3, 0x00, 0xa3, 0x00, 0xa3, 0x00, 0xa3, 0x00, 0xa3, 0x00, 0xa3, 0x00, 0xa3, 0x00, 0xc3, 
0x00, 0xa3, 0x00, 0xa3, 0x00, 0xa3, 0x00, 0xa3, 0x00, 0xc3, 0x00, 0xc3, 0x00, 0xc3, 0x00, 0xc3, 
0x00, 0xe4, 0x00, 0xe4, 0x00, 0xe4, 0x00, 0xe4, 0x00, 0xe4, 0x00, 0xe4, 0x00, 0x04, 0x00, 0x04, 
0x00, 0x04, 0x00, 0x25, 0x00, 0x25, 0x00, 0x25, 0x00, 0x45, 0x00, 0x45, 0x00, 0x45, 0x00, 0x45, 
0x00, 0x46, 0x00, 0x46, 0x00, 0x46, 0x00, 0x46, 0x00, 0x46, 0x00, 0x46, 0x00, 0x45, 0x00, 0x45, 
0x00, 0x25, 0x00, 0x25, 0x00, 0x25, 0x00, 0x25, 0x00, 0x46, 0x00, 0x66, 0x00, 0x87, 0x00, 0xa7, 
0x00, 0xa2, 0x00, 0x00, 0x00, 0x00, 0x00, 0x00, 0x00, 0x00, 0x00, 0x00, 0x00, 0x00, 0x00, 0x00, 
0x00, 0x00, 0x00, 0x00, 0x00, 0x00, 0x00, 0x00, 0x00, 0x00, 0x00, 0x00, 0x00, 0x00, 0x00, 0x00, 
0x00, 0x00, 0x00, 0x00, 0x00, 0x00, 0x00, 0x00, 0x00, 0x00, 0x00, 0x00, 0x00, 0x00, 0x00, 0x00, 
0x00, 0x00, 0x00, 0x00, 0x00, 0x00, 0x00, 0x00, 0x00, 0x00, 0x00, 0x00, 0x00, 0x00, 0x00, 0x00, 
0x00, 0x00, 0x00, 0x00, 0x00, 0x00, 0x00, 0x00, 0x00, 0x00, 0x00, 0x00, 0x00, 0x00, 0x00, 0x00, 
0x00, 0x00, 0x00, 0x00, 0x00, 0x00, 0x00, 0x00, 0x00, 0x00, 0x00, 0x00, 0x00, 0x24, 0x00, 0x25, 
0x00, 0x25, 0x00, 0x66, 0x00, 0x87, 0x00, 0xc8, 0x00, 0x29, 0x00, 0x49, 0x00, 0x6a, 0x00, 0x6a, 
0x00, 0x49, 0x00, 0x09, 0x00, 0x08, 0x00, 0xc7, 0x00, 0x87, 0x00, 0x66, 0x00, 0x45, 0x00, 0x25, 
0x00, 0x04, 0x00, 0xe4, 0x00, 0xc3, 0x00, 0xc3, 0x00, 0xa3, 0x00, 0xa3, 0x00, 0xa3, 0x00, 0x82, 
0x00, 0x82, 0x00, 0x82, 0x00, 0x82, 0x00, 0x82, 0x00, 0x82, 0x00, 0x82, 0x00, 0x82, 0x00, 0x82, 
0x00, 0x82, 0x00, 0x82, 0x00, 0x82, 0x00, 0x82, 0x00, 0x82, 0x00, 0x82, 0x00, 0x82, 0x00, 0x82, 
0x00, 0x82, 0x00, 0x82, 0x00, 0x82, 0x00, 0x82, 0x00, 0x82, 0x00, 0x82, 0x00, 0x82, 0x00, 0x82, 
0x00, 0x82, 0x00, 0x82, 0x00, 0x82, 0x00, 0x82, 0x00, 0xa3, 0x00, 0xa3, 0x00, 0xa3, 0x00, 0xa3, 
0x00, 0xa3, 0x00, 0xa3, 0x00, 0xa3, 0x00, 0xa3, 0x00, 0xa3, 0x00, 0xa3, 0x00, 0xa3, 0x00, 0xa3, 
0x00, 0xa3, 0x00, 0xa3, 0x00, 0xa3, 0x00, 0xa3, 0x00, 0xa3, 0x00, 0xa3, 0x00, 0xa3, 0x00, 0xa3, 
0x00, 0xa3, 0x00, 0xa3, 0x00, 0xa3, 0x00, 0xa3, 0x00, 0xc3, 0x00, 0xc3, 0x00, 0xc3, 0x00, 0xa3, 
0x00, 0xc3, 0x00, 0xc3, 0x00, 0xe4, 0x00, 0xe4, 0x00, 0xe4, 0x00, 0xe4, 0x00, 0xe4, 0x00, 0x04, 
0x00, 0x04, 0x00, 0x25, 0x00, 0x25, 0x00, 0x25, 0x00, 0x25, 0x00, 0x45, 0x00, 0x45, 0x00, 0x45, 
0x00, 0x46, 0x00, 0x46, 0x00, 0x46, 0x00, 0x46, 0x00, 0x46, 0x00, 0x46, 0x00, 0x46, 0x00, 0x46, 
0x00, 0x25, 0x00, 0x25, 0x00, 0x25, 0x00, 0x25, 0x00, 0x45, 0x00, 0x46, 0x00, 0x66, 0x00, 0x86, 
0x00, 0xc7, 0x00, 0x24, 0x00, 0x00, 0x00, 0x00, 0x00, 0x00, 0x00, 0x00, 0x00, 0x00, 0x00, 0x00, 
0x00, 0x00, 0x00, 0x00, 0x00, 0x00, 0x00, 0x00, 0x00, 0x00, 0x00, 0x00, 0x00, 0x00, 0x00, 0x00, 
0x00, 0x00, 0x00, 0x00, 0x00, 0x00, 0x00, 0x00, 0x00, 0x00, 0x00, 0x00, 0x00, 0x00, 0x00, 0x00, 
0x00, 0x00, 0x00, 0x00, 0x00, 0x00, 0x00, 0x00, 0x00, 0x00, 0x00, 0x00, 0x00, 0x00, 0x00, 0x00, 
0x00, 0x00, 0x00, 0x00, 0x00, 0x00, 0x00, 0x00, 0x00, 0x00, 0x00, 0x00, 0x00, 0x00, 0x00, 0x00, 
0x00, 0x00, 0x00, 0x00, 0x00, 0x00, 0x00, 0x00, 0x00, 0x20, 0x00, 0x45, 0x00, 0x04, 0x00, 0x04, 
0x00, 0x25, 0x00, 0x46, 0x00, 0x86, 0x00, 0xa7, 0x00, 0xa7, 0x00, 0xc8, 0x00, 0xc8, 0x00, 0xc8, 
0x00, 0xa7, 0x00, 0x86, 0x00, 0x66, 0x00, 0x45, 0x00, 0x25, 0x00, 0x04, 0x00, 0xe4, 0x00, 0xe4, 
0x00, 0xc3, 0x00, 0xa3, 0x00, 0xa3, 0x00, 0xa3, 0x00, 0x82, 0x00, 0x82, 0x00, 0x82, 0x00, 0x82, 
0x00, 0x82, 0x00, 0x82, 0x00, 0x82, 0x00, 0x82, 0x00, 0x82, 0x00, 0x82, 0x00, 0x82, 0x00, 0x82, 
0x00, 0x82, 0x00, 0x82, 0x00, 0x82, 0x00, 0x82, 0x00, 0x82, 0x00, 0x82, 0x00, 0x82, 0x00, 0x82, 
0x00, 0x82, 0x00, 0x82, 0x00, 0x82, 0x00, 0x82, 0x00, 0x82, 0x00, 0x82, 0x00, 0x82, 0x00, 0x82, 
0x00, 0x82, 0x00, 0x82, 0x00, 0x83, 0x00, 0xa3, 0x00, 0xa3, 0x00, 0xa3, 0x00, 0xa3, 0x00, 0xa3, 
0x00, 0xa3, 0x00, 0xa3, 0x00, 0xa3, 0x00, 0xa3, 0x00, 0xa3, 0x00, 0xa3, 0x00, 0xa3, 0x00, 0xa3, 
0x00, 0xa3, 0x00, 0xa3, 0x00, 0xa3, 0x00, 0xa3, 0x00, 0xa3, 0x00, 0xa3, 0x00, 0xa3, 0x00, 0xa3, 
0x00, 0xa3, 0x00, 0xa3, 0x00, 0xa3, 0x00, 0xa3, 0x00, 0xc3, 0x00, 0xc3, 0x00, 0xc3, 0x00, 0xc3, 
0x00, 0xe3, 0x00, 0xc3, 0x00, 0xc3, 0x00, 0xe4, 0x00, 0xe4, 0x00, 0xe4, 0x00, 0xe4, 0x00, 0xe4, 
0x00, 0x04, 0x00, 0x04, 0x00, 0x04, 0x00, 0x25, 0x00, 0x25, 0x00, 0x25, 0x00, 0x45, 0x00, 0x45, 
0x00, 0x45, 0x00, 0x46, 0x00, 0x46, 0x00, 0x46, 0x00, 0x46, 0x00, 0x46, 0x00, 0x46, 0x00, 0x46, 
0x00, 0x46, 0x00, 0x45, 0x00, 0x25, 0x00, 0x25, 0x00, 0x25, 0x00, 0x45, 0x00, 0x46, 0x00, 0x66, 
0x00, 0x86, 0x00, 0xc7, 0x00, 0x65, 0x00, 0x20, 0x00, 0x00, 0x00, 0x00, 0x00, 0x00, 0x00, 0x00, 
0x00, 0x00, 0x00, 0x00, 0x00, 0x00, 0x00, 0x00, 0x00, 0x00, 0x00, 0x00, 0x00, 0x00, 0x00, 0x00, 
0x00, 0x00, 0x00, 0x00, 0x00, 0x00, 0x00, 0x00, 0x00, 0x00, 0x00, 0x00, 0x00, 0x00, 0x00, 0x00, 
0x00, 0x00, 0x00, 0x00, 0x00, 0x00, 0x00, 0x00, 0x00, 0x00, 0x00, 0x00, 0x00, 0x00, 0x00, 0x00, 
0x00, 0x00, 0x00, 0x00, 0x00, 0x00, 0x00, 0x00, 0x00, 0x00, 0x00, 0x00, 0x00, 0x00, 0x00, 0x00, 
0x00, 0x00, 0x00, 0x00, 0x00, 0x00, 0x00, 0x41, 0x00, 0x24, 0x00, 0x04, 0x00, 0x25, 0x00, 0x25, 
0x00, 0x25, 0x00, 0x45, 0x00, 0x46, 0x00, 0x46, 0x00, 0x46, 0x00, 0x66, 0x00, 0x46, 0x00, 0x45, 
0x00, 0x25, 0x00, 0x04, 0x00, 0x04, 0x00, 0xe4, 0x00, 0xe4, 0x00, 0xc3, 0x00, 0xa3, 0x00, 0xa3, 
0x00, 0xa3, 0x00, 0xa3, 0x00, 0x82, 0x00, 0x82, 0x00, 0x82, 0x00, 0x82, 0x00, 0x82, 0x00, 0x82, 
0x00, 0x82, 0x00, 0x82, 0x00, 0x62, 0x00, 0x82, 0x00, 0x82, 0x00, 0x82, 0x00, 0x82, 0x00, 0x82, 
0x00, 0x82, 0x00, 0x82, 0x00, 0x82, 0x00, 0x82, 0x00, 0x82, 0x00, 0x82, 0x00, 0x82, 0x00, 0x82, 
0x00, 0x82, 0x00, 0x82, 0x00, 0x82, 0x00, 0x82, 0x00, 0x82, 0x00, 0x82, 0x00, 0x82, 0x00, 0x82, 
0x00, 0x82, 0x00, 0x83, 0x00, 0x82, 0x00, 0xa3, 0x00, 0xa3, 0x00, 0xa3, 0x00, 0xa3, 0x00, 0xa3, 
0x00, 0xa3, 0x00, 0xa3, 0x00, 0xa3, 0x00, 0xa3, 0x00, 0xa3, 0x00, 0xa3, 0x00, 0xa3, 0x00, 0xa3, 
0x00, 0xa3, 0x00, 0xa3, 0x00, 0xa3, 0x00, 0xa3, 0x00, 0xa3, 0x00, 0xa3, 0x00, 0xa3, 0x00, 0xa3, 
0x00, 0xa3, 0x00, 0xa3, 0x00, 0xc3, 0x00, 0xc3, 0x00, 0xa3, 0x00, 0xa3, 0x00, 0xa3, 0x00, 0xc3, 
0x00, 0xc3, 0x00, 0xc3, 0x00, 0xc4, 0x00, 0xc3, 0x00, 0xe4, 0x00, 0xe4, 0x00, 0xe4, 0x00, 0xe4, 
0x00, 0x04, 0x00, 0x04, 0x00, 0x04, 0x00, 0x04, 0x00, 0x25, 0x00, 0x25, 0x00, 0x45, 0x00, 0x45, 
0x00, 0x46, 0x00, 0x46, 0x00, 0x46, 0x00, 0x46, 0x00, 0x46, 0x00, 0x46, 0x00, 0x46, 0x00, 0x46, 
0x00, 0x46, 0x00, 0x46, 0x00, 0x25, 0x00, 0x25, 0x00, 0x25, 0x00, 0x25, 0x00, 0x46, 0x00, 0x66, 
0x00, 0x86, 0x00, 0x86, 0x00, 0xa7, 0x00, 0x86, 0x00, 0x41, 0x00, 0x00, 0x00, 0x00, 0x00, 0x00, 
0x00, 0x00, 0x00, 0x00, 0x00, 0x00, 0x00, 0x00, 0x00, 0x00, 0x00, 0x00, 0x00, 0x00, 0x00, 0x00, 
0x00, 0x00, 0x00, 0x00, 0x00, 0x00, 0x00, 0x00, 0x00, 0x00, 0x00, 0x00, 0x00, 0x00, 0x00, 0x00, 
0x00, 0x00, 0x00, 0x00, 0x00, 0x00, 0x00, 0x00, 0x00, 0x00, 0x00, 0x00, 0x00, 0x00, 0x00, 0x00, 
0x00, 0x00, 0x00, 0x00, 0x00, 0x00, 0x00, 0x00, 0x00, 0x00, 0x00, 0x00, 0x00, 0x00, 0x00, 0x00, 
0x00, 0x00, 0x00, 0x00, 0x00, 0x20, 0x00, 0x04, 0x00, 0xe4, 0x00, 0x04, 0x00, 0x25, 0x00, 0x25, 
0x00, 0x04, 0x00, 0x04, 0x00, 0x04, 0x00, 0x04, 0x00, 0x04, 0x00, 0x04, 0x00, 0x04, 0x00, 0x04, 
0x00, 0xe4, 0x00, 0xe4, 0x00, 0xc4, 0x00, 0xa3, 0x00, 0xa3, 0x00, 0xa3, 0x00, 0x83, 0x00, 0x82, 
0x00, 0x82, 0x00, 0x82, 0x00, 0x82, 0x00, 0x82, 0x00, 0x82, 0x00, 0x82, 0x00, 0x62, 0x00, 0x82, 
0x00, 0x82, 0x00, 0x62, 0x00, 0x62, 0x00, 0x62, 0x00, 0x62, 0x00, 0x62, 0x00, 0x62, 0x00, 0x62, 
0x00, 0x62, 0x00, 0x82, 0x00, 0x82, 0x00, 0x82, 0x00, 0x82, 0x00, 0x82, 0x00, 0x82, 0x00, 0x82, 
0x00, 0x82, 0x00, 0x82, 0x00, 0x82, 0x00, 0x82, 0x00, 0x82, 0x00, 0x82, 0x00, 0x82, 0x00, 0x82, 
0x00, 0x82, 0x00, 0xa3, 0x00, 0xa3, 0x00, 0xa3, 0x00, 0xa3, 0x00, 0xa3, 0x00, 0xa3, 0x00, 0xa3, 
0x00, 0xa3, 0x00, 0xa3, 0x00, 0xa3, 0x00, 0xa3, 0x00, 0xa3, 0x00, 0xa3, 0x00, 0xa3, 0x00, 0xa3, 
0x00, 0xa3, 0x00, 0xa3, 0x00, 0xa3, 0x00, 0xa3, 0x00, 0xa3, 0x00, 0xa3, 0x00, 0xa3, 0x00, 0xa3, 
0x00, 0xa3, 0x00, 0xa3, 0x00, 0xa3, 0x00, 0xa3, 0x00, 0xa3, 0x00, 0xc3, 0x00, 0xa3, 0x00, 0xa3, 
0x00, 0xa3, 0x00, 0xc3, 0x00, 0xc3, 0x00, 0xc3, 0x00, 0xc3, 0x00, 0xe4, 0x00, 0xe4, 0x00, 0xe4, 
0x00, 0xe4, 0x00, 0x04, 0x00, 0x04, 0x00, 0x04, 0x00, 0x04, 0x00, 0x25, 0x00, 0x25, 0x00, 0x25, 
0x00, 0x46, 0x00, 0x46, 0x00, 0x46, 0x00, 0x46, 0x00, 0x46, 0x00, 0x46, 0x00, 0x46, 0x00, 0x46, 
0x00, 0x46, 0x00, 0x46, 0x00, 0x46, 0x00, 0x25, 0x00, 0x25, 0x00, 0x25, 0x00, 0x45, 0x00, 0x46, 
0x00, 0x66, 0x00, 0x86, 0x00, 0x86, 0x00, 0xa7, 0x00, 0x45, 0x00, 0x20, 0x00, 0x00, 0x00, 0x00, 
0x00, 0x00, 0x00, 0x00, 0x00, 0x00, 0x00, 0x00, 0x00, 0x00, 0x00, 0x00, 0x00, 0x00, 0x00, 0x00, 
0x00, 0x00, 0x00, 0x00, 0x00, 0x00, 0x00, 0x00, 0x00, 0x00, 0x00, 0x00, 0x00, 0x00, 0x00, 0x00, 
0x00, 0x00, 0x00, 0x00, 0x00, 0x00, 0x00, 0x00, 0x00, 0x00, 0x00, 0x00, 0x00, 0x00, 0x00, 0x00, 
0x00, 0x00, 0x00, 0x00, 0x00, 0x00, 0x00, 0x00, 0x00, 0x00, 0x00, 0x00, 0x00, 0x00, 0x00, 0x00, 
0x00, 0x00, 0x00, 0x00, 0x00, 0xe3, 0x00, 0x04, 0x00, 0x04, 0x00, 0x25, 0x00, 0x04, 0x00, 0x04, 
0x00, 0x04, 0x00, 0xe4, 0x00, 0xe4, 0x00, 0xe4, 0x00, 0xe4, 0x00, 0xe4, 0x00, 0xa3, 0x00, 0xa3, 
0x00, 0xa3, 0x00, 0xa3, 0x00, 0xa3, 0x00, 0x82, 0x00, 0x82, 0x00, 0x82, 0x00, 0x82, 0x00, 0x82, 
0x00, 0x82, 0x00, 0x82, 0x00, 0x82, 0x00, 0x82, 0x00, 0x62, 0x00, 0x62, 0x00, 0x62, 0x00, 0x62, 
0x00, 0x62, 0x00, 0x62, 0x00, 0x62, 0x00, 0x62, 0x00, 0x62, 0x00, 0x62, 0x00, 0x62, 0x00, 0x62, 
0x00, 0x62, 0x00, 0x82, 0x00, 0x82, 0x00, 0x82, 0x00, 0x82, 0x00, 0x82, 0x00, 0x82, 0x00, 0x82, 
0x00, 0x82, 0x00, 0x82, 0x00, 0x82, 0x00, 0x82, 0x00, 0x82, 0x00, 0x82, 0x00, 0x82, 0x00, 0x82, 
0x00, 0x82, 0x00, 0x83, 0x00, 0xa3, 0x00, 0xc3, 0x00, 0x04, 0x00, 0x25, 0x00, 0x66, 0x00, 0x87, 
0x00, 0x87, 0x00, 0x86, 0x00, 0x25, 0x00, 0x04, 0x00, 0xc4, 0x00, 0xc3, 0x00, 0xc3, 0x00, 0xa3, 
0x00, 0xa3, 0x00, 0xa3, 0x00, 0xc3, 0x00, 0xa3, 0x00, 0xa3, 0x00, 0xa3, 0x00, 0xc3, 0x00, 0xa3, 
0x00, 0xa3, 0x00, 0xa3, 0x00, 0xa3, 0x00, 0xa3, 0x00, 0xa3, 0x00, 0xa3, 0x00, 0xa3, 0x00, 0xa3, 
0x00, 0xa3, 0x00, 0xc3, 0x00, 0xc3, 0x00, 0xc3, 0x00, 0xc3, 0x00, 0xe4, 0x00, 0xe4, 0x00, 0xe4, 
0x00, 0xe4, 0x00, 0x04, 0x00, 0x04, 0x00, 0x04, 0x00, 0x04, 0x00, 0x25, 0x00, 0x25, 0x00, 0x25, 
0x00, 0x25, 0x00, 0x46, 0x00, 0x46, 0x00, 0x46, 0x00, 0x66, 0x00, 0x86, 0x00, 0x46, 0x00, 0x46, 
0x00, 0x46, 0x00, 0x46, 0x00, 0x46, 0x00, 0x45, 0x00, 0x25, 0x00, 0x25, 0x00, 0x25, 0x00, 0x46, 
0x00, 0x46, 0x00, 0x86, 0x00, 0x86, 0x00, 0xa7, 0x00, 0xa7, 0x00, 0x86, 0x00, 0x00, 0x00, 0x00, 
0x00, 0x00, 0x00, 0x00, 0x00, 0x00, 0x00, 0x00, 0x00, 0x00, 0x00, 0x00, 0x00, 0x00, 0x00, 0x00, 
0x00, 0x00, 0x00, 0x00, 0x00, 0x00, 0x00, 0x00, 0x00, 0x00, 0x00, 0x00, 0x00, 0x00, 0x00, 0x00, 
0x00, 0x00, 0x00, 0x00, 0x00, 0x00, 0x00, 0x00, 0x00, 0x00, 0x00, 0x00, 0x00, 0x00, 0x00, 0x00, 
0x00, 0x00, 0x00, 0x00, 0x00, 0x00, 0x00, 0x00, 0x00, 0x00, 0x00, 0x00, 0x00, 0x00, 0x00, 0x00, 
0x00, 0xc3, 0x00, 0x24, 0x00, 0xe4, 0x00, 0x04, 0x00, 0x04, 0x00, 0x04, 0x00, 0x04, 0x00, 0xe4, 
0x00, 0xe4, 0x00, 0xe4, 0x00, 0xc3, 0x00, 0xc3, 0x00, 0xa3, 0x00, 0xa3, 0x00, 0xa3, 0x00, 0xa3, 
0x00, 0x82, 0x00, 0x82, 0x00, 0x82, 0x00, 0x82, 0x00, 0x82, 0x00, 0x82, 0x00, 0x82, 0x00, 0x62, 
0x00, 0x62, 0x00, 0x62, 0x00, 0x62, 0x00, 0x62, 0x00, 0x62, 0x00, 0x62, 0x00, 0x62, 0x00, 0x62, 
0x00, 0x62, 0x00, 0x62, 0x00, 0x62, 0x00, 0x62, 0x00, 0x62, 0x00, 0x62, 0x00, 0x82, 0x00, 0x62, 
0x00, 0x82, 0x00, 0x82, 0x00, 0x82, 0x00, 0x82, 0x00, 0x82, 0x00, 0x82, 0x00, 0x82, 0x00, 0x82, 
0x00, 0x82, 0x00, 0x82, 0x00, 0x82, 0x00, 0x83, 0x00, 0x66, 0x00, 0xcb, 0x00, 0xf3, 0x00, 0x38, 
0x00, 0x79, 0x00, 0x79, 0x00, 0x79, 0x00, 0x79, 0x00, 0x79, 0x00, 0x9a, 0x00, 0x9a, 0x00, 0x9a, 
0x00, 0x9a, 0x00, 0x9a, 0x00, 0x9a, 0x00, 0x9a, 0x00, 0x9a, 0x00, 0x9a, 0x00, 0x9a, 0x00, 0x9a, 
0x00, 0x79, 0x00, 0x75, 0x00, 0x0c, 0x00, 0xa7, 0x00, 0xc3, 0x00, 0xa3, 0x00, 0xa3, 0x00, 0xc3, 
0x00, 0xc3, 0x00, 0xa3, 0x00, 0xa3, 0x00, 0xa3, 0x00, 0xc3, 0x00, 0xa3, 0x00, 0xa3, 0x00, 0xa3, 
0x00, 0xa3, 0x00, 0xa3, 0x00, 0xc3, 0x00, 0xa3, 0x00, 0xc3, 0x00, 0xa3, 0x00, 0xe4, 0x00, 0xe4, 
0x00, 0xe4, 0x00, 0x04, 0x00, 0x04, 0x00, 0x04, 0x00, 0x04, 0x00, 0x25, 0x00, 0x25, 0x00, 0x25, 
0x00, 0x25, 0x00, 0x46, 0x00, 0x46, 0x00, 0x46, 0x00, 0x86, 0x00, 0x46, 0x00, 0x66, 0x00, 0x66, 
0x00, 0x46, 0x00, 0x46, 0x00, 0x46, 0x00, 0x46, 0x00, 0x25, 0x00, 0x25, 0x00, 0x25, 0x00, 0x25, 
0x00, 0x46, 0x00, 0x66, 0x00, 0x66, 0x00, 0x86, 0x00, 0x86, 0x00, 0xa7, 0x00, 0xc7, 0x00, 0xc3, 
0x00, 0x00, 0x00, 0x00, 0x00, 0x00, 0x00, 0x00, 0x00, 0x00, 0x00, 0x00, 0x00, 0x00, 0x00, 0x00, 
0x00, 0x00, 0x00, 0x00, 0x00, 0x00, 0x00, 0x00, 0x00, 0x00, 0x00, 0x00, 0x00, 0x00, 0x00, 0x00, 
0x00, 0x00, 0x00, 0x00, 0x00, 0x00, 0x00, 0x00, 0x00, 0x00, 0x00, 0x00, 0x00, 0x00, 0x00, 0x00, 
0x00, 0x00, 0x00, 0x00, 0x00, 0x00, 0x00, 0x00, 0x00, 0x00, 0x00, 0x00, 0x00, 0x00, 0x00, 0x82, 
0x00, 0x24, 0x00, 0xe4, 0x00, 0x04, 0x00, 0x04, 0x00, 0x04, 0x00, 0x04, 0x00, 0xe4, 0x00, 0xe4, 
0x00, 0xc3, 0x00, 0xa3, 0x00, 0xa3, 0x00, 0xa3, 0x00, 0xa3, 0x00, 0x82, 0x00, 0x82, 0x00, 0x82, 
0x00, 0x82, 0x00, 0x82, 0x00, 0x82, 0x00, 0x82, 0x00, 0x62, 0x00, 0x62, 0x00, 0x62, 0x00, 0x62, 
0x00, 0x62, 0x00, 0x62, 0x00, 0x62, 0x00, 0x62, 0x00, 0x62, 0x00, 0x62, 0x00, 0x62, 0x00, 0x62, 
0x00, 0x62, 0x00, 0x62, 0x00, 0x62, 0x00, 0x62, 0x00, 0x62, 0x00, 0x62, 0x00, 0x62, 0x00, 0x82, 
0x00, 0x82, 0x00, 0x82, 0x00, 0x82, 0x00, 0x82, 0x00, 0x82, 0x00, 0x82, 0x00, 0x82, 0x00, 0xa3, 
0x00, 0xec, 0x00, 0x76, 0x00, 0x59, 0x00, 0x79, 0x00, 0x59, 0x00, 0x79, 0x00, 0x79, 0x00, 0x79, 
0x00, 0x79, 0x00, 0x79, 0x00, 0x79, 0x00, 0x79, 0x00, 0x79, 0x00, 0x9a, 0x00, 0x9a, 0x00, 0x9a, 
0x00, 0x9a, 0x00, 0x9a, 0x00, 0x9a, 0x00, 0x9a, 0x00, 0x9a, 0x00, 0x9a, 0x00, 0xba, 0x00, 0xba, 
0x00, 0xba, 0x00, 0xba, 0x00, 0xba, 0x00, 0xba, 0x00, 0xba, 0x00, 0x9a, 0x00, 0xf7, 0x00, 0x4d, 
0x00, 0xe4, 0x00, 0xa3, 0x00, 0xa3, 0x00, 0xc3, 0x00, 0xc3, 0x00, 0xc3, 0x00, 0xc3, 0x00, 0xc3, 
0x00, 0xa3, 0x00, 0xa3, 0x00, 0xa3, 0x00, 0xc3, 0x00, 0xc3, 0x00, 0xa3, 0x00, 0xc3, 0x00, 0xe4, 
0x00, 0xe4, 0x00, 0xe4, 0x00, 0xe4, 0x00, 0x04, 0x00, 0x04, 0x00, 0x05, 0x00, 0x25, 0x00, 0x25, 
0x00, 0x25, 0x00, 0x45, 0x00, 0x46, 0x00, 0x46, 0x00, 0x46, 0x00, 0x86, 0x00, 0x46, 0x00, 0x66, 
0x00, 0x66, 0x00, 0x46, 0x00, 0x46, 0x00, 0x46, 0x00, 0x45, 0x00, 0x45, 0x00, 0x25, 0x00, 0x25, 
0x00, 0x46, 0x00, 0x46, 0x00, 0x66, 0x00, 0x86, 0x00, 0xa7, 0x00, 0xa7, 0x00, 0xa7, 0x00, 0x86, 
0x00, 0x82, 0x00, 0x00, 0x00, 0x00, 0x00, 0x00, 0x00, 0x00, 0x00, 0x00, 0x00, 0x00, 0x00, 0x00, 
0x00, 0x00, 0x00, 0x00, 0x00, 0x00, 0x00, 0x00, 0x00, 0x00, 0x00, 0x00, 0x00, 0x00, 0x00, 0x00, 
0x00, 0x00, 0x00, 0x00, 0x00, 0x00, 0x00, 0x00, 0x00, 0x00, 0x00, 0x00, 0x00, 0x00, 0x00, 0x00, 
0x00, 0x00, 0x00, 0x00, 0x00, 0x00, 0x00, 0x00, 0x00, 0x00, 0x00, 0x00, 0x00, 0x41, 0x00, 0x04, 
0x00, 0xe4, 0x00, 0x04, 0x00, 0x04, 0x00, 0x04, 0x00, 0x04, 0x00, 0xe4, 0x00, 0xe4, 0x00, 0xc3, 
0x00, 0xa3, 0x00, 0xa3, 0x00, 0xa3, 0x00, 0x82, 0x00, 0x82, 0x00, 0x82, 0x00, 0x82, 0x00, 0x82, 
0x00, 0x82, 0x00, 0x82, 0x00, 0x62, 0x00, 0x62, 0x00, 0x62, 0x00, 0x62, 0x00, 0x62, 0x00, 0x62, 
0x00, 0x62, 0x00, 0x62, 0x00, 0x62, 0x00, 0x62, 0x00, 0x62, 0x00, 0x62, 0x00, 0x62, 0x00, 0x62, 
0x00, 0x62, 0x00, 0x62, 0x00, 0x62, 0x00, 0x62, 0x00, 0x62, 0x00, 0x62, 0x00, 0x82, 0x00, 0x82, 
0x00, 0x82, 0x00, 0x82, 0x00, 0x82, 0x00, 0x82, 0x00, 0xe4, 0x00, 0xcf, 0x00, 0xd7, 0x00, 0x59, 
0x00, 0x59, 0x00, 0x59, 0x00, 0x59, 0x00, 0x79, 0x00, 0x79, 0x00, 0x79, 0x00, 0x79, 0x00, 0x79, 
0x00, 0x79, 0x00, 0x79, 0x00, 0x79, 0x00, 0x79, 0x00, 0x9a, 0x00, 0x9a, 0x00, 0x9a, 0x00, 0x9a, 
0x00, 0x9a, 0x00, 0x9a, 0x00, 0x9a, 0x00, 0xba, 0x00, 0x9a, 0x00, 0xba, 0x00, 0xba, 0x00, 0xba, 
0x00, 0xba, 0x00, 0xba, 0x00, 0xba, 0x00, 0xba, 0x00, 0xba, 0x00, 0xba, 0x00, 0xdb, 0x00, 0xbb, 
0x00, 0xba, 0x00, 0x59, 0x00, 0x11, 0x00, 0x25, 0x00, 0xc3, 0x00, 0xc3, 0x00, 0xc3, 0x00, 0xa3, 
0x00, 0xa3, 0x00, 0xc3, 0x00, 0xc3, 0x00, 0xa3, 0x00, 0xc3, 0x00, 0xc3, 0x00, 0xe4, 0x00, 0xe4, 
0x00, 0xe4, 0x00, 0xe4, 0x00, 0xe4, 0x00, 0x04, 0x00, 0x04, 0x00, 0x04, 0x00, 0x25, 0x00, 0x25, 
0x00, 0x25, 0x00, 0x25, 0x00, 0x45, 0x00, 0x46, 0x00, 0x46, 0x00, 0x66, 0x00, 0x66, 0x00, 0x66, 
0x00, 0x66, 0x00, 0x46, 0x00, 0x46, 0x00, 0x46, 0x00, 0x45, 0x00, 0x45, 0x00, 0x25, 0x00, 0x25, 
0x00, 0x25, 0x00, 0x46, 0x00, 0x46, 0x00, 0x66, 0x00, 0x86, 0x00, 0x87, 0x00, 0xa7, 0x00, 0xa7, 
0x00, 0x86, 0x00, 0x41, 0x00, 0x00, 0x00, 0x00, 0x00, 0x00, 0x00, 0x00, 0x00, 0x00, 0x00, 0x00, 
0x00, 0x00, 0x00, 0x00, 0x00, 0x00, 0x00, 0x00, 0x00, 0x00, 0x00, 0x00, 0x00, 0x00, 0x00, 0x00, 
0x00, 0x00, 0x00, 0x00, 0x00, 0x00, 0x00, 0x00, 0x00, 0x00, 0x00, 0x00, 0x00, 0x00, 0x00, 0x00, 
0x00, 0x00, 0x00, 0x00, 0x00, 0x00, 0x00, 0x00, 0x00, 0x00, 0x00, 0x00, 0x00, 0x24, 0x00, 0xe4, 
0x00, 0x04, 0x00, 0x04, 0x00, 0x04, 0x00, 0xe4, 0x00, 0xe4, 0x00, 0xc3, 0x00, 0xc3, 0x00, 0xa3, 
0x00, 0xa3, 0x00, 0xa3, 0x00, 0x82, 0x00, 0x82, 0x00, 0x82, 0x00, 0x82, 0x00, 0x82, 0x00, 0x62, 
0x00, 0x62, 0x00, 0x62, 0x00, 0x62, 0x00, 0x62, 0x00, 0x62, 0x00, 0x62, 0x00, 0x62, 0x00, 0x62, 
0x00, 0x62, 0x00, 0x62, 0x00, 0x62, 0x00, 0x62, 0x00, 0x62, 0x00, 0x62, 0x00, 0x62, 0x00, 0x62, 
0x00, 0x62, 0x00, 0x62, 0x00, 0x62, 0x00, 0x82, 0x00, 0x82, 0x00, 0x82, 0x00, 0x82, 0x00, 0x82, 
0x00, 0x82, 0x00, 0xc3, 0x00, 0x6e, 0x00, 0xd7, 0x00, 0x59, 0x00, 0x59, 0x00, 0x59, 0x00, 0x59, 
0x00, 0x79, 0x00, 0x79, 0x00, 0x79, 0x00, 0x79, 0x00, 0x79, 0x00, 0x79, 0x00, 0x79, 0x00, 0x79, 
0x00, 0x79, 0x00, 0x9a, 0x00, 0x9a, 0x00, 0x9a, 0x00, 0x9a, 0x00, 0x9a, 0x00, 0x9a, 0x00, 0x9a, 
0x00, 0x9a, 0x00, 0xba, 0x00, 0x9a, 0x00, 0xba, 0x00, 0xba, 0x00, 0xba, 0x00, 0xba, 0x00, 0xba, 
0x00, 0xba, 0x00, 0xba, 0x00, 0xba, 0x00, 0xba, 0x00, 0xdb, 0x00, 0xba, 0x00, 0xba, 0x00, 0xdb, 
0x00, 0xdb, 0x00, 0xdb, 0x00, 0xbb, 0x00, 0xdb, 0x00, 0x79, 0x00, 0xf0, 0x00, 0x04, 0x00, 0xa3, 
0x00, 0xa3, 0x00, 0xa3, 0x00, 0xc3, 0x00, 0xc3, 0x00, 0xa3, 0x00, 0xc3, 0x00, 0xc3, 0x00, 0xc3, 
0x00, 0xe4, 0x00, 0xe4, 0x00, 0xe4, 0x00, 0xe4, 0x00, 0x04, 0x00, 0x04, 0x00, 0x04, 0x00, 0x04, 
0x00, 0x04, 0x00, 0x25, 0x00, 0x45, 0x00, 0x45, 0x00, 0x46, 0x00, 0x46, 0x00, 0x66, 0x00, 0x46, 
0x00, 0x66, 0x00, 0x66, 0x00, 0x46, 0x00, 0x46, 0x00, 0x45, 0x00, 0x46, 0x00, 0x45, 0x00, 0x25, 
0x00, 0x25, 0x00, 0x46, 0x00, 0x46, 0x00, 0x66, 0x00, 0x86, 0x00, 0xa7, 0x00, 0xa7, 0x00, 0xa7, 
0x00, 0xc7, 0x00, 0x45, 0x00, 0x00, 0x00, 0x00, 0x00, 0x00, 0x00, 0x00, 0x00, 0x00, 0x00, 0x00, 
0x00, 0x00, 0x00, 0x00, 0x00, 0x00, 0x00, 0x00, 0x00, 0x00, 0x00, 0x00, 0x00, 0x00, 0x00, 0x00, 
0x00, 0x00, 0x00, 0x00, 0x00, 0x00, 0x00, 0x00, 0x00, 0x00, 0x00, 0x00, 0x00, 0x00, 0x00, 0x00, 
0x00, 0x00, 0x00, 0x00, 0x00, 0x00, 0x00, 0x00, 0x00, 0x00, 0x00, 0x45, 0x00, 0xe4, 0x00, 0x04, 
0x00, 0x04, 0x00, 0x04, 0x00, 0xe4, 0x00, 0xe4, 0x00, 0xc3, 0x00, 0xa3, 0x00, 0xa3, 0x00, 0xa3, 
0x00, 0xa3, 0x00, 0x82, 0x00, 0x82, 0x00, 0x82, 0x00, 0x82, 0x00, 0x62, 0x00, 0x62, 0x00, 0x62, 
0x00, 0x62, 0x00, 0x62, 0x00, 0x62, 0x00, 0x62, 0x00, 0x62, 0x00, 0x62, 0x00, 0x62, 0x00, 0x62, 
0x00, 0x62, 0x00, 0x62, 0x00, 0x62, 0x00, 0x62, 0x00, 0x62, 0x00, 0x62, 0x00, 0x62, 0x00, 0x62, 
0x00, 0x62, 0x00, 0x82, 0x00, 0x82, 0x00, 0x82, 0x00, 0x82, 0x00, 0x82, 0x00, 0x82, 0x00, 0x66, 
0x00, 0xf3, 0x00, 0x59, 0x00, 0x59, 0x00, 0x59, 0x00, 0x59, 0x00, 0x59, 0x00, 0x59, 0x00, 0x59, 
0x00, 0x79, 0x00, 0x79, 0x00, 0x79, 0x00, 0x79, 0x00, 0x79, 0x00, 0x79, 0x00, 0x79, 0x00, 0x79, 
0x00, 0x79, 0x00, 0x9a, 0x00, 0x9a, 0x00, 0x9a, 0x00, 0x9a, 0x00, 0x9a, 0x00, 0x9a, 0x00, 0x9a, 
0x00, 0x9a, 0x00, 0xba, 0x00, 0xba, 0x00, 0x9a, 0x00, 0xba, 0x00, 0xba, 0x00, 0xba, 0x00, 0xba, 
0x00, 0xba, 0x00, 0xba, 0x00, 0xba, 0x00, 0xba, 0x00, 0xba, 0x00, 0xba, 0x00, 0xbb, 0x00, 0xba, 
0x00, 0xdb, 0x00, 0xdb, 0x00, 0xdb, 0x00, 0xdb, 0x00, 0xdb, 0x00, 0xdb, 0x00, 0xdb, 0x00, 0x96, 
0x00, 0xc8, 0x00, 0xc3, 0x00, 0xc3, 0x00, 0xc3, 0x00, 0xc3, 0x00, 0xc3, 0x00, 0xc3, 0x00, 0xc3, 
0x00, 0xe4, 0x00, 0xe4, 0x00, 0xe4, 0x00, 0xe4, 0x00, 0x04, 0x00, 0x04, 0x00, 0x04, 0x00, 0x25, 
0x00, 0x25, 0x00, 0x25, 0x00, 0x25, 0x00, 0x45, 0x00, 0x46, 0x00, 0x46, 0x00, 0x46, 0x00, 0x66, 
0x00, 0x46, 0x00, 0x66, 0x00, 0x46, 0x00, 0x46, 0x00, 0x46, 0x00, 0x45, 0x00, 0x45, 0x00, 0x25, 
0x00, 0x45, 0x00, 0x46, 0x00, 0x46, 0x00, 0x66, 0x00, 0x86, 0x00, 0x86, 0x00, 0x87, 0x00, 0xa7, 
0x00, 0xa7, 0x00, 0xe8, 0x00, 0x45, 0x00, 0x00, 0x00, 0x00, 0x00, 0x00, 0x00, 0x00, 0x00, 0x00, 
0x00, 0x00, 0x00, 0x00, 0x00, 0x00, 0x00, 0x00, 0x00, 0x00, 0x00, 0x00, 0x00, 0x00, 0x00, 0x00, 
0x00, 0x00, 0x00, 0x00, 0x00, 0x00, 0x00, 0x00, 0x00, 0x00, 0x00, 0x00, 0x00, 0x00, 0x00, 0x00, 
0x00, 0x00, 0x00, 0x00, 0x00, 0x00, 0x00, 0x00, 0x00, 0x65, 0x00, 0x04, 0x00, 0x04, 0x00, 0x04, 
0x00, 0x04, 0x00, 0xe4, 0x00, 0xe4, 0x00, 0xc3, 0x00, 0xa3, 0x00, 0xa3, 0x00, 0xa3, 0x00, 0x82, 
0x00, 0x82, 0x00, 0x82, 0x00, 0x82, 0x00, 0x82, 0x00, 0x82, 0x00, 0x62, 0x00, 0x62, 0x00, 0x62, 
0x00, 0x62, 0x00, 0x62, 0x00, 0x62, 0x00, 0x62, 0x00, 0x62, 0x00, 0x62, 0x00, 0x62, 0x00, 0x62, 
0x00, 0x62, 0x00, 0x62, 0x00, 0x62, 0x00, 0x62, 0x00, 0x62, 0x00, 0x62, 0x00, 0x62, 0x00, 0x62, 
0x00, 0x82, 0x00, 0x82, 0x00, 0x82, 0x00, 0x82, 0x00, 0x82, 0x00, 0x6a, 0x00, 0x96, 0x00, 0x59, 
0x00, 0x59, 0x00, 0x59, 0x00, 0x59, 0x00, 0x59, 0x00, 0x59, 0x00, 0x59, 0x00, 0x79, 0x00, 0x79, 
0x00, 0x79, 0x00, 0x79, 0x00, 0x79, 0x00, 0x79, 0x00, 0x79, 0x00, 0x79, 0x00, 0x79, 0x00, 0x79, 
0x00, 0x9a, 0x00, 0x9a, 0x00, 0x9a, 0x00, 0x9a, 0x00, 0x9a, 0x00, 0x9a, 0x00, 0x9a, 0x00, 0x9a, 
0x00, 0x9a, 0x00, 0xba, 0x00, 0xba, 0x00, 0xba, 0x00, 0x9a, 0x00, 0xba, 0x00, 0xba, 0x00, 0xba, 
0x00, 0xba, 0x00, 0xba, 0x00, 0xba, 0x00, 0xba, 0x00, 0xba, 0x00, 0xdb, 0x00, 0xba, 0x00, 0xdb, 
0x00, 0xdb, 0x00, 0xdb, 0x00, 0xdb, 0x00, 0xdb, 0x00, 0xdb, 0x00, 0xdb, 0x00, 0xdb, 0x00, 0xdb, 
0x00, 0xdb, 0x00, 0x39, 0x00, 0xec, 0x00, 0xc3, 0x00, 0xc4, 0x00, 0xc3, 0x00, 0xc4, 0x00, 0xe4, 
0x00, 0xe4, 0x00, 0xe4, 0x00, 0xe4, 0x00, 0xe4, 0x00, 0xe4, 0x00, 0x04, 0x00, 0x04, 0x00, 0x04, 
0x00, 0x25, 0x00, 0x25, 0x00, 0x25, 0x00, 0x45, 0x00, 0x45, 0x00, 0x46, 0x00, 0x46, 0x00, 0x66, 
0x00, 0x66, 0x00, 0x66, 0x00, 0x46, 0x00, 0x66, 0x00, 0x46, 0x00, 0x46, 0x00, 0x46, 0x00, 0x45, 
0x00, 0x25, 0x00, 0x45, 0x00, 0x46, 0x00, 0x46, 0x00, 0x66, 0x00, 0x86, 0x00, 0x87, 0x00, 0xa7, 
0x00, 0xa7, 0x00, 0xc7, 0x00, 0xe8, 0x00, 0x65, 0x00, 0x00, 0x00, 0x00, 0x00, 0x00, 0x00, 0x00, 
0x00, 0x00, 0x00, 0x00, 0x00, 0x00, 0x00, 0x00, 0x00, 0x00, 0x00, 0x00, 0x00, 0x00, 0x00, 0x00, 
0x00, 0x00, 0x00, 0x00, 0x00, 0x00, 0x00, 0x00, 0x00, 0x00, 0x00, 0x00, 0x00, 0x00, 0x00, 0x00, 
0x00, 0x00, 0x00, 0x00, 0x00, 0x00, 0x00, 0xe3, 0x00, 0x04, 0x00, 0x04, 0x00, 0x04, 0x00, 0x04, 
0x00, 0xe4, 0x00, 0xe4, 0x00, 0xa3, 0x00, 0xa3, 0x00, 0xa3, 0x00, 0x83, 0x00, 0x82, 0x00, 0x82, 
0x00, 0x82, 0x00, 0x82, 0x00, 0x82, 0x00, 0x62, 0x00, 0x62, 0x00, 0x62, 0x00, 0x62, 0x00, 0x62, 
0x00, 0x62, 0x00, 0x62, 0x00, 0x62, 0x00, 0x62, 0x00, 0x62, 0x00, 0x62, 0x00, 0x62, 0x00, 0x62, 
0x00, 0x62, 0x00, 0x62, 0x00, 0x62, 0x00, 0x62, 0x00, 0x62, 0x00, 0x62, 0x00, 0x62, 0x00, 0x82, 
0x00, 0x82, 0x00, 0x82, 0x00, 0x82, 0x00, 0x87, 0x00, 0x76, 0x00, 0x59, 0x00, 0x59, 0x00, 0x59, 
0x00, 0x59, 0x00, 0x59, 0x00, 0x59, 0x00, 0x59, 0x00, 0x59, 0x00, 0x79, 0x00, 0x79, 0x00, 0x79, 
0x00, 0x79, 0x00, 0x79, 0x00, 0x79, 0x00, 0x79, 0x00, 0x79, 0x00, 0x79, 0x00, 0x79, 0x00, 0x9a, 
0x00, 0x9a, 0x00, 0x9a, 0x00, 0x9a, 0x00, 0x9a, 0x00, 0x9a, 0x00, 0x9a, 0x00, 0x9a, 0x00, 0x9a, 
0x00, 0xba, 0x00, 0xba, 0x00, 0xba, 0x00, 0xba, 0x00, 0xba, 0x00, 0xba, 0x00, 0xba, 0x00, 0xba, 
0x00, 0xba, 0x00, 0xba, 0x00, 0xbb, 0x00, 0xdb, 0x00, 0xdb, 0x00, 0xdb, 0x00, 0xdb, 0x00, 0xdb, 
0x00, 0xdb, 0x00, 0xdb, 0x00, 0xdb, 0x00, 0xdb, 0x00, 0xdb, 0x00, 0xdb, 0x00, 0xdb, 0x00, 0xfb, 
0x00, 0xfb, 0x00, 0xfb, 0x00, 0xfb, 0x00, 0x39, 0x00, 0x29, 0x00, 0xe4, 0x00, 0xe4, 0x00, 0xe4, 
0x00, 0xe4, 0x00, 0xe4, 0x00, 0xe4, 0x00, 0xe4, 0x00, 0x04, 0x00, 0x04, 0x00, 0x04, 0x00, 0x04, 
0x00, 0x04, 0x00, 0x25, 0x00, 0x25, 0x00, 0x45, 0x00, 0x46, 0x00, 0x46, 0x00, 0x66, 0x00, 0x66, 
0x00, 0x66, 0x00, 0x86, 0x00, 0x86, 0x00, 0x66, 0x00, 0x66, 0x00, 0x46, 0x00, 0x46, 0x00, 0x46, 
0x00, 0x46, 0x00, 0x46, 0x00, 0x46, 0x00, 0x66, 0x00, 0x86, 0x00, 0x86, 0x00, 0x86, 0x00, 0xa7, 
0x00, 0xa7, 0x00, 0xc7, 0x00, 0xc7, 0x00, 0xc8, 0x00, 0xe3, 0x00, 0x00, 0x00, 0x00, 0x00, 0x00, 
0x00, 0x00, 0x00, 0x00, 0x00, 0x00, 0x00, 0x00, 0x00, 0x00, 0x00, 0x00, 0x00, 0x00, 0x00, 0x00, 
0x00, 0x00, 0x00, 0x00, 0x00, 0x00, 0x00, 0x00, 0x00, 0x00, 0x00, 0x00, 0x00, 0x00, 0x00, 0x00, 
0x00, 0x00, 0x00, 0x00, 0x00, 0x41, 0x00, 0x65, 0x00, 0x04, 0x00, 0x04, 0x00, 0x04, 0x00, 0xe4, 
0x00, 0xc3, 0x00, 0xa3, 0x00, 0xa3, 0x00, 0x82, 0x00, 0x82, 0x00, 0x82, 0x00, 0x82, 0x00, 0x82, 
0x00, 0x82, 0x00, 0x82, 0x00, 0x62, 0x00, 0x62, 0x00, 0x62, 0x00, 0x62, 0x00, 0x62, 0x00, 0x62, 
0x00, 0x62, 0x00, 0x62, 0x00, 0x62, 0x00, 0x62, 0x00, 0x62, 0x00, 0x62, 0x00, 0x62, 0x00, 0x62, 
0x00, 0x62, 0x00, 0x62, 0x00, 0x62, 0x00, 0x62, 0x00, 0x82, 0x00, 0x62, 0x00, 0x82, 0x00, 0x82, 
0x00, 0x82, 0x00, 0x05, 0x00, 0x14, 0x00, 0x59, 0x00, 0x59, 0x00, 0x59, 0x00, 0x59, 0x00, 0x59, 
0x00, 0x59, 0x00, 0x59, 0x00, 0x59, 0x00, 0x79, 0x00, 0x79, 0x00, 0x79, 0x00, 0x79, 0x00, 0x79, 
0x00, 0x79, 0x00, 0x79, 0x00, 0x79, 0x00, 0x79, 0x00, 0x79, 0x00, 0x9a, 0x00, 0x9a, 0x00, 0x9a, 
0x00, 0x9a, 0x00, 0x9a, 0x00, 0x9a, 0x00, 0x9a, 0x00, 0x9a, 0x00, 0xba, 0x00, 0xba, 0x00, 0xba, 
0x00, 0xba, 0x00, 0xba, 0x00, 0xba, 0x00, 0xba, 0x00, 0xba, 0x00, 0xba, 0x00, 0xba, 0x00, 0xba, 
0x00, 0xba, 0x00, 0xbb, 0x00, 0xdb, 0x00, 0xbb, 0x00, 0xdb, 0x00, 0xdb, 0x00, 0xdb, 0x00, 0xdb, 
0x00, 0xdb, 0x00, 0xdb, 0x00, 0xdb, 0x00, 0xdb, 0x00, 0xdb, 0x00, 0xfb, 0x00, 0xfb, 0x00, 0xfb, 
0x00, 0xfb, 0x00, 0xfb, 0x00, 0xfb, 0x00, 0xfb, 0x00, 0xfb, 0x00, 0xf7, 0x00, 0x86, 0x00, 0xe4, 
0x00, 0xe4, 0x00, 0xe4, 0x00, 0x04, 0x00, 0xe4, 0x00, 0x04, 0x00, 0x04, 0x00, 0x04, 0x00, 0x25, 
0x00, 0x25, 0x00, 0x25, 0x00, 0x45, 0x00, 0x46, 0x00, 0x46, 0x00, 0x66, 0x00, 0x86, 0x00, 0x86, 
0x00, 0x86, 0x00, 0x86, 0x00, 0x86, 0x00, 0x86, 0x00, 0x86, 0x00, 0x86, 0x00, 0x66, 0x00, 0x46, 
0x00, 0x46, 0x00, 0x46, 0x00, 0x46, 0x00, 0x66, 0x00, 0x86, 0x00, 0x86, 0x00, 0x86, 0x00, 0xa7, 
0x00, 0xa7, 0x00, 0xa7, 0x00, 0xa7, 0x00, 0xc7, 0x00, 0xc7, 0x00, 0x41, 0x00, 0x00, 0x00, 0x00, 
0x00, 0x00, 0x00, 0x00, 0x00, 0x00, 0x00, 0x00, 0x00, 0x00, 0x00, 0x00, 0x00, 0x00, 0x00, 0x00, 
0x00, 0x00, 0x00, 0x00, 0x00, 0x00, 0x00, 0x00, 0x00, 0x00, 0x00, 0x00, 0x00, 0x00, 0x00, 0x00, 
0x00, 0x00, 0x00, 0x20, 0x00, 0x86, 0x00, 0x04, 0x00, 0x04, 0x00, 0x04, 0x00, 0x04, 0x00, 0xe4, 
0x00, 0xa3, 0x00, 0xa3, 0x00, 0x82, 0x00, 0x82, 0x00, 0x82, 0x00, 0x82, 0x00, 0x82, 0x00, 0x82, 
0x00, 0x82, 0x00, 0x62, 0x00, 0x62, 0x00, 0x62, 0x00, 0x62, 0x00, 0x62, 0x00, 0x62, 0x00, 0x62, 
0x00, 0x62, 0x00, 0x62, 0x00, 0x62, 0x00, 0x62, 0x00, 0x62, 0x00, 0x62, 0x00, 0x62, 0x00, 0x62, 
0x00, 0x62, 0x00, 0x62, 0x00, 0x82, 0x00, 0x82, 0x00, 0x82, 0x00, 0x82, 0x00, 0x82, 0x00, 0x82, 
0x00, 0xcb, 0x00, 0x59, 0x00, 0x59, 0x00, 0x59, 0x00, 0x59, 0x00, 0x59, 0x00, 0x59, 0x00, 0x59, 
0x00, 0x59, 0x00, 0x59, 0x00, 0x79, 0x00, 0x79, 0x00, 0x79, 0x00, 0x79, 0x00, 0x79, 0x00, 0x79, 
0x00, 0x79, 0x00, 0x79, 0x00, 0x79, 0x00, 0x79, 0x00, 0x9a, 0x00, 0x9a, 0x00, 0x9a, 0x00, 0x9a, 
0x00, 0x9a, 0x00, 0x9a, 0x00, 0x9a, 0x00, 0x9a, 0x00, 0x9a, 0x00, 0x9a, 0x00, 0x9a, 0x00, 0xba, 
0x00, 0xba, 0x00, 0xba, 0x00, 0xba, 0x00, 0xba, 0x00, 0xba, 0x00, 0xba, 0x00, 0xba, 0x00, 0xba, 
0x00, 0xba, 0x00, 0xbb, 0x00, 0xdb, 0x00, 0xdb, 0x00, 0xdb, 0x00, 0xbb, 0x00, 0xdb, 0x00, 0xdb, 
0x00, 0xdb, 0x00, 0xdb, 0x00, 0xdb, 0x00, 0xdb, 0x00, 0xfb, 0x00, 0xfb, 0x00, 0xfb, 0x00, 0xfb, 
0x00, 0xfb, 0x00, 0xdb, 0x00, 0xfb, 0x00, 0xfb, 0x00, 0xfc, 0x00, 0x1c, 0x00, 0xfb, 0x00, 0xaf, 
0x00, 0x04, 0x00, 0x04, 0x00, 0x04, 0x00, 0x04, 0x00, 0x04, 0x00, 0x04, 0x00, 0x05, 0x00, 0x25, 
0x00, 0x25, 0x00, 0x45, 0x00, 0x46, 0x00, 0x66, 0x00, 0x86, 0x00, 0x86, 0x00, 0x87, 0x00, 0xa7, 
0x00, 0xa7, 0x00, 0xa7, 0x00, 0xa7, 0x00, 0xa7, 0x00, 0xa7, 0x00, 0xa7, 0x00, 0x86, 0x00, 0x86, 
0x00, 0x86, 0x00, 0x66, 0x00, 0x66, 0x00, 0x66, 0x00, 0x86, 0x00, 0x86, 0x00, 0x86, 0x00, 0x86, 
0x00, 0xa7, 0x00, 0xa7, 0x00, 0xa7, 0x00, 0xc8, 0x00, 0xe8, 0x00, 0x86, 0x00, 0x20, 0x00, 0x00, 
0x00, 0x00, 0x00, 0x00, 0x00, 0x00, 0x00, 0x00, 0x00, 0x00, 0x00, 0x00, 0x00, 0x00, 0x00, 0x00, 
0x00, 0x00, 0x00, 0x00, 0x00, 0x00, 0x00, 0x00, 0x00, 0x00, 0x00, 0x00, 0x00, 0x00, 0x00, 0x00, 
0x00, 0x00, 0x00, 0x82, 0x00, 0x45, 0x00, 0x25, 0x00, 0x25, 0x00, 0x04, 0x00, 0xe4, 0x00, 0xa3, 
0x00, 0xa3, 0x00, 0xa3, 0x00, 0x82, 0x00, 0x82, 0x00, 0x82, 0x00, 0x82, 0x00, 0x82, 0x00, 0x62, 
0x00, 0x62, 0x00, 0x62, 0x00, 0x62, 0x00, 0x62, 0x00, 0x62, 0x00, 0x62, 0x00, 0x62, 0x00, 0x62, 
0x00, 0x62, 0x00, 0x62, 0x00, 0x62, 0x00, 0x62, 0x00, 0x62, 0x00, 0x62, 0x00, 0x62, 0x00, 0x62, 
0x00, 0x82, 0x00, 0x82, 0x00, 0x82, 0x00, 0x82, 0x00, 0x82, 0x00, 0x82, 0x00, 0x46, 0x00, 0x96, 
0x00, 0x59, 0x00, 0x59, 0x00, 0x59, 0x00, 0x59, 0x00, 0x59, 0x00, 0x59, 0x00, 0x79, 0x00, 0x79, 
0x00, 0x79, 0x00, 0x59, 0x00, 0x79, 0x00, 0x79, 0x00, 0x79, 0x00, 0x79, 0x00, 0x79, 0x00, 0x79, 
0x00, 0x79, 0x00, 0x79, 0x00, 0x79, 0x00, 0x9a, 0x00, 0x9a, 0x00, 0x9a, 0x00, 0x9a, 0x00, 0x9a, 
0x00, 0x9a, 0x00, 0x59, 0x00, 0x96, 0x00, 0x31, 0x00, 0xcc, 0x00, 0x86, 0x00, 0x25, 0x00, 0x04, 
0x00, 0x04, 0x00, 0x25, 0x00, 0x45, 0x00, 0x87, 0x00, 0x8b, 0x00, 0x31, 0x00, 0x76, 0x00, 0x9a, 
0x00, 0xba, 0x00, 0xdb, 0x00, 0xdb, 0x00, 0xdb, 0x00, 0xdb, 0x00, 0xdb, 0x00, 0xdb, 0x00, 0xdb, 
0x00, 0xdb, 0x00, 0xdb, 0x00, 0xdb, 0x00, 0xdb, 0x00, 0xfb, 0x00, 0xfb, 0x00, 0xdb, 0x00, 0xdb, 
0x00, 0x1c, 0x00, 0xfb, 0x00, 0xfc, 0x00, 0xfb, 0x00, 0xfb, 0x00, 0xfc, 0x00, 0xfc, 0x00, 0x1c, 
0x00, 0x79, 0x00, 0xc8, 0x00, 0x25, 0x00, 0x04, 0x00, 0x04, 0x00, 0x25, 0x00, 0x25, 0x00, 0x25, 
0x00, 0x46, 0x00, 0x46, 0x00, 0x66, 0x00, 0x86, 0x00, 0xa7, 0x00, 0xa7, 0x00, 0xc7, 0x00, 0xc8, 
0x00, 0xe8, 0x00, 0xe8, 0x00, 0xe8, 0x00, 0xe8, 0x00, 0xe8, 0x00, 0xe8, 0x00, 0xa7, 0x00, 0xa7, 
0x00, 0x87, 0x00, 0x86, 0x00, 0x86, 0x00, 0x86, 0x00, 0x86, 0x00, 0x86, 0x00, 0x86, 0x00, 0x87, 
0x00, 0xa7, 0x00, 0xa7, 0x00, 0xa7, 0x00, 0xc7, 0x00, 0xc7, 0x00, 0xe8, 0x00, 0xa6, 0x00, 0x00, 
0x00, 0x00, 0x00, 0x00, 0x00, 0x00, 0x00, 0x00, 0x00, 0x00, 0x00, 0x00, 0x00, 0x00, 0x00, 0x00, 
0x00, 0x00, 0x00, 0x00, 0x00, 0x00, 0x00, 0x00, 0x00, 0x00, 0x00, 0x00, 0x00, 0x00, 0x00, 0x00, 
0x00, 0x20, 0x00, 0x86, 0x00, 0x25, 0x00, 0x25, 0x00, 0x04, 0x00, 0xe4, 0x00, 0xc3, 0x00, 0xa3, 
0x00, 0x82, 0x00, 0x82, 0x00, 0x82, 0x00, 0x82, 0x00, 0x82, 0x00, 0x82, 0x00, 0x82, 0x00, 0x82, 
0x00, 0x62, 0x00, 0x62, 0x00, 0x62, 0x00, 0x62, 0x00, 0x62, 0x00, 0x62, 0x00, 0x62, 0x00, 0x62, 
0x00, 0x62, 0x00, 0x62, 0x00, 0x62, 0x00, 0x62, 0x00, 0x62, 0x00, 0x62, 0x00, 0x62, 0x00, 0x82, 
0x00, 0x82, 0x00, 0x82, 0x00, 0x82, 0x00, 0x82, 0x00, 0x82, 0x00, 0xcc, 0x00, 0x59, 0x00, 0x59, 
0x00, 0x59, 0x00, 0x59, 0x00, 0x59, 0x00, 0x59, 0x00, 0x79, 0x00, 0x59, 0x00, 0x79, 0x00, 0x79, 
0x00, 0x79, 0x00, 0x79, 0x00, 0x79, 0x00, 0x79, 0x00, 0x79, 0x00, 0x79, 0x00, 0x79, 0x00, 0x79, 
0x00, 0x79, 0x00, 0x9a, 0x00, 0x79, 0x00, 0x9a, 0x00, 0x9a, 0x00, 0x9a, 0x00, 0xf8, 0x00, 0x0c, 
0x00, 0xc3, 0x00, 0xc3, 0x00, 0xe4, 0x00, 0xe4, 0x00, 0xe4, 0x00, 0xe4, 0x00, 0xe4, 0x00, 0xe4, 
0x00, 0xe4, 0x00, 0xe4, 0x00, 0x04, 0x00, 0x04, 0x00, 0x04, 0x00, 0x04, 0x00, 0x04, 0x00, 0x04, 
0x00, 0x25, 0x00, 0x2d, 0x00, 0x59, 0x00, 0xdb, 0x00, 0xdb, 0x00, 0xdb, 0x00, 0xdb, 0x00, 0xdb, 
0x00, 0xdb, 0x00, 0xdb, 0x00, 0xdb, 0x00, 0xdb, 0x00, 0xfb, 0x00, 0xdb, 0x00, 0xfc, 0x00, 0xfc, 
0x00, 0x1c, 0x00, 0xfb, 0x00, 0xfb, 0x00, 0x1c, 0x00, 0xfc, 0x00, 0x1c, 0x00, 0x1c, 0x00, 0x1c, 
0x00, 0x1c, 0x00, 0x1c, 0x00, 0xaf, 0x00, 0x25, 0x00, 0x25, 0x00, 0x25, 0x00, 0x46, 0x00, 0x46, 
0x00, 0x66, 0x00, 0x86, 0x00, 0x86, 0x00, 0xa7, 0x00, 0xa7, 0x00, 0xe8, 0x00, 0xe8, 0x00, 0x29, 
0x00, 0x29, 0x00, 0x29, 0x00, 0x29, 0x00, 0x29, 0x00, 0x29, 0x00, 0x29, 0x00, 0x29, 0x00, 0xe8, 
0x00, 0xc7, 0x00, 0xa7, 0x00, 0xa7, 0x00, 0x86, 0x00, 0x86, 0x00, 0x86, 0x00, 0x86, 0x00, 0xa7, 
0x00, 0xa7, 0x00, 0xa7, 0x00, 0xa7, 0x00, 0xc8, 0x00, 0xc8, 0x00, 0xe8, 0x00, 0xa7, 0x00, 0x20, 
0x00, 0x00, 0x00, 0x00, 0x00, 0x00, 0x00, 0x00, 0x00, 0x00, 0x00, 0x00, 0x00, 0x00, 0x00, 0x00, 
0x00, 0x00, 0x00, 0x00, 0x00, 0x00, 0x00, 0x00, 0x00, 0x00, 0x00, 0x00, 0x00, 0x00, 0x00, 0x00, 
0x00, 0x65, 0x00, 0x45, 0x00, 0x25, 0x00, 0x04, 0x00, 0x04, 0x00, 0xe4, 0x00, 0xa3, 0x00, 0xa3, 
0x00, 0x82, 0x00, 0x82, 0x00, 0x82, 0x00, 0x62, 0x00, 0x82, 0x00, 0x82, 0x00, 0x82, 0x00, 0x62, 
0x00, 0x62, 0x00, 0x62, 0x00, 0x62, 0x00, 0x62, 0x00, 0x62, 0x00, 0x62, 0x00, 0x62, 0x00, 0x62, 
0x00, 0x62, 0x00, 0x62, 0x00, 0x62, 0x00, 0x62, 0x00, 0x82, 0x00, 0x82, 0x00, 0x82, 0x00, 0x82, 
0x00, 0x82, 0x00, 0x82, 0x00, 0x82, 0x00, 0xa3, 0x00, 0x14, 0x00, 0x59, 0x00, 0x59, 0x00, 0x59, 
0x00, 0x59, 0x00, 0x59, 0x00, 0x79, 0x00, 0x79, 0x00, 0x59, 0x00, 0x79, 0x00, 0x79, 0x00, 0x79, 
0x00, 0x79, 0x00, 0x79, 0x00, 0x79, 0x00, 0x79, 0x00, 0x79, 0x00, 0x79, 0x00, 0x79, 0x00, 0x9a, 
0x00, 0x9a, 0x00, 0x9a, 0x00, 0x9a, 0x00, 0x79, 0x00, 0x51, 0x00, 0xc4, 0x00, 0xa3, 0x00, 0xa3, 
0x00, 0xc3, 0x00, 0xe4, 0x00, 0xe4, 0x00, 0xe4, 0x00, 0xe4, 0x00, 0xe4, 0x00, 0xe4, 0x00, 0xe4, 
0x00, 0xe4, 0x00, 0x04, 0x00, 0x04, 0x00, 0x04, 0x00, 0x04, 0x00, 0x04, 0x00, 0x04, 0x00, 0x04, 
0x00, 0x25, 0x00, 0x04, 0x00, 0x25, 0x00, 0x45, 0x00, 0x55, 0x00, 0xdb, 0x00, 0xdb, 0x00, 0xdb, 
0x00, 0xdb, 0x00, 0xdb, 0x00, 0xdb, 0x00, 0xfb, 0x00, 0xfb, 0x00, 0xdb, 0x00, 0xfb, 0x00, 0x1c, 
0x00, 0xfb, 0x00, 0xfb, 0x00, 0x1c, 0x00, 0x1c, 0x00, 0xfc, 0x00, 0xdb, 0x00, 0x1c, 0x00, 0x1c, 
0x00, 0x1c, 0x00, 0x1c, 0x00, 0x1c, 0x00, 0x18, 0x00, 0x66, 0x00, 0x46, 0x00, 0x46, 0x00, 0x86, 
0x00, 0x86, 0x00, 0x86, 0x00, 0xa7, 0x00, 0xa7, 0x00, 0xe8, 0x00, 0x29, 0x00, 0x29, 0x00, 0x6a, 
0x00, 0x6a, 0x00, 0x8b, 0x00, 0xab, 0x00, 0xab, 0x00, 0xab, 0x00, 0x8a, 0x00, 0x6a, 0x00, 0x6a, 
0x00, 0x29, 0x00, 0xe8, 0x00, 0xc8, 0x00, 0xa7, 0x00, 0x87, 0x00, 0x86, 0x00, 0xa7, 0x00, 0x87, 
0x00, 0xa7, 0x00, 0xa7, 0x00, 0xa7, 0x00, 0xa7, 0x00, 0xc7, 0x00, 0xe8, 0x00, 0xe8, 0x00, 0x65, 
0x00, 0x00, 0x00, 0x00, 0x00, 0x00, 0x00, 0x00, 0x00, 0x00, 0x00, 0x00, 0x00, 0x00, 0x00, 0x00, 
0x00, 0x00, 0x00, 0x00, 0x00, 0x00, 0x00, 0x00, 0x00, 0x00, 0x00, 0x00, 0x00, 0x00, 0x00, 0x24, 
0x00, 0x46, 0x00, 0x45, 0x00, 0x25, 0x00, 0x04, 0x00, 0xe4, 0x00, 0xa3, 0x00, 0xa3, 0x00, 0x82, 
0x00, 0x82, 0x00, 0x82, 0x00, 0x62, 0x00, 0x62, 0x00, 0x82, 0x00, 0x62, 0x00, 0x62, 0x00, 0x62, 
0x00, 0x62, 0x00, 0x62, 0x00, 0x62, 0x00, 0x62, 0x00, 0x62, 0x00, 0x62, 0x00, 0x62, 0x00, 0x62, 
0x00, 0x62, 0x00, 0x62, 0x00, 0x62, 0x00, 0x82, 0x00, 0x82, 0x00, 0x82, 0x00, 0x82, 0x00, 0x82, 
0x00, 0xa3, 0x00, 0xa3, 0x00, 0x25, 0x00, 0xf7, 0x00, 0x59, 0x00, 0x59, 0x00, 0x59, 0x00, 0x59, 
0x00, 0x59, 0x00, 0x59, 0x00, 0x59, 0x00, 0x59, 0x00, 0x59, 0x00, 0x79, 0x00, 0x79, 0x00, 0x79, 
0x00, 0x79, 0x00, 0x79, 0x00, 0x79, 0x00, 0x79, 0x00, 0x79, 0x00, 0x79, 0x00, 0x9a, 0x00, 0x9a, 
0x00, 0x79, 0x00, 0x9a, 0x00, 0x10, 0x00, 0xc3, 0x00, 0xa3, 0x00, 0xa3, 0x00, 0xa3, 0x00, 0xa3, 
0x00, 0xa3, 0x00, 0xc3, 0x00, 0xc3, 0x00, 0xe4, 0x00, 0xe4, 0x00, 0xe4, 0x00, 0xe4, 0x00, 0xe4, 
0x00, 0xe4, 0x00, 0xe4, 0x00, 0x04, 0x00, 0x04, 0x00, 0x04, 0x00, 0x25, 0x00, 0x25, 0x00, 0x25, 
0x00, 0x25, 0x00, 0x25, 0x00, 0x45, 0x00, 0x46, 0x00, 0x46, 0x00, 0x66, 0x00, 0x55, 0x00, 0xdb, 
0x00, 0xfb, 0x00, 0xdb, 0x00, 0xdb, 0x00, 0xdb, 0x00, 0xfb, 0x00, 0xfb, 0x00, 0x1c, 0x00, 0xfb, 
0x00, 0xfc, 0x00, 0x1c, 0x00, 0x1c, 0x00, 0x1c, 0x00, 0x1c, 0x00, 0x1c, 0x00, 0x1c, 0x00, 0x1c, 
0x00, 0x1c, 0x00, 0x1c, 0x00, 0x1c, 0x00, 0x1c, 0x00, 0xba, 0x00, 0x08, 0x00, 0x86, 0x00, 0x86, 
0x00, 0x87, 0x00, 0xa7, 0x00, 0xc7, 0x00, 0xe8, 0x00, 0x29, 0x00, 0x6a, 0x00, 0x6a, 0x00, 0xab, 
0x00, 0xab, 0x00, 0xec, 0x00, 0xec, 0x00, 0xec, 0x00, 0xec, 0x00, 0xec, 0x00, 0xec, 0x00, 0xab, 
0x00, 0xab, 0x00, 0x6a, 0x00, 0x29, 0x00, 0xe8, 0x00, 0xc7, 0x00, 0xa7, 0x00, 0xa7, 0x00, 0x87, 
0x00, 0xa7, 0x00, 0xa7, 0x00, 0xa7, 0x00, 0xa7, 0x00, 0xc8, 0x00, 0xe8, 0x00, 0xe8, 0x00, 0xc7, 
0x00, 0x24, 0x00, 0x00, 0x00, 0x00, 0x00, 0x00, 0x00, 0x00, 0x00, 0x00, 0x00, 0x00, 0x00, 0x00, 
0x00, 0x00, 0x00, 0x00, 0x00, 0x00, 0x00, 0x00, 0x00, 0x00, 0x00, 0x00, 0x00, 0xe3, 0x00, 0x86, 
0x00, 0x46, 0x00, 0x45, 0x00, 0x25, 0x00, 0x04, 0x00, 0xe4, 0x00, 0xa3, 0x00, 0xa3, 0x00, 0x82, 
0x00, 0x82, 0x00, 0x82, 0x00, 0x82, 0x00, 0x62, 0x00, 0x62, 0x00, 0x62, 0x00, 0x62, 0x00, 0x62, 
0x00, 0x62, 0x00, 0x62, 0x00, 0x62, 0x00, 0x62, 0x00, 0x62, 0x00, 0x62, 0x00, 0x62, 0x00, 0x62, 
0x00, 0x62, 0x00, 0x82, 0x00, 0x82, 0x00, 0x82, 0x00, 0x82, 0x00, 0x82, 0x00, 0xa3, 0x00, 0xa3, 
0x00, 0xa3, 0x00, 0x25, 0x00, 0xf7, 0x00, 0x59, 0x00, 0x59, 0x00, 0x59, 0x00, 0x59, 0x00, 0x59, 
0x00, 0x79, 0x00, 0x59, 0x00, 0x59, 0x00, 0x79, 0x00, 0x79, 0x00, 0x79, 0x00, 0x79, 0x00, 0x79, 
0x00, 0x79, 0x00, 0x79, 0x00, 0x79, 0x00, 0x79, 0x00, 0x79, 0x00, 0x79, 0x00, 0x79, 0x00, 0x9a, 
0x00, 0xb7, 0x00, 0x25, 0x00, 0xa3, 0x00, 0xa3, 0x00, 0xa3, 0x00, 0xa3, 0x00, 0xa3, 0x00, 0xa3, 
0x00, 0xa3, 0x00, 0xa3, 0x00, 0xe4, 0x00, 0xe4, 0x00, 0xe4, 0x00, 0xe4, 0x00, 0xe4, 0x00, 0xe4, 
0x00, 0xe4, 0x00, 0xe4, 0x00, 0x04, 0x00, 0x04, 0x00, 0x04, 0x00, 0x25, 0x00, 0x25, 0x00, 0x25, 
0x00, 0x46, 0x00, 0x46, 0x00, 0x66, 0x00, 0x66, 0x00, 0x86, 0x00, 0x86, 0x00, 0x86, 0x00, 0xcc, 
0x00, 0xdb, 0x00, 0xdb, 0x00, 0xfb, 0x00, 0xfb, 0x00, 0xfb, 0x00, 0xfb, 0x00, 0x1c, 0x00, 0x1c, 
0x00, 0x1c, 0x00, 0xfb, 0x00, 0x1c, 0x00, 0x1c, 0x00, 0x1c, 0x00, 0x1c, 0x00, 0x1c, 0x00, 0x1c, 
0x00, 0x1c, 0x00, 0x1c, 0x00, 0x1c, 0x00, 0x1c, 0x00, 0x1c, 0x00, 0xbb, 0x00, 0x29, 0x00, 0xa7, 
0x00, 0xa7, 0x00, 0xc7, 0x00, 0xe8, 0x00, 0x29, 0x00, 0x4a, 0x00, 0x6a, 0x00, 0xab, 0x00, 0xec, 
0x00, 0x2d, 0x00, 0x4d, 0x00, 0x6e, 0x00, 0x6e, 0x00, 0x6e, 0x00, 0x6e, 0x00, 0x6e, 0x00, 0x2d, 
0x00, 0xec, 0x00, 0xab, 0x00, 0x8a, 0x00, 0x29, 0x00, 0xe8, 0x00, 0xe8, 0x00, 0xa7, 0x00, 0xa7, 
0x00, 0xa7, 0x00, 0xa7, 0x00, 0xa7, 0x00, 0xa7, 0x00, 0xc7, 0x00, 0xc7, 0x00, 0xe8, 0x00, 0xe8, 
0x00, 0x86, 0x00, 0x00, 0x00, 0x00, 0x00, 0x00, 0x00, 0x00, 0x00, 0x00, 0x00, 0x00, 0x00, 0x00, 
0x00, 0x00, 0x00, 0x00, 0x00, 0x00, 0x00, 0x00, 0x00, 0x00, 0x00, 0x00, 0x00, 0x04, 0x00, 0x45, 
0x00, 0x46, 0x00, 0x25, 0x00, 0x04, 0x00, 0xe4, 0x00, 0xe4, 0x00, 0xa3, 0x00, 0xa3, 0x00, 0x82, 
0x00, 0x82, 0x00, 0x82, 0x00, 0x62, 0x00, 0x62, 0x00, 0x62, 0x00, 0x62, 0x00, 0x62, 0x00, 0x62, 
0x00, 0x62, 0x00, 0x62, 0x00, 0x62, 0x00, 0x62, 0x00, 0x62, 0x00, 0x62, 0x00, 0x62, 0x00, 0x62, 
0x00, 0x82, 0x00, 0x82, 0x00, 0x82, 0x00, 0x82, 0x00, 0xa3, 0x00, 0xa3, 0x00, 0xa3, 0x00, 0xc3, 
0x00, 0x04, 0x00, 0xd7, 0x00, 0x59, 0x00, 0x59, 0x00, 0x59, 0x00, 0x59, 0x00, 0x59, 0x00, 0x79, 
0x00, 0x79, 0x00, 0x59, 0x00, 0x59, 0x00, 0x79, 0x00, 0x79, 0x00, 0x79, 0x00, 0x79, 0x00, 0x79, 
0x00, 0x79, 0x00, 0x79, 0x00, 0x79, 0x00, 0x9a, 0x00, 0x9a, 0x00, 0x9a, 0x00, 0x9a, 0x00, 0x72, 
0x00, 0xe4, 0x00, 0xa3, 0x00, 0xa3, 0x00, 0xa3, 0x00, 0xa3, 0x00, 0xa3, 0x00, 0xa3, 0x00, 0xa3, 
0x00, 0xa3, 0x00, 0xa3, 0x00, 0xa3, 0x00, 0xc3, 0x00, 0xe4, 0x00, 0xe4, 0x00, 0xe4, 0x00, 0xe4, 
0x00, 0x04, 0x00, 0x04, 0x00, 0x04, 0x00, 0x25, 0x00, 0x25, 0x00, 0x25, 0x00, 0x45, 0x00, 0x46, 
0x00, 0x46, 0x00, 0x86, 0x00, 0x86, 0x00, 0xa7, 0x00, 0xa7, 0x00, 0xa7, 0x00, 0xe8, 0x00, 0xe8, 
0x00, 0x49, 0x00, 0x59, 0x00, 0xdb, 0x00, 0xfc, 0x00, 0xfb, 0x00, 0xfc, 0x00, 0xfc, 0x00, 0xfc, 
0x00, 0xfc, 0x00, 0x1c, 0x00, 0xfc, 0x00, 0x1c, 0x00, 0x1c, 0x00, 0x1c, 0x00, 0x1c, 0x00, 0x1c, 
0x00, 0x1c, 0x00, 0x1c, 0x00, 0x1c, 0x00, 0x1c, 0x00, 0x1c, 0x00, 0x1c, 0x00, 0xba, 0x00, 0x08, 
0x00, 0xe8, 0x00, 0xe8, 0x00, 0x29, 0x00, 0x49, 0x00, 0x6a, 0x00, 0xab, 0x00, 0xec, 0x00, 0x2d, 
0x00, 0x6e, 0x00, 0xaf, 0x00, 0xd0, 0x00, 0x10, 0x00, 0x10, 0x00, 0x10, 0x00, 0xf0, 0x00, 0xaf, 
0x00, 0x8e, 0x00, 0x2d, 0x00, 0xec, 0x00, 0x6a, 0x00, 0x4a, 0x00, 0x08, 0x00, 0xe8, 0x00, 0xa7, 
0x00, 0xa7, 0x00, 0xa7, 0x00, 0xa7, 0x00, 0xa7, 0x00, 0xc8, 0x00, 0xc7, 0x00, 0xe8, 0x00, 0xe8, 
0x00, 0xe8, 0x00, 0x04, 0x00, 0x00, 0x00, 0x00, 0x00, 0x00, 0x00, 0x00, 0x00, 0x00, 0x00, 0x00, 
0x00, 0x00, 0x00, 0x00, 0x00, 0x00, 0x00, 0x00, 0x00, 0x00, 0x00, 0x00, 0x00, 0x86, 0x00, 0x66, 
0x00, 0x46, 0x00, 0x25, 0x00, 0x04, 0x00, 0xe4, 0x00, 0xe4, 0x00, 0xa3, 0x00, 0xa3, 0x00, 0x82, 
0x00, 0x82, 0x00, 0x82, 0x00, 0x62, 0x00, 0x62, 0x00, 0x62, 0x00, 0x62, 0x00, 0x62, 0x00, 0x62, 
0x00, 0x62, 0x00, 0x62, 0x00, 0x62, 0x00, 0x62, 0x00, 0x62, 0x00, 0x62, 0x00, 0x82, 0x00, 0x82, 
0x00, 0x82, 0x00, 0x82, 0x00, 0xa3, 0x00, 0xa3, 0x00, 0xa3, 0x00, 0xc3, 0x00, 0xe4, 0x00, 0xe4, 
0x00, 0x75, 0x00, 0x59, 0x00, 0x59, 0x00, 0x79, 0x00, 0x59, 0x00, 0x79, 0x00, 0x79, 0x00, 0x79, 
0x00, 0x79, 0x00, 0x79, 0x00, 0x79, 0x00, 0x79, 0x00, 0x79, 0x00, 0x79, 0x00, 0x79, 0x00, 0x79, 
0x00, 0x79, 0x00, 0x79, 0x00, 0x9a, 0x00, 0x9a, 0x00, 0x9a, 0x00, 0x9a, 0x00, 0x31, 0x00, 0xe4, 
0x00, 0xe4, 0x00, 0xc3, 0x00, 0xa3, 0x00, 0xa3, 0x00, 0xa3, 0x00, 0xa3, 0x00, 0xa3, 0x00, 0xa3, 
0x00, 0xa3, 0x00, 0xc3, 0x00, 0xc3, 0x00, 0xc3, 0x00, 0xc3, 0x00, 0xe4, 0x00, 0xe4, 0x00, 0xe4, 
0x00, 0xe4, 0x00, 0x04, 0x00, 0x25, 0x00, 0x25, 0x00, 0x25, 0x00, 0x45, 0x00, 0x46, 0x00, 0x66, 
0x00, 0x86, 0x00, 0x87, 0x00, 0xa7, 0x00, 0xc7, 0x00, 0xe8, 0x00, 0xe8, 0x00, 0x08, 0x00, 0x29, 
0x00, 0x29, 0x00, 0x6a, 0x00, 0x9a, 0x00, 0xfb, 0x00, 0xfb, 0x00, 0xfb, 0x00, 0xfb, 0x00, 0xfb, 
0x00, 0x1c, 0x00, 0x1c, 0x00, 0x1c, 0x00, 0x1c, 0x00, 0x1c, 0x00, 0x1c, 0x00, 0x1c, 0x00, 0x1c, 
0x00, 0x1c, 0x00, 0x1c, 0x00, 0x1c, 0x00, 0x1c, 0x00, 0x1c, 0x00, 0x1c, 0x00, 0x1c, 0x00, 0x39, 
0x00, 0x29, 0x00, 0x29, 0x00, 0x4a, 0x00, 0x6a, 0x00, 0x8b, 0x00, 0xec, 0x00, 0x0c, 0x00, 0x4e, 
0x00, 0xcf, 0x00, 0xf0, 0x00, 0x31, 0x00, 0x72, 0x00, 0x72, 0x00, 0x72, 0x00, 0x72, 0x00, 0x31, 
0x00, 0xf0, 0x00, 0xcf, 0x00, 0x4e, 0x00, 0xec, 0x00, 0x8b, 0x00, 0x49, 0x00, 0x08, 0x00, 0xe8, 
0x00, 0xc7, 0x00, 0xa7, 0x00, 0xa7, 0x00, 0xa7, 0x00, 0xa7, 0x00, 0xc7, 0x00, 0xc8, 0x00, 0xe8, 
0x00, 0xe8, 0x00, 0xa7, 0x00, 0x00, 0x00, 0x00, 0x00, 0x00, 0x00, 0x00, 0x00, 0x00, 0x00, 0x00, 
0x00, 0x00, 0x00, 0x00, 0x00, 0x00, 0x00, 0x00, 0x00, 0x00, 0x00, 0xc3, 0x00, 0x86, 0x00, 0x46, 
0x00, 0x25, 0x00, 0x04, 0x00, 0xe4, 0x00, 0xe4, 0x00, 0xc3, 0x00, 0xa3, 0x00, 0xa3, 0x00, 0x82, 
0x00, 0x82, 0x00, 0x82, 0x00, 0x62, 0x00, 0x62, 0x00, 0x62, 0x00, 0x62, 0x00, 0x62, 0x00, 0x62, 
0x00, 0x62, 0x00, 0x62, 0x00, 0x62, 0x00, 0x62, 0x00, 0x62, 0x00, 0x62, 0x00, 0x82, 0x00, 0x82, 
0x00, 0x82, 0x00, 0xa3, 0x00, 0xa3, 0x00, 0xa3, 0x00, 0xe4, 0x00, 0xe4, 0x00, 0x04, 0x00, 0x71, 
0x00, 0x59, 0x00, 0x59, 0x00, 0x59, 0x00, 0x59, 0x00, 0x79, 0x00, 0x59, 0x00, 0x79, 0x00, 0x79, 
0x00, 0x79, 0x00, 0x79, 0x00, 0x79, 0x00, 0x79, 0x00, 0x79, 0x00, 0x79, 0x00, 0x79, 0x00, 0x9a, 
0x00, 0x9a, 0x00, 0x9a, 0x00, 0x79, 0x00, 0x9a, 0x00, 0x9a, 0x00, 0x72, 0x00, 0x04, 0x00, 0xe4, 
0x00, 0xe4, 0x00, 0xe4, 0x00, 0xe4, 0x00, 0xc3, 0x00, 0xa3, 0x00, 0xa3, 0x00, 0xa3, 0x00, 0xa3, 
0x00, 0xa3, 0x00, 0xa3, 0x00, 0xc3, 0x00, 0xc3, 0x00, 0xc3, 0x00, 0xe4, 0x00, 0xe4, 0x00, 0x04, 
0x00, 0xe4, 0x00, 0x04, 0x00, 0x25, 0x00, 0x25, 0x00, 0x46, 0x00, 0x46, 0x00, 0x86, 0x00, 0xa7, 
0x00, 0xa7, 0x00, 0xc8, 0x00, 0xe8, 0x00, 0x08, 0x00, 0x29, 0x00, 0x49, 0x00, 0x49, 0x00, 0x6a, 
0x00, 0x8b, 0x00, 0x8b, 0x00, 0xcb, 0x00, 0xba, 0x00, 0xfb, 0x00, 0xfc, 0x00, 0x1c, 0x00, 0x1c, 
0x00, 0x1c, 0x00, 0x1c, 0x00, 0x1c, 0x00, 0x1c, 0x00, 0x1c, 0x00, 0x1c, 0x00, 0x1c, 0x00, 0x1c, 
0x00, 0x1c, 0x00, 0x1c, 0x00, 0x1c, 0x00, 0x1c, 0x00, 0x1c, 0x00, 0x1c, 0x00, 0x3c, 0x00, 0x3c, 
0x00, 0xb6, 0x00, 0x6a, 0x00, 0x6a, 0x00, 0xab, 0x00, 0xab, 0x00, 0xec, 0x00, 0x4d, 0x00, 0x8e, 
0x00, 0xd0, 0x00, 0x31, 0x00, 0x72, 0x00, 0xb3, 0x00, 0xb3, 0x00, 0xd4, 0x00, 0xd4, 0x00, 0xb3, 
0x00, 0x72, 0x00, 0x31, 0x00, 0xaf, 0x00, 0x4e, 0x00, 0xec, 0x00, 0x8a, 0x00, 0x49, 0x00, 0x08, 
0x00, 0xe8, 0x00, 0xa7, 0x00, 0xa7, 0x00, 0xa7, 0x00, 0xa7, 0x00, 0xc8, 0x00, 0xc7, 0x00, 0xe8, 
0x00, 0xe8, 0x00, 0xe8, 0x00, 0xc3, 0x00, 0x00, 0x00, 0x00, 0x00, 0x00, 0x00, 0x00, 0x00, 0x00, 
0x00, 0x00, 0x00, 0x00, 0x00, 0x00, 0x00, 0x00, 0x00, 0x41, 0x00, 0x65, 0x00, 0x86, 0x00, 0x46, 
0x00, 0x25, 0x00, 0x04, 0x00, 0xe4, 0x00, 0xe4, 0x00, 0xc3, 0x00, 0xa3, 0x00, 0xa3, 0x00, 0x82, 
0x00, 0x82, 0x00, 0x82, 0x00, 0x62, 0x00, 0x62, 0x00, 0x62, 0x00, 0x62, 0x00, 0x62, 0x00, 0x62, 
0x00, 0x62, 0x00, 0x62, 0x00, 0x62, 0x00, 0x62, 0x00, 0x82, 0x00, 0x82, 0x00, 0x82, 0x00, 0x83, 
0x00, 0xa3, 0x00, 0xa3, 0x00, 0xe4, 0x00, 0xe4, 0x00, 0x04, 0x00, 0x04, 0x00, 0x2d, 0x00, 0x59, 
0x00, 0x59, 0x00, 0x59, 0x00, 0x79, 0x00, 0x79, 0x00, 0x79, 0x00, 0x79, 0x00, 0x79, 0x00, 0x79, 
0x00, 0x79, 0x00, 0x79, 0x00, 0x79, 0x00, 0x79, 0x00, 0x79, 0x00, 0x79, 0x00, 0x79, 0x00, 0x9a, 
0x00, 0x79, 0x00, 0x9a, 0x00, 0x9a, 0x00, 0x9a, 0x00, 0xf7, 0x00, 0x25, 0x00, 0x25, 0x00, 0x04, 
0x00, 0x04, 0x00, 0xe4, 0x00, 0xe4, 0x00, 0xe4, 0x00, 0xc3, 0x00, 0xc3, 0x00, 0xa3, 0x00, 0xa3, 
0x00, 0xa3, 0x00, 0xc3, 0x00, 0xc3, 0x00, 0xc3, 0x00, 0xe4, 0x00, 0xc7, 0x00, 0xec, 0x00, 0xaf, 
0x00, 0xf0, 0x00, 0xaf, 0x00, 0xec, 0x00, 0xc7, 0x00, 0x46, 0x00, 0x86, 0x00, 0xa7, 0x00, 0xa7, 
0x00, 0xe8, 0x00, 0x08, 0x00, 0x29, 0x00, 0x4a, 0x00, 0x6a, 0x00, 0x8a, 0x00, 0xab, 0x00, 0xab, 
0x00, 0xcc, 0x00, 0xec, 0x00, 0xec, 0x00, 0xcf, 0x00, 0x1c, 0x00, 0x1c, 0x00, 0x1c, 0x00, 0x1c, 
0x00, 0x1c, 0x00, 0x1c, 0x00, 0x1c, 0x00, 0x1c, 0x00, 0x1c, 0x00, 0x1c, 0x00, 0x1c, 0x00, 0x1c, 
0x00, 0x1c, 0x00, 0x1c, 0x00, 0x1c, 0x00, 0x3c, 0x00, 0x3c, 0x00, 0x1c, 0x00, 0x1c, 0x00, 0x1c, 
0x00, 0x1c, 0x00, 0x92, 0x00, 0xab, 0x00, 0xcb, 0x00, 0xec, 0x00, 0xec, 0x00, 0x4d, 0x00, 0x8e, 
0x00, 0xf0, 0x00, 0x31, 0x00, 0x72, 0x00, 0xd4, 0x00, 0xd4, 0x00, 0xd4, 0x00, 0x14, 0x00, 0xd4, 
0x00, 0xd4, 0x00, 0x72, 0x00, 0x31, 0x00, 0xaf, 0x00, 0x4d, 0x00, 0xcb, 0x00, 0x6a, 0x00, 0x29, 
0x00, 0xe8, 0x00, 0xc8, 0x00, 0xc8, 0x00, 0xc7, 0x00, 0xc7, 0x00, 0xc7, 0x00, 0xc7, 0x00, 0xe8, 
0x00, 0xe8, 0x00, 0xe8, 0x00, 0xa6, 0x00, 0x00, 0x00, 0x00, 0x00, 0x00, 0x00, 0x00, 0x00, 0x00, 
0x00, 0x00, 0x00, 0x00, 0x00, 0x00, 0x00, 0x00, 0x00, 0x82, 0x00, 0x86, 0x00, 0x66, 0x00, 0x25, 
0x00, 0x25, 0x00, 0x04, 0x00, 0xe4, 0x00, 0xe4, 0x00, 0xa3, 0x00, 0xa3, 0x00, 0xa3, 0x00, 0x82, 
0x00, 0x82, 0x00, 0x82, 0x00, 0x62, 0x00, 0x62, 0x00, 0x62, 0x00, 0x62, 0x00, 0x62, 0x00, 0x62, 
0x00, 0x62, 0x00, 0x62, 0x00, 0x62, 0x00, 0x82, 0x00, 0x82, 0x00, 0x82, 0x00, 0x83, 0x00, 0xa3, 
0x00, 0xc3, 0x00, 0xe4, 0x00, 0xe4, 0x00, 0x04, 0x00, 0x25, 0x00, 0xab, 0x00, 0x38, 0x00, 0x59, 
0x00, 0x59, 0x00, 0x79, 0x00, 0x79, 0x00, 0x79, 0x00, 0x79, 0x00, 0x79, 0x00, 0x79, 0x00, 0x79, 
0x00, 0x79, 0x00, 0x79, 0x00, 0x79, 0x00, 0x79, 0x00, 0x79, 0x00, 0x79, 0x00, 0x9a, 0x00, 0x79, 
0x00, 0x79, 0x00, 0x9a, 0x00, 0x9a, 0x00, 0x79, 0x00, 0x29, 0x00, 0x46, 0x00, 0x45, 0x00, 0x25, 
0x00, 0x04, 0x00, 0x04, 0x00, 0xe4, 0x00, 0xe4, 0x00, 0xe4, 0x00, 0xe4, 0x00, 0xc3, 0x00, 0xa3, 
0x00, 0xa3, 0x00, 0xc3, 0x00, 0x8a, 0x00, 0xb6, 0x00, 0xba, 0x00, 0xba, 0x00, 0xba, 0x00, 0xba, 
0x00, 0xba, 0x00, 0xba, 0x00, 0xdb, 0x00, 0xdb, 0x00, 0x9a, 0x00, 0xb2, 0x00, 0x09, 0x00, 0xe8, 
0x00, 0x29, 0x00, 0x49, 0x00, 0x6a, 0x00, 0x8a, 0x00, 0xab, 0x00, 0xcb, 0x00, 0xec, 0x00, 0x0c, 
0x00, 0x0d, 0x00, 0x4d, 0x00, 0x4e, 0x00, 0x6e, 0x00, 0x76, 0x00, 0x1c, 0x00, 0x1c, 0x00, 0x1c, 
0x00, 0x1c, 0x00, 0x1c, 0x00, 0x1c, 0x00, 0x1c, 0x00, 0x1c, 0x00, 0x1c, 0x00, 0x1c, 0x00, 0x1c, 
0x00, 0x1c, 0x00, 0x1c, 0x00, 0x3c, 0x00, 0x3c, 0x00, 0x1c, 0x00, 0x3c, 0x00, 0x3c, 0x00, 0x3c, 
0x00, 0x3c, 0x00, 0x1c, 0x00, 0x31, 0x00, 0xec, 0x00, 0xec, 0x00, 0x4d, 0x00, 0x4d, 0x00, 0x8e, 
0x00, 0xd0, 0x00, 0x31, 0x00, 0x72, 0x00, 0xd4, 0x00, 0xd4, 0x00, 0xf4, 0x00, 0x14, 0x00, 0x15, 
0x00, 0xd4, 0x00, 0xd4, 0x00, 0x72, 0x00, 0x10, 0x00, 0x8e, 0x00, 0xec, 0x00, 0xab, 0x00, 0x4a, 
0x00, 0x29, 0x00, 0xe8, 0x00, 0xc8, 0x00, 0xc7, 0x00, 0xc7, 0x00, 0xc7, 0x00, 0xc8, 0x00, 0xe8, 
0x00, 0xe8, 0x00, 0xe8, 0x00, 0xc7, 0x00, 0x82, 0x00, 0x00, 0x00, 0x00, 0x00, 0x00, 0x00, 0x00, 
0x00, 0x00, 0x00, 0x00, 0x00, 0x00, 0x00, 0x00, 0x00, 0x65, 0x00, 0x66, 0x00, 0x66, 0x00, 0x25, 
0x00, 0x04, 0x00, 0x04, 0x00, 0xe4, 0x00, 0xc3, 0x00, 0xa3, 0x00, 0xa3, 0x00, 0x83, 0x00, 0x82, 
0x00, 0x82, 0x00, 0x82, 0x00, 0x62, 0x00, 0x62, 0x00, 0x62, 0x00, 0x62, 0x00, 0x62, 0x00, 0x62, 
0x00, 0x62, 0x00, 0x62, 0x00, 0x62, 0x00, 0x82, 0x00, 0x82, 0x00, 0x82, 0x00, 0xa3, 0x00, 0xc3, 
0x00, 0xe4, 0x00, 0x04, 0x00, 0x04, 0x00, 0x45, 0x00, 0xc7, 0x00, 0xd7, 0x00, 0x59, 0x00, 0x79, 
0x00, 0x79, 0x00, 0x79, 0x00, 0x79, 0x00, 0x79, 0x00, 0x79, 0x00, 0x79, 0x00, 0x79, 0x00, 0x79, 
0x00, 0x79, 0x00, 0x79, 0x00, 0x79, 0x00, 0x9a, 0x00, 0x79, 0x00, 0x79, 0x00, 0x9a, 0x00, 0x9a, 
0x00, 0x9a, 0x00, 0x9a, 0x00, 0x9a, 0x00, 0xd3, 0x00, 0xa7, 0x00, 0x86, 0x00, 0x66, 0x00, 0x46, 
0x00, 0x25, 0x00, 0x25, 0x00, 0x04, 0x00, 0xe4, 0x00, 0xe4, 0x00, 0xe4, 0x00, 0xe4, 0x00, 0xa3, 
0x00, 0x45, 0x00, 0x18, 0x00, 0xba, 0x00, 0xba, 0x00, 0xba, 0x00, 0xba, 0x00, 0xba, 0x00, 0xbb, 
0x00, 0xbb, 0x00, 0xba, 0x00, 0xba, 0x00, 0xdb, 0x00, 0xdb, 0x00, 0xdb, 0x00, 0xdb, 0x00, 0x10, 
0x00, 0x29, 0x00, 0x6a, 0x00, 0xab, 0x00, 0xab, 0x00, 0xec, 0x00, 0xec, 0x00, 0x4d, 0x00, 0x4d, 
0x00, 0x6e, 0x00, 0x8e, 0x00, 0xaf, 0x00, 0xaf, 0x00, 0x10, 0x00, 0xfb, 0x00, 0x1c, 0x00, 0x1c, 
0x00, 0x1c, 0x00, 0x1c, 0x00, 0x1c, 0x00, 0x1c, 0x00, 0x1c, 0x00, 0x1c, 0x00, 0x1c, 0x00, 0x1c, 
0x00, 0x1c, 0x00, 0x3c, 0x00, 0x3c, 0x00, 0x1c, 0x00, 0x3c, 0x00, 0x3c, 0x00, 0x3c, 0x00, 0x3c, 
0x00, 0x3c, 0x00, 0x3c, 0x00, 0xfb, 0x00, 0x6e, 0x00, 0x0d, 0x00, 0x4d, 0x00, 0x4d, 0x00, 0x8e, 
0x00, 0xcf, 0x00, 0x10, 0x00, 0x51, 0x00, 0x92, 0x00, 0xd4, 0x00, 0xd4, 0x00, 0xd4, 0x00, 0x35, 
0x00, 0x14, 0x00, 0xd4, 0x00, 0x92, 0x00, 0x31, 0x00, 0xaf, 0x00, 0x4d, 0x00, 0xec, 0x00, 0x6a, 
0x00, 0x29, 0x00, 0xe8, 0x00, 0xe8, 0x00, 0xe8, 0x00, 0xc7, 0x00, 0xc7, 0x00, 0xc7, 0x00, 0xc8, 
0x00, 0xe8, 0x00, 0xe8, 0x00, 0xe8, 0x00, 0x86, 0x00, 0x00, 0x00, 0x00, 0x00, 0x00, 0x00, 0x00, 
0x00, 0x00, 0x00, 0x00, 0x00, 0x00, 0x00, 0xcc, 0x00, 0x45, 0x00, 0x66, 0x00, 0x46, 0x00, 0x25, 
0x00, 0x04, 0x00, 0xe4, 0x00, 0xe4, 0x00, 0xc3, 0x00, 0xa3, 0x00, 0xa3, 0x00, 0x82, 0x00, 0x82, 
0x00, 0x82, 0x00, 0x82, 0x00, 0x62, 0x00, 0x62, 0x00, 0x62, 0x00, 0x62, 0x00, 0x62, 0x00, 0x62, 
0x00, 0x62, 0x00, 0x62, 0x00, 0x82, 0x00, 0x82, 0x00, 0x82, 0x00, 0xa3, 0x00, 0xc3, 0x00, 0xe4, 
0x00, 0x04, 0x00, 0x25, 0x00, 0x45, 0x00, 0x66, 0x00, 0xb3, 0x00, 0x59, 0x00, 0x59, 0x00, 0x59, 
0x00, 0x59, 0x00, 0x79, 0x00, 0x79, 0x00, 0x79, 0x00, 0x79, 0x00, 0x79, 0x00, 0x79, 0x00, 0x79, 
0x00, 0x79, 0x00, 0x79, 0x00, 0x79, 0x00, 0x79, 0x00, 0x79, 0x00, 0x79, 0x00, 0x9a, 0x00, 0x9a, 
0x00, 0x9a, 0x00, 0x9a, 0x00, 0x9a, 0x00, 0xab, 0x00, 0xc7, 0x00, 0xa7, 0x00, 0x86, 0x00, 0x66, 
0x00, 0x46, 0x00, 0x25, 0x00, 0x04, 0x00, 0x04, 0x00, 0xe4, 0x00, 0xe4, 0x00, 0xe4, 0x00, 0x66, 
0x00, 0x9a, 0x00, 0xba, 0x00, 0xba, 0x00, 0xba, 0x00, 0xba, 0x00, 0xba, 0x00, 0xba, 0x00, 0xba, 
0x00, 0xbb, 0x00, 0xdb, 0x00, 0xdb, 0x00, 0xdb, 0x00, 0xdb, 0x00, 0xdb, 0x00, 0xdb, 0x00, 0xdb, 
0x00, 0xd3, 0x00, 0x8a, 0x00, 0xab, 0x00, 0xec, 0x00, 0x0c, 0x00, 0x4d, 0x00, 0x4e, 0x00, 0x8e, 
0x00, 0xaf, 0x00, 0xcf, 0x00, 0xf0, 0x00, 0xf0, 0x00, 0x10, 0x00, 0xd7, 0x00, 0x1c, 0x00, 0x1c, 
0x00, 0x1c, 0x00, 0x1c, 0x00, 0x1c, 0x00, 0x1c, 0x00, 0x1c, 0x00, 0x1c, 0x00, 0x1c, 0x00, 0x1c, 
0x00, 0x3c, 0x00, 0x1c, 0x00, 0x3c, 0x00, 0x3c, 0x00, 0x3c, 0x00, 0x3c, 0x00, 0x3c, 0x00, 0x3c, 
0x00, 0x3c, 0x00, 0x3c, 0x00, 0x3c, 0x00, 0xf8, 0x00, 0x4d, 0x00, 0x4d, 0x00, 0x4e, 0x00, 0x8e, 
0x00, 0xaf, 0x00, 0xf0, 0x00, 0x10, 0x00, 0x51, 0x00, 0x72, 0x00, 0xd4, 0x00, 0xd4, 0x00, 0xd4, 
0x00, 0xd4, 0x00, 0xd4, 0x00, 0x93, 0x00, 0x52, 0x00, 0xf0, 0x00, 0x8e, 0x00, 0xec, 0x00, 0x8b, 
0x00, 0x6a, 0x00, 0x29, 0x00, 0xe8, 0x00, 0xe8, 0x00, 0xc8, 0x00, 0xc7, 0x00, 0xc8, 0x00, 0xe8, 
0x00, 0xe8, 0x00, 0xe8, 0x00, 0xe8, 0x00, 0x66, 0x00, 0x20, 0x00, 0x00, 0x00, 0x00, 0x00, 0x00, 
0x00, 0x00, 0x00, 0x00, 0x00, 0x00, 0x00, 0x61, 0x00, 0x86, 0x00, 0x66, 0x00, 0x45, 0x00, 0x04, 
0x00, 0x04, 0x00, 0xe4, 0x00, 0xe4, 0x00, 0xc3, 0x00, 0xa3, 0x00, 0xa3, 0x00, 0x82, 0x00, 0x82, 
0x00, 0x82, 0x00, 0x62, 0x00, 0x62, 0x00, 0x62, 0x00, 0x62, 0x00, 0x62, 0x00, 0x62, 0x00, 0x62, 
0x00, 0x62, 0x00, 0x82, 0x00, 0x82, 0x00, 0x82, 0x00, 0xa3, 0x00, 0xa3, 0x00, 0xe4, 0x00, 0x04, 
0x00, 0x25, 0x00, 0x46, 0x00, 0x86, 0x00, 0x4a, 0x00, 0x59, 0x00, 0x79, 0x00, 0x59, 0x00, 0x59, 
0x00, 0x79, 0x00, 0x79, 0x00, 0x79, 0x00, 0x79, 0x00, 0x79, 0x00, 0x79, 0x00, 0x79, 0x00, 0x79, 
0x00, 0x79, 0x00, 0x79, 0x00, 0x9a, 0x00, 0x9a, 0x00, 0x9a, 0x00, 0x9a, 0x00, 0x9a, 0x00, 0x9a, 
0x00, 0x9a, 0x00, 0x9a, 0x00, 0xf7, 0x00, 0x08, 0x00, 0xe8, 0x00, 0xc8, 0x00, 0xa7, 0x00, 0x86, 
0x00, 0x66, 0x00, 0x46, 0x00, 0x25, 0x00, 0x25, 0x00, 0x04, 0x00, 0xe4, 0x00, 0xe4, 0x00, 0x18, 
0x00, 0xba, 0x00, 0xba, 0x00, 0xba, 0x00, 0xba, 0x00, 0xba, 0x00, 0xba, 0x00, 0xba, 0x00, 0xbb, 
0x00, 0xdb, 0x00, 0xba, 0x00, 0xdb, 0x00, 0xdb, 0x00, 0xdb, 0x00, 0xdb, 0x00, 0xdb, 0x00, 0xdb, 
0x00, 0xdb, 0x00, 0xcf, 0x00, 0xec, 0x00, 0x2d, 0x00, 0x4d, 0x00, 0x6e, 0x00, 0x8e, 0x00, 0xaf, 
0x00, 0xcf, 0x00, 0xf0, 0x00, 0x10, 0x00, 0x10, 0x00, 0x31, 0x00, 0x14, 0x00, 0x1c, 0x00, 0x1c, 
0x00, 0x1c, 0x00, 0x1c, 0x00, 0x1c, 0x00, 0x1c, 0x00, 0x1c, 0x00, 0x1c, 0x00, 0x1c, 0x00, 0x1c, 
0x00, 0x1c, 0x00, 0x1c, 0x00, 0x3c, 0x00, 0x3c, 0x00, 0x3c, 0x00, 0x3c, 0x00, 0x3c, 0x00, 0x3c, 
0x00, 0x3c, 0x00, 0x3c, 0x00, 0x3c, 0x00, 0x3c, 0x00, 0x31, 0x00, 0x8e, 0x00, 0x8e, 0x00, 0x8e, 
0x00, 0xaf, 0x00, 0xcf, 0x00, 0x10, 0x00, 0x11, 0x00, 0x52, 0x00, 0xb3, 0x00, 0xd4, 0x00, 0xd4, 
0x00, 0xd4, 0x00, 0xd4, 0x00, 0x92, 0x00, 0x52, 0x00, 0x11, 0x00, 0xaf, 0x00, 0x2d, 0x00, 0xcc, 
0x00, 0x6a, 0x00, 0x29, 0x00, 0xe8, 0x00, 0xe8, 0x00, 0xc8, 0x00, 0xc7, 0x00, 0xa7, 0x00, 0xc8, 
0x00, 0xe8, 0x00, 0xe8, 0x00, 0xe8, 0x00, 0xe8, 0x00, 0x61, 0x00, 0x00, 0x00, 0x00, 0x00, 0x00, 
0x00, 0x00, 0x00, 0x00, 0x00, 0x00, 0x00, 0x86, 0x00, 0x86, 0x00, 0x66, 0x00, 0x25, 0x00, 0x04, 
0x00, 0x04, 0x00, 0xe4, 0x00, 0xc3, 0x00, 0xc3, 0x00, 0xa3, 0x00, 0xa3, 0x00, 0x82, 0x00, 0x82, 
0x00, 0x82, 0x00, 0x82, 0x00, 0x62, 0x00, 0x62, 0x00, 0x62, 0x00, 0x62, 0x00, 0x62, 0x00, 0x62, 
0x00, 0x82, 0x00, 0x82, 0x00, 0x82, 0x00, 0xa3, 0x00, 0xa3, 0x00, 0xe4, 0x00, 0x04, 0x00, 0x25, 
0x00, 0x45, 0x00, 0x86, 0x00, 0x87, 0x00, 0x96, 0x00, 0x59, 0x00, 0x79, 0x00, 0x59, 0x00, 0x79, 
0x00, 0x79, 0x00, 0x79, 0x00, 0x79, 0x00, 0x79, 0x00, 0x79, 0x00, 0x79, 0x00, 0x79, 0x00, 0x79, 
0x00, 0x79, 0x00, 0x79, 0x00, 0x79, 0x00, 0x9a, 0x00, 0x9a, 0x00, 0x9a, 0x00, 0x9a, 0x00, 0x9a, 
0x00, 0x9a, 0x00, 0x9a, 0x00, 0xf4, 0x00, 0x08, 0x00, 0xe8, 0x00, 0xe8, 0x00, 0xa7, 0x00, 0xa7, 
0x00, 0x86, 0x00, 0x66, 0x00, 0x46, 0x00, 0x25, 0x00, 0x25, 0x00, 0x04, 0x00, 0x6a, 0x00, 0xba, 
0x00, 0x9a, 0x00, 0xba, 0x00, 0xba, 0x00, 0xba, 0x00, 0xba, 0x00, 0xba, 0x00, 0xba, 0x00, 0xdb, 
0x00, 0xba, 0x00, 0xbb, 0x00, 0xba, 0x00, 0xbb, 0x00, 0xdb, 0x00, 0xdb, 0x00, 0xdb, 0x00, 0xdb, 
0x00, 0xdb, 0x00, 0x18, 0x00, 0xec, 0x00, 0x2d, 0x00, 0x4d, 0x00, 0x8e, 0x00, 0xaf, 0x00, 0xcf, 
0x00, 0xf0, 0x00, 0x10, 0x00, 0x31, 0x00, 0x31, 0x00, 0x51, 0x00, 0x92, 0x00, 0xfb, 0x00, 0x1c, 
0x00, 0x1c, 0x00, 0x1c, 0x00, 0x1c, 0x00, 0x1c, 0x00, 0x3c, 0x00, 0x3c, 0x00, 0x1c, 0x00, 0x1c, 
0x00, 0x3c, 0x00, 0x3c, 0x00, 0x3c, 0x00, 0x3c, 0x00, 0x3c, 0x00, 0x3c, 0x00, 0x3c, 0x00, 0x3c, 
0x00, 0x3c, 0x00, 0x3c, 0x00, 0x3c, 0x00, 0x3c, 0x00, 0xba, 0x00, 0xaf, 0x00, 0xaf, 0x00, 0x8f, 
0x00, 0xaf, 0x00, 0xaf, 0x00, 0xf0, 0x00, 0x10, 0x00, 0x51, 0x00, 0x72, 0x00, 0x72, 0x00, 0x92, 
0x00, 0xd4, 0x00, 0xd4, 0x00, 0xb3, 0x00, 0x72, 0x00, 0x11, 0x00, 0xaf, 0x00, 0x6e, 0x00, 0xec, 
0x00, 0x8a, 0x00, 0x29, 0x00, 0x29, 0x00, 0xe8, 0x00, 0xe8, 0x00, 0xa7, 0x00, 0xc8, 0x00, 0xe8, 
0x00, 0xe8, 0x00, 0xc7, 0x00, 0xe8, 0x00, 0xe8, 0x00, 0x86, 0x00, 0x00, 0x00, 0x00, 0x00, 0x00, 
0x00, 0x00, 0x00, 0x00, 0x00, 0x00, 0x00, 0x86, 0x00, 0x66, 0x00, 0x46, 0x00, 0x25, 0x00, 0x04, 
0x00, 0x04, 0x00, 0xe4, 0x00, 0xc3, 0x00, 0xa3, 0x00, 0xa3, 0x00, 0x82, 0x00, 0x82, 0x00, 0x82, 
0x00, 0x82, 0x00, 0x62, 0x00, 0x62, 0x00, 0x62, 0x00, 0x62, 0x00, 0x62, 0x00, 0x62, 0x00, 0x82, 
0x00, 0x82, 0x00, 0x82, 0x00, 0xa3, 0x00, 0xa3, 0x00, 0xc3, 0x00, 0x04, 0x00, 0x04, 0x00, 0x45, 
0x00, 0x66, 0x00, 0xa7, 0x00, 0xec, 0x00, 0x59, 0x00, 0x59, 0x00, 0x79, 0x00, 0x79, 0x00, 0x79, 
0x00, 0x79, 0x00, 0x79, 0x00, 0x79, 0x00, 0x79, 0x00, 0x79, 0x00, 0x79, 0x00, 0x79, 0x00, 0x79, 
0x00, 0x9a, 0x00, 0x9a, 0x00, 0x9a, 0x00, 0x9a, 0x00, 0x9a, 0x00, 0x9a, 0x00, 0x9a, 0x00, 0x9a, 
0x00, 0x9a, 0x00, 0x9a, 0x00, 0x71, 0x00, 0x29, 0x00, 0xe8, 0x00, 0xe8, 0x00, 0xe8, 0x00, 0xa7, 
0x00, 0xa7, 0x00, 0x86, 0x00, 0x46, 0x00, 0x46, 0x00, 0x25, 0x00, 0x04, 0x00, 0x51, 0x00, 0xba, 
0x00, 0xba, 0x00, 0xba, 0x00, 0xba, 0x00, 0xba, 0x00, 0xba, 0x00, 0xba, 0x00, 0xba, 0x00, 0xba, 
0x00, 0xba, 0x00, 0xbb, 0x00, 0xba, 0x00, 0xbb, 0x00, 0xdb, 0x00, 0xdb, 0x00, 0xdb, 0x00, 0xdb, 
0x00, 0xdb, 0x00, 0xba, 0x00, 0x4d, 0x00, 0x0c, 0x00, 0x6e, 0x00, 0x8e, 0x00, 0xaf, 0x00, 0xf0, 
0x00, 0xf0, 0x00, 0x10, 0x00, 0x51, 0x00, 0x51, 0x00, 0x51, 0x00, 0x72, 0x00, 0xdb, 0x00, 0x1c, 
0x00, 0x1c, 0x00, 0x1c, 0x00, 0x1c, 0x00, 0x1c, 0x00, 0x1c, 0x00, 0x3c, 0x00, 0x3c, 0x00, 0x3c, 
0x00, 0x3c, 0x00, 0x3c, 0x00, 0x3c, 0x00, 0x3c, 0x00, 0x3c, 0x00, 0x3c, 0x00, 0x3c, 0x00, 0x3c, 
0x00, 0x3c, 0x00, 0x3c, 0x00, 0x3c, 0x00, 0x3c, 0x00, 0x3c, 0x00, 0xd4, 0x00, 0xaf, 0x00, 0xaf, 
0x00, 0xaf, 0x00, 0xaf, 0x00, 0xaf, 0x00, 0xf0, 0x00, 0x51, 0x00, 0x72, 0x00, 0x72, 0x00, 0x92, 
0x00, 0xd4, 0x00, 0x93, 0x00, 0x72, 0x00, 0x72, 0x00, 0x51, 0x00, 0xf0, 0x00, 0x6e, 0x00, 0x2d, 
0x00, 0xab, 0x00, 0x6a, 0x00, 0x29, 0x00, 0xe8, 0x00, 0xc8, 0x00, 0xc7, 0x00, 0xa7, 0x00, 0xa7, 
0x00, 0xe8, 0x00, 0xc7, 0x00, 0xc7, 0x00, 0xe8, 0x00, 0xa6, 0x00, 0x00, 0x00, 0x00, 0x00, 0x00, 
0x00, 0x00, 0x00, 0x00, 0x00, 0x00, 0x00, 0x46, 0x00, 0x66, 0x00, 0x45, 0x00, 0x25, 0x00, 0x04, 
0x00, 0x04, 0x00, 0xe4, 0x00, 0xc3, 0x00, 0xa3, 0x00, 0xa3, 0x00, 0x82, 0x00, 0x82, 0x00, 0x82, 
0x00, 0x82, 0x00, 0x62, 0x00, 0x62, 0x00, 0x62, 0x00, 0x62, 0x00, 0x62, 0x00, 0x62, 0x00, 0x82, 
0x00, 0x82, 0x00, 0x83, 0x00, 0xa3, 0x00, 0xc3, 0x00, 0xe4, 0x00, 0x04, 0x00, 0x45, 0x00, 0x66, 
0x00, 0xa7, 0x00, 0xa7, 0x00, 0xd7, 0x00, 0x59, 0x00, 0x59, 0x00, 0x79, 0x00, 0x79, 0x00, 0x79, 
0x00, 0x79, 0x00, 0x79, 0x00, 0x79, 0x00, 0x79, 0x00, 0x9a, 0x00, 0x79, 0x00, 0x79, 0x00, 0x79, 
0x00, 0x9a, 0x00, 0x79, 0x00, 0x9a, 0x00, 0x9a, 0x00, 0x9a, 0x00, 0x9a, 0x00, 0x9a, 0x00, 0x9a, 
0x00, 0x9a, 0x00, 0x9a, 0x00, 0xf0, 0x00, 0x29, 0x00, 0x29, 0x00, 0xe8, 0x00, 0xe8, 0x00, 0xe8, 
0x00, 0xa7, 0x00, 0xa7, 0x00, 0x86, 0x00, 0x46, 0x00, 0x25, 0x00, 0x25, 0x00, 0xd3, 0x00, 0xba, 
0x00, 0xba, 0x00, 0xba, 0x00, 0xba, 0x00, 0xba, 0x00, 0xba, 0x00, 0xba, 0x00, 0xdb, 0x00, 0xba, 
0x00, 0xba, 0x00, 0xdb, 0x00, 0xdb, 0x00, 0xdb, 0x00, 0xdb, 0x00, 0xdb, 0x00, 0xdb, 0x00, 0xdb, 
0x00, 0xdb, 0x00, 0xdb, 0x00, 0x8e, 0x00, 0x4d, 0x00, 0x4d, 0x00, 0x8e, 0x00, 0xaf, 0x00, 0xf0, 
0x00, 0x10, 0x00, 0x31, 0x00, 0x51, 0x00, 0x51, 0x00, 0x52, 0x00, 0x51, 0x00, 0xba, 0x00, 0x1c, 
0x00, 0x1c, 0x00, 0x1c, 0x00, 0x1c, 0x00, 0x3c, 0x00, 0x1c, 0x00, 0x3c, 0x00, 0x1c, 0x00, 0x3c, 
0x00, 0x3c, 0x00, 0x3c, 0x00, 0x3c, 0x00, 0x3c, 0x00, 0x3c, 0x00, 0x3c, 0x00, 0x3c, 0x00, 0x3c, 
0x00, 0x3c, 0x00, 0x3c, 0x00, 0x3c, 0x00, 0x3c, 0x00, 0x3c, 0x00, 0xfb, 0x00, 0xaf, 0x00, 0xcf, 
0x00, 0xcf, 0x00, 0xcf, 0x00, 0xf0, 0x00, 0xf0, 0x00, 0x10, 0x00, 0x51, 0x00, 0x72, 0x00, 0xd4, 
0x00, 0xd4, 0x00, 0xd4, 0x00, 0xd4, 0x00, 0x72, 0x00, 0x51, 0x00, 0x10, 0x00, 0xaf, 0x00, 0x4d, 
0x00, 0xcb, 0x00, 0x6a, 0x00, 0x29, 0x00, 0x08, 0x00, 0xe8, 0x00, 0xa7, 0x00, 0xa7, 0x00, 0xa7, 
0x00, 0xa7, 0x00, 0xa7, 0x00, 0xc7, 0x00, 0xa7, 0x00, 0xc7, 0x00, 0x00, 0x00, 0x00, 0x00, 0x00, 
0x00, 0x00, 0x00, 0x00, 0x00, 0x65, 0x00, 0x46, 0x00, 0x46, 0x00, 0x45, 0x00, 0x05, 0x00, 0x04, 
0x00, 0xe4, 0x00, 0xc3, 0x00, 0xa3, 0x00, 0xa3, 0x00, 0x83, 0x00, 0x82, 0x00, 0x82, 0x00, 0x82, 
0x00, 0x62, 0x00, 0x62, 0x00, 0x62, 0x00, 0x62, 0x00, 0x62, 0x00, 0x62, 0x00, 0x82, 0x00, 0x82, 
0x00, 0x82, 0x00, 0xa3, 0x00, 0xa3, 0x00, 0xe4, 0x00, 0x04, 0x00, 0x25, 0x00, 0x66, 0x00, 0x86, 
0x00, 0xa7, 0x00, 0xcc, 0x00, 0x79, 0x00, 0x59, 0x00, 0x79, 0x00, 0x79, 0x00, 0x79, 0x00, 0x79, 
0x00, 0x79, 0x00, 0x79, 0x00, 0x79, 0x00, 0x79, 0x00, 0x79, 0x00, 0x79, 0x00, 0x79, 0x00, 0x79, 
0x00, 0x9a, 0x00, 0x9a, 0x00, 0x9a, 0x00, 0x9a, 0x00, 0x9a, 0x00, 0x9a, 0x00, 0x9a, 0x00, 0x9a, 
0x00, 0x9a, 0x00, 0x9a, 0x00, 0xf0, 0x00, 0x29, 0x00, 0x29, 0x00, 0x09, 0x00, 0xe8, 0x00, 0xe8, 
0x00, 0xc7, 0x00, 0xc7, 0x00, 0x86, 0x00, 0x66, 0x00, 0x46, 0x00, 0x25, 0x00, 0xf0, 0x00, 0xba, 
0x00, 0x9a, 0x00, 0xba, 0x00, 0xba, 0x00, 0xba, 0x00, 0xba, 0x00, 0xba, 0x00, 0xba, 0x00, 0xdb, 
0x00, 0xdb, 0x00, 0xbb, 0x00, 0xdb, 0x00, 0xdb, 0x00, 0xdb, 0x00, 0xdb, 0x00, 0xdb, 0x00, 0xdb, 
0x00, 0xfc, 0x00, 0xba, 0x00, 0x4d, 0x00, 0x4d, 0x00, 0x6e, 0x00, 0x8e, 0x00, 0xaf, 0x00, 0xf0, 
0x00, 0x10, 0x00, 0x51, 0x00, 0x51, 0x00, 0x72, 0x00, 0x72, 0x00, 0x72, 0x00, 0xba, 0x00, 0x1c, 
0x00, 0x1c, 0x00, 0x1c, 0x00, 0x3c, 0x00, 0x1c, 0x00, 0x3c, 0x00, 0x1c, 0x00, 0x3c, 0x00, 0x3c, 
0x00, 0x3c, 0x00, 0x3c, 0x00, 0x3c, 0x00, 0x3c, 0x00, 0x3c, 0x00, 0x3c, 0x00, 0x3c, 0x00, 0x3c, 
0x00, 0x3c, 0x00, 0x3c, 0x00, 0x3c, 0x00, 0x3c, 0x00, 0x3c, 0x00, 0x3c, 0x00, 0x93, 0x00, 0xf0, 
0x00, 0xf0, 0x00, 0xd0, 0x00, 0xf0, 0x00, 0x10, 0x00, 0x11, 0x00, 0x51, 0x00, 0x72, 0x00, 0x92, 
0x00, 0xd4, 0x00, 0xd4, 0x00, 0xb3, 0x00, 0x93, 0x00, 0x72, 0x00, 0x31, 0x00, 0xcf, 0x00, 0x6e, 
0x00, 0xec, 0x00, 0xab, 0x00, 0x4a, 0x00, 0x09, 0x00, 0xe8, 0x00, 0xc7, 0x00, 0xa7, 0x00, 0xa7, 
0x00, 0xa7, 0x00, 0xa7, 0x00, 0xa7, 0x00, 0xa7, 0x00, 0x87, 0x00, 0x65, 0x00, 0x00, 0x00, 0x00, 
0x00, 0x00, 0x00, 0x00, 0x00, 0x44, 0x00, 0x46, 0x00, 0x46, 0x00, 0x25, 0x00, 0x04, 0x00, 0x04, 
0x00, 0xe4, 0x00, 0xe4, 0x00, 0xa3, 0x00, 0xa3, 0x00, 0x83, 0x00, 0x82, 0x00, 0x82, 0x00, 0x82, 
0x00, 0x62, 0x00, 0x62, 0x00, 0x62, 0x00, 0x62, 0x00, 0x62, 0x00, 0x82, 0x00, 0x82, 0x00, 0x82, 
0x00, 0xa3, 0x00, 0xa3, 0x00, 0xc3, 0x00, 0xe4, 0x00, 0x04, 0x00, 0x46, 0x00, 0x86, 0x00, 0xa7, 
0x00, 0xc7, 0x00, 0x34, 0x00, 0x79, 0x00, 0x79, 0x00, 0x79, 0x00, 0x79, 0x00, 0x79, 0x00, 0x79, 
0x00, 0x79, 0x00, 0x79, 0x00, 0x79, 0x00, 0x79, 0x00, 0x79, 0x00, 0x79, 0x00, 0x79, 0x00, 0x9a, 
0x00, 0x79, 0x00, 0x9a, 0x00, 0x9a, 0x00, 0x9a, 0x00, 0x9a, 0x00, 0x9a, 0x00, 0x9a, 0x00, 0x9a, 
0x00, 0x9a, 0x00, 0x9a, 0x00, 0xb3, 0x00, 0x29, 0x00, 0x29, 0x00, 0x29, 0x00, 0xe8, 0x00, 0xe8, 
0x00, 0xe8, 0x00, 0xc7, 0x00, 0xa7, 0x00, 0x86, 0x00, 0x46, 0x00, 0x45, 0x00, 0xc7, 0x00, 0x9a, 
0x00, 0x9a, 0x00, 0x9a, 0x00, 0xba, 0x00, 0xba, 0x00, 0xba, 0x00, 0xba, 0x00, 0xba, 0x00, 0xba, 
0x00, 0xba, 0x00, 0xdb, 0x00, 0xdb, 0x00, 0xdb, 0x00, 0xdb, 0x00, 0xdb, 0x00, 0xdb, 0x00, 0xdb, 
0x00, 0xdb, 0x00, 0x18, 0x00, 0xec, 0x00, 0x4d, 0x00, 0x6e, 0x00, 0xaf, 0x00, 0xcf, 0x00, 0x10, 
0x00, 0x10, 0x00, 0x51, 0x00, 0x51, 0x00, 0x72, 0x00, 0x72, 0x00, 0x92, 0x00, 0xdb, 0x00, 0x1c, 
0x00, 0x1c, 0x00, 0x1c, 0x00, 0x1c, 0x00, 0x1c, 0x00, 0x3c, 0x00, 0x3c, 0x00, 0x3c, 0x00, 0x3c, 
0x00, 0x3c, 0x00, 0x3c, 0x00, 0x3c, 0x00, 0x3c, 0x00, 0x3c, 0x00, 0x3c, 0x00, 0x3c, 0x00, 0x3c, 
0x00, 0x3c, 0x00, 0x3c, 0x00, 0x3c, 0x00, 0x3c, 0x00, 0x3c, 0x00, 0x3c, 0x00, 0x79, 0x00, 0xf0, 
0x00, 0xf0, 0x00, 0xf0, 0x00, 0x10, 0x00, 0x10, 0x00, 0x10, 0x00, 0x51, 0x00, 0x72, 0x00, 0xb3, 
0x00, 0xd4, 0x00, 0xd4, 0x00, 0xd4, 0x00, 0xd4, 0x00, 0x72, 0x00, 0x51, 0x00, 0xf0, 0x00, 0x8e, 
0x00, 0x0d, 0x00, 0xab, 0x00, 0x6a, 0x00, 0x09, 0x00, 0xe8, 0x00, 0xa7, 0x00, 0xa7, 0x00, 0x87, 
0x00, 0xa7, 0x00, 0xa7, 0x00, 0xa7, 0x00, 0xa7, 0x00, 0x86, 0x00, 0x44, 0x00, 0x00, 0x00, 0x00, 
0x00, 0x00, 0x00, 0x00, 0x00, 0x24, 0x00, 0x46, 0x00, 0x46, 0x00, 0x25, 0x00, 0x04, 0x00, 0x04, 
0x00, 0xe4, 0x00, 0xc3, 0x00, 0xa3, 0x00, 0xa3, 0x00, 0xa3, 0x00, 0x82, 0x00, 0x82, 0x00, 0x82, 
0x00, 0x62, 0x00, 0x62, 0x00, 0x62, 0x00, 0x62, 0x00, 0x62, 0x00, 0x82, 0x00, 0x82, 0x00, 0x82, 
0x00, 0xa3, 0x00, 0xc3, 0x00, 0xe4, 0x00, 0x04, 0x00, 0x25, 0x00, 0x46, 0x00, 0x87, 0x00, 0xc7, 
0x00, 0x29, 0x00, 0x18, 0x00, 0x79, 0x00, 0x79, 0x00, 0x79, 0x00, 0x79, 0x00, 0x79, 0x00, 0x79, 
0x00, 0x79, 0x00, 0x79, 0x00, 0x79, 0x00, 0x79, 0x00, 0x9a, 0x00, 0x9a, 0x00, 0x79, 0x00, 0x9a, 
0x00, 0x79, 0x00, 0x9a, 0x00, 0x9a, 0x00, 0x9a, 0x00, 0x9a, 0x00, 0x9a, 0x00, 0x9a, 0x00, 0x9a, 
0x00, 0x9a, 0x00, 0x9a, 0x00, 0xb7, 0x00, 0x29, 0x00, 0x29, 0x00, 0x29, 0x00, 0x09, 0x00, 0x08, 
0x00, 0xe8, 0x00, 0xc8, 0x00, 0xa7, 0x00, 0x86, 0x00, 0x66, 0x00, 0x45, 0x00, 0x25, 0x00, 0xb3, 
0x00, 0xba, 0x00, 0xba, 0x00, 0xba, 0x00, 0xba, 0x00, 0xba, 0x00, 0xdb, 0x00, 0xdb, 0x00, 0xbb, 
0x00, 0xba, 0x00, 0xdb, 0x00, 0xdb, 0x00, 0xdb, 0x00, 0xdb, 0x00, 0xdb, 0x00, 0xdb, 0x00, 0xdb, 
0x00, 0xdb, 0x00, 0xaf, 0x00, 0x0c, 0x00, 0x4d, 0x00, 0x8e, 0x00, 0xaf, 0x00, 0xf0, 0x00, 0x10, 
0x00, 0x31, 0x00, 0x51, 0x00, 0x51, 0x00, 0x52, 0x00, 0x72, 0x00, 0xf4, 0x00, 0xfc, 0x00, 0x1c, 
0x00, 0x1c, 0x00, 0x1c, 0x00, 0x1c, 0x00, 0x1c, 0x00, 0x3c, 0x00, 0x1c, 0x00, 0x3c, 0x00, 0x3c, 
0x00, 0x3c, 0x00, 0x3c, 0x00, 0x3c, 0x00, 0x3c, 0x00, 0x3c, 0x00, 0x3c, 0x00, 0x3c, 0x00, 0x3c, 
0x00, 0x3c, 0x00, 0x3c, 0x00, 0x3c, 0x00, 0x3c, 0x00, 0x3c, 0x00, 0x3c, 0x00, 0x1c, 0x00, 0x31, 
0x00, 0xf0, 0x00, 0xf0, 0x00, 0x10, 0x00, 0x10, 0x00, 0x11, 0x00, 0x51, 0x00, 0x72, 0x00, 0xb3, 
0x00, 0xb3, 0x00, 0xd4, 0x00, 0xd4, 0x00, 0xb3, 0x00, 0x92, 0x00, 0x72, 0x00, 0x10, 0x00, 0x8f, 
0x00, 0x0c, 0x00, 0xab, 0x00, 0x6a, 0x00, 0x09, 0x00, 0xe8, 0x00, 0xc7, 0x00, 0xa7, 0x00, 0x87, 
0x00, 0x87, 0x00, 0x86, 0x00, 0x86, 0x00, 0x66, 0x00, 0x46, 0x00, 0x24, 0x00, 0x00, 0x00, 0x00, 
0x00, 0x00, 0x00, 0x00, 0x00, 0x46, 0x00, 0x46, 0x00, 0x46, 0x00, 0x25, 0x00, 0x04, 0x00, 0xe4, 
0x00, 0xe4, 0x00, 0xc3, 0x00, 0xa3, 0x00, 0xa3, 0x00, 0xa3, 0x00, 0x82, 0x00, 0x82, 0x00, 0x62, 
0x00, 0x62, 0x00, 0x62, 0x00, 0x62, 0x00, 0x62, 0x00, 0x82, 0x00, 0x82, 0x00, 0x82, 0x00, 0xa3, 
0x00, 0xa3, 0x00, 0xc3, 0x00, 0xe4, 0x00, 0x05, 0x00, 0x46, 0x00, 0x86, 0x00, 0xa7, 0x00, 0xe8, 
0x00, 0x4d, 0x00, 0x59, 0x00, 0x59, 0x00, 0x79, 0x00, 0x79, 0x00, 0x79, 0x00, 0x79, 0x00, 0x79, 
0x00, 0x79, 0x00, 0x79, 0x00, 0x79, 0x00, 0x79, 0x00, 0x9a, 0x00, 0x79, 0x00, 0x79, 0x00, 0x9a, 
0x00, 0x9a, 0x00, 0x9a, 0x00, 0x9a, 0x00, 0x9a, 0x00, 0x9a, 0x00, 0x9a, 0x00, 0x9a, 0x00, 0x9a, 
0x00, 0x9a, 0x00, 0x9a, 0x00, 0x79, 0x00, 0xcb, 0x00, 0x29, 0x00, 0x29, 0x00, 0x09, 0x00, 0x08, 
0x00, 0xe8, 0x00, 0xe8, 0x00, 0xa7, 0x00, 0xa7, 0x00, 0x86, 0x00, 0x46, 0x00, 0x25, 0x00, 0x05, 
0x00, 0x55, 0x00, 0xba, 0x00, 0xba, 0x00, 0xba, 0x00, 0xba, 0x00, 0xba, 0x00, 0xba, 0x00, 0xbb, 
0x00, 0xdb, 0x00, 0xdb, 0x00, 0xdb, 0x00, 0xdb, 0x00, 0xdb, 0x00, 0xdb, 0x00, 0xdb, 0x00, 0xdb, 
0x00, 0x72, 0x00, 0xec, 0x00, 0x0d, 0x00, 0x4d, 0x00, 0x8e, 0x00, 0xaf, 0x00, 0xf0, 0x00, 0x10, 
0x00, 0x31, 0x00, 0x51, 0x00, 0x72, 0x00, 0x72, 0x00, 0x72, 0x00, 0x18, 0x00, 0x1c, 0x00, 0x1c, 
0x00, 0x1c, 0x00, 0x1c, 0x00, 0x1c, 0x00, 0x1c, 0x00, 0x1c, 0x00, 0x3c, 0x00, 0x1c, 0x00, 0x1c, 
0x00, 0x1c, 0x00, 0x3c, 0x00, 0x3c, 0x00, 0x3c, 0x00, 0x3c, 0x00, 0x3c, 0x00, 0x3c, 0x00, 0x3c, 
0x00, 0x3c, 0x00, 0x3c, 0x00, 0x3c, 0x00, 0x3c, 0x00, 0x3c, 0x00, 0x3c, 0x00, 0x3c, 0x00, 0x14, 
0x00, 0x10, 0x00, 0x10, 0x00, 0x10, 0x00, 0x10, 0x00, 0x11, 0x00, 0x31, 0x00, 0x72, 0x00, 0x72, 
0x00, 0xb3, 0x00, 0xd4, 0x00, 0xd4, 0x00, 0xb3, 0x00, 0xb3, 0x00, 0x72, 0x00, 0x10, 0x00, 0x8f, 
0x00, 0x4d, 0x00, 0xab, 0x00, 0x6a, 0x00, 0x09, 0x00, 0xe8, 0x00, 0xa7, 0x00, 0xa7, 0x00, 0x86, 
0x00, 0x86, 0x00, 0x66, 0x00, 0x66, 0x00, 0x46, 0x00, 0x25, 0x00, 0x45, 0x00, 0x00, 0x00, 0x00, 
0x00, 0x00, 0x00, 0x04, 0x00, 0x46, 0x00, 0x46, 0x00, 0x46, 0x00, 0x25, 0x00, 0x04, 0x00, 0xe4, 
0x00, 0xe4, 0x00, 0xc3, 0x00, 0xa3, 0x00, 0xa3, 0x00, 0x82, 0x00, 0x82, 0x00, 0x82, 0x00, 0x62, 
0x00, 0x62, 0x00, 0x62, 0x00, 0x62, 0x00, 0x62, 0x00, 0x82, 0x00, 0x82, 0x00, 0x82, 0x00, 0xa3, 
0x00, 0xa3, 0x00, 0xe4, 0x00, 0x04, 0x00, 0x25, 0x00, 0x46, 0x00, 0x86, 0x00, 0xa7, 0x00, 0xe8, 
0x00, 0xb3, 0x00, 0x59, 0x00, 0x59, 0x00, 0x79, 0x00, 0x79, 0x00, 0x79, 0x00, 0x79, 0x00, 0x79, 
0x00, 0x79, 0x00, 0x79, 0x00, 0x79, 0x00, 0x79, 0x00, 0x79, 0x00, 0x79, 0x00, 0x79, 0x00, 0x9a, 
0x00, 0x79, 0x00, 0x9a, 0x00, 0x9a, 0x00, 0x9a, 0x00, 0x9a, 0x00, 0x9a, 0x00, 0x9a, 0x00, 0x9a, 
0x00, 0x9a, 0x00, 0x9a, 0x00, 0x9a, 0x00, 0xd3, 0x00, 0x29, 0x00, 0x29, 0x00, 0x29, 0x00, 0x08, 
0x00, 0x08, 0x00, 0xe8, 0x00, 0xa7, 0x00, 0xa7, 0x00, 0x86, 0x00, 0x46, 0x00, 0x45, 0x00, 0x25, 
0x00, 0x04, 0x00, 0x10, 0x00, 0xba, 0x00, 0xba, 0x00, 0xba, 0x00, 0xba, 0x00, 0xdb, 0x00, 0xbb, 
0x00, 0xbb, 0x00, 0xdb, 0x00, 0xdb, 0x00, 0xdb, 0x00, 0xdb, 0x00, 0xdb, 0x00, 0xba, 0x00, 0xaf, 
0x00, 0xab, 0x00, 0xec, 0x00, 0x0d, 0x00, 0x4d, 0x00, 0x8e, 0x00, 0xaf, 0x00, 0xf0, 0x00, 0x10, 
0x00, 0x31, 0x00, 0x51, 0x00, 0x72, 0x00, 0x72, 0x00, 0xb3, 0x00, 0xfb, 0x00, 0x1c, 0x00, 0x1c, 
0x00, 0x1c, 0x00, 0x1c, 0x00, 0x1c, 0x00, 0x1c, 0x00, 0x1c, 0x00, 0x1c, 0x00, 0x1c, 0x00, 0x3c, 
0x00, 0x3c, 0x00, 0x3c, 0x00, 0x3c, 0x00, 0x3c, 0x00, 0x3c, 0x00, 0x3c, 0x00, 0x3c, 0x00, 0x3c, 
0x00, 0x3c, 0x00, 0x3c, 0x00, 0x3c, 0x00, 0x3c, 0x00, 0x3c, 0x00, 0x3c, 0x00, 0x3c, 0x00, 0x18, 
0x00, 0x10, 0x00, 0x10, 0x00, 0x10, 0x00, 0x10, 0x00, 0x10, 0x00, 0x11, 0x00, 0x51, 0x00, 0x72, 
0x00, 0xb3, 0x00, 0xb3, 0x00, 0xb3, 0x00, 0x93, 0x00, 0x92, 0x00, 0x72, 0x00, 0x10, 0x00, 0x8f, 
0x00, 0x4d, 0x00, 0xab, 0x00, 0x6a, 0x00, 0x29, 0x00, 0xc8, 0x00, 0xa7, 0x00, 0x86, 0x00, 0x66, 
0x00, 0x46, 0x00, 0x46, 0x00, 0x45, 0x00, 0x25, 0x00, 0x05, 0x00, 0x25, 0x00, 0x04, 0x00, 0x00, 
0x00, 0x00, 0x00, 0x24, 0x00, 0x46, 0x00, 0x46, 0x00, 0x46, 0x00, 0x25, 0x00, 0x04, 0x00, 0xe4, 
0x00, 0xc3, 0x00, 0xc3, 0x00, 0xa3, 0x00, 0xa3, 0x00, 0x82, 0x00, 0x82, 0x00, 0x82, 0x00, 0x62, 
0x00, 0x62, 0x00, 0x62, 0x00, 0x62, 0x00, 0x62, 0x00, 0x82, 0x00, 0x82, 0x00, 0x82, 0x00, 0xa3, 
0x00, 0xa3, 0x00, 0xe4, 0x00, 0x04, 0x00, 0x25, 0x00, 0x66, 0x00, 0xa7, 0x00, 0xc7, 0x00, 0x08, 
0x00, 0x96, 0x00, 0x59, 0x00, 0x79, 0x00, 0x79, 0x00, 0x79, 0x00, 0x79, 0x00, 0x79, 0x00, 0x79, 
0x00, 0x79, 0x00, 0x79, 0x00, 0x79, 0x00, 0x79, 0x00, 0x79, 0x00, 0x79, 0x00, 0x79, 0x00, 0x9a, 
0x00, 0x79, 0x00, 0x9a, 0x00, 0x9a, 0x00, 0x9a, 0x00, 0x9a, 0x00, 0x9a, 0x00, 0x9a, 0x00, 0x9a, 
0x00, 0x9a, 0x00, 0x9a, 0x00, 0x9a, 0x00, 0x9a, 0x00, 0xcb, 0x00, 0x29, 0x00, 0x29, 0x00, 0x08, 
0x00, 0x08, 0x00, 0xe8, 0x00, 0xa7, 0x00, 0xa7, 0x00, 0x86, 0x00, 0x66, 0x00, 0x45, 0x00, 0x25, 
0x00, 0x04, 0x00, 0x04, 0x00, 0x87, 0x00, 0xf4, 0x00, 0xba, 0x00, 0xba, 0x00, 0xba, 0x00, 0xba, 
0x00, 0xbb, 0x00, 0xdb, 0x00, 0xdb, 0x00, 0xdb, 0x00, 0x9a, 0x00, 0x72, 0x00, 0x6a, 0x00, 0x8a, 
0x00, 0xab, 0x00, 0xec, 0x00, 0x2d, 0x00, 0x4e, 0x00, 0x8e, 0x00, 0xaf, 0x00, 0xf0, 0x00, 0x10, 
0x00, 0x31, 0x00, 0x51, 0x00, 0x72, 0x00, 0x72, 0x00, 0x38, 0x00, 0x1c, 0x00, 0x1c, 0x00, 0x1c, 
0x00, 0x1c, 0x00, 0x1c, 0x00, 0x1c, 0x00, 0x1c, 0x00, 0x1c, 0x00, 0x1c, 0x00, 0x1c, 0x00, 0x3c, 
0x00, 0x3c, 0x00, 0x3c, 0x00, 0x3c, 0x00, 0x3c, 0x00, 0x3c, 0x00, 0x3c, 0x00, 0x3c, 0x00, 0x3c, 
0x00, 0x3c, 0x00, 0x3c, 0x00, 0x3c, 0x00, 0x3c, 0x00, 0x3c, 0x00, 0x3c, 0x00, 0x3c, 0x00, 0xba, 
0x00, 0x11, 0x00, 0x10, 0x00, 0xf0, 0x00, 0xf0, 0x00, 0xf0, 0x00, 0x10, 0x00, 0x31, 0x00, 0x51, 
0x00, 0x72, 0x00, 0x72, 0x00, 0x93, 0x00, 0x72, 0x00, 0x72, 0x00, 0x51, 0x00, 0x10, 0x00, 0x8f, 
0x00, 0x4d, 0x00, 0xab, 0x00, 0x6a, 0x00, 0x09, 0x00, 0xc8, 0x00, 0xa7, 0x00, 0x66, 0x00, 0x46, 
0x00, 0x45, 0x00, 0x25, 0x00, 0x25, 0x00, 0x04, 0x00, 0x04, 0x00, 0x04, 0x00, 0x24, 0x00, 0x00, 
0x00, 0x00, 0x00, 0x24, 0x00, 0x46, 0x00, 0x46, 0x00, 0x46, 0x00, 0x25, 0x00, 0x04, 0x00, 0xe4, 
0x00, 0xc3, 0x00, 0xa3, 0x00, 0xa3, 0x00, 0xa3, 0x00, 0x82, 0x00, 0x82, 0x00, 0x82, 0x00, 0x62, 
0x00, 0x62, 0x00, 0x62, 0x00, 0x62, 0x00, 0x62, 0x00, 0x82, 0x00, 0x82, 0x00, 0x82, 0x00, 0xa3, 
0x00, 0xa3, 0x00, 0xe4, 0x00, 0x04, 0x00, 0x45, 0x00, 0x86, 0x00, 0xa7, 0x00, 0xe8, 0x00, 0x6a, 
0x00, 0x38, 0x00, 0x59, 0x00, 0x59, 0x00, 0x79, 0x00, 0x79, 0x00, 0x79, 0x00, 0x79, 0x00, 0x79, 
0x00, 0x79, 0x00, 0x79, 0x00, 0x79, 0x00, 0x79, 0x00, 0x79, 0x00, 0x79, 0x00, 0x79, 0x00, 0x9a, 
0x00, 0x79, 0x00, 0x9a, 0x00, 0x9a, 0x00, 0x9a, 0x00, 0x9a, 0x00, 0x9a, 0x00, 0x9a, 0x00, 0x9a, 
0x00, 0x9a, 0x00, 0x9a, 0x00, 0x9a, 0x00, 0x9a, 0x00, 0x38, 0x00, 0x29, 0x00, 0x29, 0x00, 0x29, 
0x00, 0x08, 0x00, 0xe8, 0x00, 0xe8, 0x00, 0xa7, 0x00, 0x86, 0x00, 0x66, 0x00, 0x45, 0x00, 0x25, 
0x00, 0x04, 0x00, 0x04, 0x00, 0x04, 0x00, 0xe4, 0x00, 0x04, 0x00, 0x08, 0x00, 0x8f, 0x00, 0x72, 
0x00, 0xd3, 0x00, 0x72, 0x00, 0x6e, 0x00, 0x29, 0x00, 0xc7, 0x00, 0x08, 0x00, 0x49, 0x00, 0x6a, 
0x00, 0xab, 0x00, 0xec, 0x00, 0x0c, 0x00, 0x4d, 0x00, 0x8e, 0x00, 0xaf, 0x00, 0xf0, 0x00, 0x10, 
0x00, 0x31, 0x00, 0x51, 0x00, 0x51, 0x00, 0x55, 0x00, 0x1c, 0x00, 0x1c, 0x00, 0x1c, 0x00, 0x1c, 
0x00, 0x1c, 0x00, 0x1c, 0x00, 0x1c, 0x00, 0x1c, 0x00, 0x1c, 0x00, 0x3c, 0x00, 0x3c, 0x00, 0x1c, 
0x00, 0x1c, 0x00, 0x3c, 0x00, 0x3c, 0x00, 0x3c, 0x00, 0x3c, 0x00, 0x3c, 0x00, 0x3c, 0x00, 0x3c, 
0x00, 0x3c, 0x00, 0x3c, 0x00, 0x3c, 0x00, 0x3c, 0x00, 0x3c, 0x00, 0x3c, 0x00, 0x3c, 0x00, 0x1c, 
0x00, 0x72, 0x00, 0xf0, 0x00, 0xf0, 0x00, 0xf0, 0x00, 0xf0, 0x00, 0xf0, 0x00, 0x10, 0x00, 0x10, 
0x00, 0x51, 0x00, 0x51, 0x00, 0x72, 0x00, 0x72, 0x00, 0x51, 0x00, 0x31, 0x00, 0xf0, 0x00, 0x8f, 
0x00, 0x4d, 0x00, 0xab, 0x00, 0x6a, 0x00, 0x09, 0x00, 0xc7, 0x00, 0x86, 0x00, 0x66, 0x00, 0x25, 
0x00, 0x25, 0x00, 0x04, 0x00, 0x04, 0x00, 0xe4, 0x00, 0xe4, 0x00, 0xe4, 0x00, 0x24, 0x00, 0x00, 
0x00, 0x00, 0x00, 0x04, 0x00, 0x46, 0x00, 0x66, 0x00, 0x46, 0x00, 0x25, 0x00, 0x04, 0x00, 0xe4, 
0x00, 0xc3, 0x00, 0xa3, 0x00, 0xa3, 0x00, 0x83, 0x00, 0x82, 0x00, 0x82, 0x00, 0x82, 0x00, 0x62, 
0x00, 0x62, 0x00, 0x62, 0x00, 0x62, 0x00, 0x62, 0x00, 0x82, 0x00, 0x82, 0x00, 0xa3, 0x00, 0xa3, 
0x00, 0xa3, 0x00, 0xe4, 0x00, 0x04, 0x00, 0x45, 0x00, 0x86, 0x00, 0xa7, 0x00, 0xe8, 0x00, 0xcb, 
0x00, 0x59, 0x00, 0x59, 0x00, 0x59, 0x00, 0x79, 0x00, 0x79, 0x00, 0x79, 0x00, 0x79, 0x00, 0x79, 
0x00, 0x79, 0x00, 0x79, 0x00, 0x79, 0x00, 0x79, 0x00, 0x79, 0x00, 0x79, 0x00, 0x79, 0x00, 0x9a, 
0x00, 0x9a, 0x00, 0x79, 0x00, 0x9a, 0x00, 0x9a, 0x00, 0x9a, 0x00, 0x9a, 0x00, 0x9a, 0x00, 0x9a, 
0x00, 0x9a, 0x00, 0x9a, 0x00, 0x9a, 0x00, 0x9a, 0x00, 0x9a, 0x00, 0xb6, 0x00, 0x29, 0x00, 0x08, 
0x00, 0x08, 0x00, 0xe8, 0x00, 0xe8, 0x00, 0xa7, 0x00, 0x86, 0x00, 0x66, 0x00, 0x45, 0x00, 0x25, 
0x00, 0x04, 0x00, 0x04, 0x00, 0xe4, 0x00, 0xe4, 0x00, 0xe4, 0x00, 0x04, 0x00, 0x04, 0x00, 0x05, 
0x00, 0x25, 0x00, 0x46, 0x00, 0x86, 0x00, 0x87, 0x00, 0xc7, 0x00, 0x08, 0x00, 0x29, 0x00, 0x6a, 
0x00, 0xab, 0x00, 0xcb, 0x00, 0x0c, 0x00, 0x4d, 0x00, 0x6e, 0x00, 0xaf, 0x00, 0xf0, 0x00, 0x10, 
0x00, 0x31, 0x00, 0x51, 0x00, 0xd4, 0x00, 0x1c, 0x00, 0x1c, 0x00, 0x1c, 0x00, 0x1c, 0x00, 0x1c, 
0x00, 0x1c, 0x00, 0x1c, 0x00, 0x1c, 0x00, 0x1c, 0x00, 0x1c, 0x00, 0x3c, 0x00, 0x1c, 0x00, 0x1c, 
0x00, 0x1c, 0x00, 0x3c, 0x00, 0x3c, 0x00, 0x3c, 0x00, 0x3c, 0x00, 0x3c, 0x00, 0x3c, 0x00, 0x3c, 
0x00, 0x3c, 0x00, 0x3c, 0x00, 0x3c, 0x00, 0x3c, 0x00, 0x3c, 0x00, 0x3c, 0x00, 0x3c, 0x00, 0x3c, 
0x00, 0xd3, 0x00, 0xf0, 0x00, 0xf0, 0x00, 0xd0, 0x00, 0xcf, 0x00, 0xaf, 0x00, 0xcf, 0x00, 0xf0, 
0x00, 0x10, 0x00, 0x10, 0x00, 0x31, 0x00, 0x11, 0x00, 0x11, 0x00, 0xf0, 0x00, 0xcf, 0x00, 0x6e, 
0x00, 0x0c, 0x00, 0xab, 0x00, 0x6a, 0x00, 0x08, 0x00, 0xa7, 0x00, 0x86, 0x00, 0x46, 0x00, 0x25, 
0x00, 0x04, 0x00, 0x04, 0x00, 0xe4, 0x00, 0xe4, 0x00, 0xe4, 0x00, 0xe4, 0x00, 0x04, 0x00, 0x00, 
0x00, 0x00, 0x00, 0x24, 0x00, 0x46, 0x00, 0x66, 0x00, 0x46, 0x00, 0x25, 0x00, 0x04, 0x00, 0xe4, 
0x00, 0xc3, 0x00, 0xa3, 0x00, 0xa3, 0x00, 0x82, 0x00, 0x82, 0x00, 0x82, 0x00, 0x62, 0x00, 0x62, 
0x00, 0x62, 0x00, 0x62, 0x00, 0x62, 0x00, 0x62, 0x00, 0x82, 0x00, 0x82, 0x00, 0xa3, 0x00, 0xa3, 
0x00, 0xe4, 0x00, 0xe4, 0x00, 0x25, 0x00, 0x45, 0x00, 0x86, 0x00, 0xa7, 0x00, 0xe8, 0x00, 0x0d, 
0x00, 0x59, 0x00, 0x59, 0x00, 0x79, 0x00, 0x79, 0x00, 0x59, 0x00, 0x79, 0x00, 0x79, 0x00, 0x79, 
0x00, 0x79, 0x00, 0x79, 0x00, 0x79, 0x00, 0x79, 0x00, 0x9a, 0x00, 0x79, 0x00, 0x79, 0x00, 0x79, 
0x00, 0x9a, 0x00, 0x79, 0x00, 0x9a, 0x00, 0x9a, 0x00, 0x9a, 0x00, 0x9a, 0x00, 0x9a, 0x00, 0x9a, 
0x00, 0x9a, 0x00, 0x9a, 0x00, 0x9a, 0x00, 0x9a, 0x00, 0x9a, 0x00, 0x9a, 0x00, 0x96, 0x00, 0x29, 
0x00, 0xe8, 0x00, 0xe8, 0x00, 0xe8, 0x00, 0xa7, 0x00, 0x86, 0x00, 0x66, 0x00, 0x45, 0x00, 0x25, 
0x00, 0x04, 0x00, 0x04, 0x00, 0xe4, 0x00, 0xe4, 0x00, 0xe4, 0x00, 0x04, 0x00, 0x04, 0x00, 0x04, 
0x00, 0x25, 0x00, 0x46, 0x00, 0x46, 0x00, 0x86, 0x00, 0xa7, 0x00, 0xe8, 0x00, 0x29, 0x00, 0x4a, 
0x00, 0x6a, 0x00, 0xab, 0x00, 0xec, 0x00, 0x2d, 0x00, 0x4d, 0x00, 0x8e, 0x00, 0xaf, 0x00, 0xf0, 
0x00, 0x10, 0x00, 0xf4, 0x00, 0xfc, 0x00, 0x1c, 0x00, 0x1c, 0x00, 0x1c, 0x00, 0x1c, 0x00, 0x1c, 
0x00, 0x1c, 0x00, 0x1c, 0x00, 0x1c, 0x00, 0x1c, 0x00, 0x1c, 0x00, 0x1c, 0x00, 0x1c, 0x00, 0x3c, 
0x00, 0x3c, 0x00, 0x3c, 0x00, 0x3c, 0x00, 0x3c, 0x00, 0x3c, 0x00, 0x3c, 0x00, 0x3c, 0x00, 0x3c, 
0x00, 0x3c, 0x00, 0x3c, 0x00, 0x3c, 0x00, 0x3c, 0x00, 0x3c, 0x00, 0x3c, 0x00, 0x3c, 0x00, 0x3c, 
0x00, 0xd3, 0x00, 0xf0, 0x00, 0xaf, 0x00, 0xaf, 0x00, 0xaf, 0x00, 0x8e, 0x00, 0x8f, 0x00, 0xaf, 
0x00, 0xaf, 0x00, 0xd0, 0x00, 0xf0, 0x00, 0xf0, 0x00, 0xd0, 0x00, 0xaf, 0x00, 0xaf, 0x00, 0x6e, 
0x00, 0xec, 0x00, 0xab, 0x00, 0x4a, 0x00, 0xe8, 0x00, 0xa7, 0x00, 0x66, 0x00, 0x45, 0x00, 0x25, 
0x00, 0x04, 0x00, 0xe4, 0x00, 0xe4, 0x00, 0xe4, 0x00, 0xe4, 0x00, 0xe4, 0x00, 0x45, 0x00, 0x00, 
0x00, 0x61, 0x00, 0x24, 0x00, 0x46, 0x00, 0x66, 0x00, 0x45, 0x00, 0x25, 0x00, 0x04, 0x00, 0xe4, 
0x00, 0xa3, 0x00, 0xa3, 0x00, 0xa3, 0x00, 0x82, 0x00, 0x82, 0x00, 0x82, 0x00, 0x82, 0x00, 0x62, 
0x00, 0x62, 0x00, 0x62, 0x00, 0x62, 0x00, 0x62, 0x00, 0x82, 0x00, 0x82, 0x00, 0x82, 0x00, 0xa3, 
0x00, 0xe4, 0x00, 0xe4, 0x00, 0x25, 0x00, 0x45, 0x00, 0x86, 0x00, 0xa7, 0x00, 0xe8, 0x00, 0x6e, 
0x00, 0x59, 0x00, 0x59, 0x00, 0x59, 0x00, 0x59, 0x00, 0x79, 0x00, 0x79, 0x00, 0x59, 0x00, 0x79, 
0x00, 0x79, 0x00, 0x79, 0x00, 0x79, 0x00, 0x79, 0x00, 0x79, 0x00, 0x79, 0x00, 0x79, 0x00, 0x79, 
0x00, 0x9a, 0x00, 0x9a, 0x00, 0x9a, 0x00, 0x9a, 0x00, 0x9a, 0x00, 0x9a, 0x00, 0x9a, 0x00, 0x9a, 
0x00, 0x9a, 0x00, 0x9a, 0x00, 0x9a, 0x00, 0xba, 0x00, 0x9a, 0x00, 0x9a, 0x00, 0xba, 0x00, 0x38, 
0x00, 0x6a, 0x00, 0xe8, 0x00, 0xa7, 0x00, 0xa7, 0x00, 0x86, 0x00, 0x46, 0x00, 0x45, 0x00, 0x25, 
0x00, 0x04, 0x00, 0x04, 0x00, 0xe4, 0x00, 0xe4, 0x00, 0xe4, 0x00, 0xe4, 0x00, 0x04, 0x00, 0x04, 
0x00, 0x25, 0x00, 0x25, 0x00, 0x46, 0x00, 0x86, 0x00, 0x87, 0x00, 0xc7, 0x00, 0xe8, 0x00, 0x29, 
0x00, 0x6a, 0x00, 0xab, 0x00, 0xcb, 0x00, 0xec, 0x00, 0x4d, 0x00, 0x8e, 0x00, 0xaf, 0x00, 0xf0, 
0x00, 0xb7, 0x00, 0x1c, 0x00, 0x1c, 0x00, 0x1c, 0x00, 0x1c, 0x00, 0x1c, 0x00, 0x1c, 0x00, 0x1c, 
0x00, 0x1c, 0x00, 0x1c, 0x00, 0x1c, 0x00, 0x3c, 0x00, 0x1c, 0x00, 0x1c, 0x00, 0x1c, 0x00, 0x3c, 
0x00, 0x3c, 0x00, 0x3c, 0x00, 0x3c, 0x00, 0x3c, 0x00, 0x3c, 0x00, 0x3c, 0x00, 0x3c, 0x00, 0x3c, 
0x00, 0x3c, 0x00, 0x3c, 0x00, 0x3c, 0x00, 0x3c, 0x00, 0x3c, 0x00, 0x3c, 0x00, 0x3c, 0x00, 0x3c, 
0x00, 0x14, 0x00, 0xf0, 0x00, 0xaf, 0x00, 0xaf, 0x00, 0x8e, 0x00, 0x8e, 0x00, 0x6e, 0x00, 0x8e, 
0x00, 0x8e, 0x00, 0xaf, 0x00, 0xaf, 0x00, 0xaf, 0x00, 0xaf, 0x00, 0x6e, 0x00, 0x4d, 0x00, 0x2d, 
0x00, 0xcb, 0x00, 0x6a, 0x00, 0x29, 0x00, 0xe8, 0x00, 0x86, 0x00, 0x46, 0x00, 0x25, 0x00, 0x04, 
0x00, 0xe4, 0x00, 0xe4, 0x00, 0xe4, 0x00, 0xc3, 0x00, 0xc3, 0x00, 0xc3, 0x00, 0x24, 0x00, 0x00, 
0x00, 0x00, 0x00, 0x24, 0x00, 0x46, 0x00, 0x46, 0x00, 0x45, 0x00, 0x25, 0x00, 0x04, 0x00, 0xe4, 
0x00, 0xc3, 0x00, 0xa3, 0x00, 0xa3, 0x00, 0x83, 0x00, 0x82, 0x00, 0x82, 0x00, 0x62, 0x00, 0x62, 
0x00, 0x62, 0x00, 0x62, 0x00, 0x62, 0x00, 0x62, 0x00, 0x82, 0x00, 0x82, 0x00, 0x82, 0x00, 0xa3, 
0x00, 0xa3, 0x00, 0xe4, 0x00, 0x25, 0x00, 0x45, 0x00, 0x86, 0x00, 0xa7, 0x00, 0xe8, 0x00, 0xcf, 
0x00, 0x59, 0x00, 0x59, 0x00, 0x59, 0x00, 0x59, 0x00, 0x59, 0x00, 0x79, 0x00, 0x79, 0x00, 0x79, 
0x00, 0x79, 0x00, 0x79, 0x00, 0x79, 0x00, 0x79, 0x00, 0x79, 0x00, 0x79, 0x00, 0x79, 0x00, 0x79, 
0x00, 0x79, 0x00, 0x9a, 0x00, 0x9a, 0x00, 0x9a, 0x00, 0x9a, 0x00, 0x9a, 0x00, 0x9a, 0x00, 0x9a, 
0x00, 0x9a, 0x00, 0x9a, 0x00, 0x9a, 0x00, 0x9a, 0x00, 0x9a, 0x00, 0x9a, 0x00, 0x9a, 0x00, 0x9a, 
0x00, 0x9a, 0x00, 0x8e, 0x00, 0xa7, 0x00, 0xa7, 0x00, 0x86, 0x00, 0x46, 0x00, 0x25, 0x00, 0x04, 
0x00, 0x04, 0x00, 0xe4, 0x00, 0xe4, 0x00, 0xe4, 0x00, 0xe4, 0x00, 0xe4, 0x00, 0xe4, 0x00, 0x04, 
0x00, 0x04, 0x00, 0x25, 0x00, 0x46, 0x00, 0x66, 0x00, 0x86, 0x00, 0xa7, 0x00, 0xc8, 0x00, 0x09, 
0x00, 0x29, 0x00, 0x6a, 0x00, 0xab, 0x00, 0xec, 0x00, 0x2d, 0x00, 0x4d, 0x00, 0xf0, 0x00, 0xbb, 
0x00, 0x1c, 0x00, 0x1c, 0x00, 0x1c, 0x00, 0x1c, 0x00, 0x1c, 0x00, 0x1c, 0x00, 0x1c, 0x00, 0x1c, 
0x00, 0x1c, 0x00, 0x1c, 0x00, 0x1c, 0x00, 0x1c, 0x00, 0x1c, 0x00, 0x1c, 0x00, 0x3c, 0x00, 0x1c, 
0x00, 0x1c, 0x00, 0x1c, 0x00, 0x3c, 0x00, 0x3c, 0x00, 0x3c, 0x00, 0x3c, 0x00, 0x3c, 0x00, 0x3c, 
0x00, 0x3c, 0x00, 0x3c, 0x00, 0x3c, 0x00, 0x3c, 0x00, 0x3c, 0x00, 0x3c, 0x00, 0x3c, 0x00, 0x3c, 
0x00, 0x55, 0x00, 0xaf, 0x00, 0xaf, 0x00, 0x8e, 0x00, 0x6e, 0x00, 0x4d, 0x00, 0x4d, 0x00, 0x4d, 
0x00, 0x4d, 0x00, 0x4d, 0x00, 0x4d, 0x00, 0x4d, 0x00, 0x4d, 0x00, 0x2d, 0x00, 0x2d, 0x00, 0xec, 
0x00, 0xab, 0x00, 0x6a, 0x00, 0x29, 0x00, 0xa7, 0x00, 0x66, 0x00, 0x45, 0x00, 0x04, 0x00, 0x04, 
0x00, 0xe4, 0x00, 0xe4, 0x00, 0xe4, 0x00, 0xc3, 0x00, 0xc3, 0x00, 0xe4, 0x00, 0x24, 0x00, 0x00, 
0x00, 0x00, 0x00, 0x24, 0x00, 0x46, 0x00, 0x46, 0x00, 0x25, 0x00, 0x25, 0x00, 0x04, 0x00, 0xe4, 
0x00, 0xa3, 0x00, 0xa3, 0x00, 0xa3, 0x00, 0x82, 0x00, 0x82, 0x00, 0x82, 0x00, 0x82, 0x00, 0x62, 
0x00, 0x62, 0x00, 0x62, 0x00, 0x62, 0x00, 0x62, 0x00, 0x82, 0x00, 0x82, 0x00, 0x82, 0x00, 0xa3, 
0x00, 0xa3, 0x00, 0xe4, 0x00, 0x04, 0x00, 0x45, 0x00, 0x86, 0x00, 0xa7, 0x00, 0xe8, 0x00, 0x8e, 
0x00, 0x59, 0x00, 0x59, 0x00, 0x59, 0x00, 0x79, 0x00, 0x79, 0x00, 0x79, 0x00, 0x79, 0x00, 0x79, 
0x00, 0x79, 0x00, 0x79, 0x00, 0x79, 0x00, 0x79, 0x00, 0x79, 0x00, 0x79, 0x00, 0x79, 0x00, 0x79, 
0x00, 0x79, 0x00, 0x79, 0x00, 0x79, 0x00, 0x79, 0x00, 0x9a, 0x00, 0x9a, 0x00, 0x9a, 0x00, 0x9a, 
0x00, 0x9a, 0x00, 0x9a, 0x00, 0x9a, 0x00, 0x9a, 0x00, 0x9a, 0x00, 0x9a, 0x00, 0x9a, 0x00, 0x9a, 
0x00, 0x10, 0x00, 0xe8, 0x00, 0xa7, 0x00, 0x86, 0x00, 0x66, 0x00, 0x46, 0x00, 0x25, 0x00, 0x04, 
0x00, 0x04, 0x00, 0xe4, 0x00, 0xe4, 0x00, 0xe4, 0x00, 0xe4, 0x00, 0xe4, 0x00, 0xe4, 0x00, 0xe4, 
0x00, 0x04, 0x00, 0x04, 0x00, 0x25, 0x00, 0x46, 0x00, 0x66, 0x00, 0x86, 0x00, 0xa7, 0x00, 0xe8, 
0x00, 0x29, 0x00, 0x6a, 0x00, 0x8a, 0x00, 0xab, 0x00, 0xec, 0x00, 0x4d, 0x00, 0x8e, 0x00, 0x31, 
0x00, 0xdb, 0x00, 0xfb, 0x00, 0x1c, 0x00, 0x1c, 0x00, 0x1c, 0x00, 0x1c, 0x00, 0x1c, 0x00, 0x1c, 
0x00, 0x1c, 0x00, 0x1c, 0x00, 0x1c, 0x00, 0x1c, 0x00, 0x1c, 0x00, 0x3c, 0x00, 0x3c, 0x00, 0x1c, 
0x00, 0x3c, 0x00, 0x3c, 0x00, 0x3c, 0x00, 0x3c, 0x00, 0x3c, 0x00, 0x3c, 0x00, 0x3c, 0x00, 0x3c, 
0x00, 0x3c, 0x00, 0x3c, 0x00, 0x3c, 0x00, 0x3c, 0x00, 0x3c, 0x00, 0x3c, 0x00, 0x3c, 0x00, 0x3c, 
0x00, 0x15, 0x00, 0xaf, 0x00, 0x8e, 0x00, 0x4d, 0x00, 0x4d, 0x00, 0xec, 0x00, 0xec, 0x00, 0x2d, 
0x00, 0xec, 0x00, 0xec, 0x00, 0xec, 0x00, 0xec, 0x00, 0xec, 0x00, 0xec, 0x00, 0xec, 0x00, 0xab, 
0x00, 0x6a, 0x00, 0x29, 0x00, 0xe8, 0x00, 0x86, 0x00, 0x46, 0x00, 0x25, 0x00, 0x04, 0x00, 0x04, 
0x00, 0xe4, 0x00, 0xc3, 0x00, 0xc3, 0x00, 0xc3, 0x00, 0xc3, 0x00, 0xe4, 0x00, 0x24, 0x00, 0x00, 
0x00, 0x00, 0x00, 0x07, 0x00, 0x46, 0x00, 0x46, 0x00, 0x25, 0x00, 0x25, 0x00, 0x04, 0x00, 0xe4, 
0x00, 0xa3, 0x00, 0xa3, 0x00, 0xa3, 0x00, 0x82, 0x00, 0x82, 0x00, 0x82, 0x00, 0x82, 0x00, 0x82, 
0x00, 0x62, 0x00, 0x62, 0x00, 0x62, 0x00, 0x62, 0x00, 0x82, 0x00, 0x82, 0x00, 0x82, 0x00, 0xa3, 
0x00, 0xa3, 0x00, 0xe4, 0x00, 0x04, 0x00, 0x25, 0x00, 0x46, 0x00, 0x86, 0x00, 0xc7, 0x00, 0x4d, 
0x00, 0x59, 0x00, 0x59, 0x00, 0x59, 0x00, 0x59, 0x00, 0x59, 0x00, 0x79, 0x00, 0x79, 0x00, 0x59, 
0x00, 0x79, 0x00, 0x79, 0x00, 0x79, 0x00, 0x79, 0x00, 0x79, 0x00, 0x79, 0x00, 0x79, 0x00, 0x9a, 
0x00, 0x79, 0x00, 0x79, 0x00, 0x79, 0x00, 0x79, 0x00, 0x79, 0x00, 0x79, 0x00, 0x9a, 0x00, 0x9a, 
0x00, 0x9a, 0x00, 0x9a, 0x00, 0x9a, 0x00, 0x9a, 0x00, 0x9a, 0x00, 0x9a, 0x00, 0x96, 0x00, 0x29, 
0x00, 0xe8, 0x00, 0xc7, 0x00, 0xa7, 0x00, 0x86, 0x00, 0x46, 0x00, 0x45, 0x00, 0x25, 0x00, 0x04, 
0x00, 0xe4, 0x00, 0xe4, 0x00, 0xe4, 0x00, 0xe4, 0x00, 0xe4, 0x00, 0xe4, 0x00, 0xe4, 0x00, 0xe4, 
0x00, 0xe4, 0x00, 0x04, 0x00, 0x25, 0x00, 0x25, 0x00, 0x46, 0x00, 0x66, 0x00, 0xa7, 0x00, 0xc7, 
0x00, 0xe8, 0x00, 0x29, 0x00, 0x6a, 0x00, 0xab, 0x00, 0xec, 0x00, 0x0c, 0x00, 0x4d, 0x00, 0x8e, 
0x00, 0xaf, 0x00, 0xb6, 0x00, 0x1c, 0x00, 0x1c, 0x00, 0x1c, 0x00, 0x1c, 0x00, 0x1c, 0x00, 0x1c, 
0x00, 0x1c, 0x00, 0x1c, 0x00, 0x1c, 0x00, 0x1c, 0x00, 0x1c, 0x00, 0x1c, 0x00, 0x1c, 0x00, 0x3c, 
0x00, 0x1c, 0x00, 0x1c, 0x00, 0x3c, 0x00, 0x1c, 0x00, 0x3c, 0x00, 0x3c, 0x00, 0x3c, 0x00, 0x3c, 
0x00, 0x3c, 0x00, 0x3c, 0x00, 0x3c, 0x00, 0x3c, 0x00, 0x3c, 0x00, 0x3c, 0x00, 0x3c, 0x00, 0x3c, 
0x00, 0xd3, 0x00, 0x8e, 0x00, 0x8e, 0x00, 0x4d, 0x00, 0x0c, 0x00, 0xec, 0x00, 0xcb, 0x00, 0xab, 
0x00, 0xec, 0x00, 0xab, 0x00, 0xab, 0x00, 0xab, 0x00, 0xab, 0x00, 0xab, 0x00, 0x8b, 0x00, 0x6a, 
0x00, 0x29, 0x00, 0xe8, 0x00, 0xa7, 0x00, 0x86, 0x00, 0x45, 0x00, 0x25, 0x00, 0x04, 0x00, 0xe4, 
0x00, 0xe4, 0x00, 0xc3, 0x00, 0xc3, 0x00, 0xc3, 0x00, 0xa3, 0x00, 0xc4, 0x00, 0x24, 0x00, 0x00, 
0x00, 0x00, 0x00, 0x45, 0x00, 0x46, 0x00, 0x46, 0x00, 0x25, 0x00, 0x25, 0x00, 0x04, 0x00, 0xe4, 
0x00, 0xa3, 0x00, 0xa3, 0x00, 0xa3, 0x00, 0x82, 0x00, 0x82, 0x00, 0x82, 0x00, 0x82, 0x00, 0x82, 
0x00, 0x62, 0x00, 0x62, 0x00, 0x62, 0x00, 0x62, 0x00, 0x82, 0x00, 0x82, 0x00, 0x82, 0x00, 0xa3, 
0x00, 0xa3, 0x00, 0xe4, 0x00, 0xe4, 0x00, 0x25, 0x00, 0x46, 0x00, 0x86, 0x00, 0xa7, 0x00, 0xec, 
0x00, 0x59, 0x00, 0x59, 0x00, 0x59, 0x00, 0x59, 0x00, 0x59, 0x00, 0x59, 0x00, 0x79, 0x00, 0x79, 
0x00, 0x59, 0x00, 0x79, 0x00, 0x79, 0x00, 0x79, 0x00, 0x79, 0x00, 0x79, 0x00, 0x79, 0x00, 0x79, 
0x00, 0x79, 0x00, 0x79, 0x00, 0x79, 0x00, 0x79, 0x00, 0x79, 0x00, 0x79, 0x00, 0x9a, 0x00, 0x9a, 
0x00, 0x9a, 0x00, 0x9a, 0x00, 0x9a, 0x00, 0x9a, 0x00, 0x9a, 0x00, 0x31, 0x00, 0xe8, 0x00, 0xe8, 
0x00, 0xe8, 0x00, 0xa7, 0x00, 0x87, 0x00, 0x86, 0x00, 0x46, 0x00, 0x25, 0x00, 0x04, 0x00, 0x04, 
0x00, 0xe4, 0x00, 0xe4, 0x00, 0xe4, 0x00, 0xc3, 0x00, 0xa3, 0x00, 0xc3, 0x00, 0xe4, 0x00, 0xe4, 
0x00, 0xe4, 0x00, 0x04, 0x00, 0x04, 0x00, 0x25, 0x00, 0x25, 0x00, 0x46, 0x00, 0x66, 0x00, 0xa7, 
0x00, 0xc7, 0x00, 0x08, 0x00, 0x29, 0x00, 0x6a, 0x00, 0xab, 0x00, 0xec, 0x00, 0x0c, 0x00, 0x4e, 
0x00, 0x8e, 0x00, 0xaf, 0x00, 0xd3, 0x00, 0x1c, 0x00, 0xfb, 0x00, 0x1c, 0x00, 0x1c, 0x00, 0x1c, 
0x00, 0x1c, 0x00, 0x1c, 0x00, 0x1c, 0x00, 0x1c, 0x00, 0x1c, 0x00, 0x1c, 0x00, 0x1c, 0x00, 0x1c, 
0x00, 0x1c, 0x00, 0x1c, 0x00, 0x1c, 0x00, 0x3c, 0x00, 0x3c, 0x00, 0x3c, 0x00, 0x3c, 0x00, 0x3c, 
0x00, 0x3c, 0x00, 0x3c, 0x00, 0x3c, 0x00, 0x3c, 0x00, 0x3c, 0x00, 0x3c, 0x00, 0x3c, 0x00, 0x3c, 
0x00, 0x92, 0x00, 0x4e, 0x00, 0x4d, 0x00, 0xec, 0x00, 0xec, 0x00, 0xab, 0x00, 0xab, 0x00, 0xab, 
0x00, 0xab, 0x00, 0x8b, 0x00, 0x6a, 0x00, 0x6a, 0x00, 0x6a, 0x00, 0x6a, 0x00, 0x29, 0x00, 0x29, 
0x00, 0xe8, 0x00, 0xa7, 0x00, 0x86, 0x00, 0x46, 0x00, 0x25, 0x00, 0x04, 0x00, 0xe4, 0x00, 0xe4, 
0x00, 0xc3, 0x00, 0xc3, 0x00, 0xc3, 0x00, 0xa3, 0x00, 0xc3, 0x00, 0xe4, 0x00, 0x45, 0x00, 0x00, 
0x00, 0x00, 0x00, 0x45, 0x00, 0x25, 0x00, 0x46, 0x00, 0x45, 0x00, 0x25, 0x00, 0x04, 0x00, 0xe4, 
0x00, 0xa3, 0x00, 0xa3, 0x00, 0xa3, 0x00, 0xa3, 0x00, 0x82, 0x00, 0x82, 0x00, 0x82, 0x00, 0x82, 
0x00, 0x82, 0x00, 0x62, 0x00, 0x62, 0x00, 0x62, 0x00, 0x62, 0x00, 0x82, 0x00, 0x82, 0x00, 0x82, 
0x00, 0xa3, 0x00, 0xc3, 0x00, 0xe4, 0x00, 0x04, 0x00, 0x45, 0x00, 0x86, 0x00, 0xa7, 0x00, 0xab, 
0x00, 0x59, 0x00, 0x59, 0x00, 0x59, 0x00, 0x59, 0x00, 0x59, 0x00, 0x59, 0x00, 0x79, 0x00, 0x59, 
0x00, 0x79, 0x00, 0x79, 0x00, 0x79, 0x00, 0x79, 0x00, 0x79, 0x00, 0x79, 0x00, 0x79, 0x00, 0x79, 
0x00, 0x79, 0x00, 0x79, 0x00, 0x79, 0x00, 0x79, 0x00, 0x79, 0x00, 0x79, 0x00, 0x79, 0x00, 0x79, 
0x00, 0x79, 0x00, 0x9a, 0x00, 0x9a, 0x00, 0x9a, 0x00, 0xaf, 0x00, 0x29, 0x00, 0x08, 0x00, 0xe8, 
0x00, 0xc7, 0x00, 0xa7, 0x00, 0x86, 0x00, 0x66, 0x00, 0x45, 0x00, 0x25, 0x00, 0x04, 0x00, 0xe4, 
0x00, 0xe4, 0x00, 0xc3, 0x00, 0xc3, 0x00, 0xa3, 0x00, 0xa3, 0x00, 0xa3, 0x00, 0xa3, 0x00, 0xe4, 
0x00, 0xe4, 0x00, 0xe4, 0x00, 0x04, 0x00, 0x04, 0x00, 0x25, 0x00, 0x25, 0x00, 0x46, 0x00, 0x86, 
0x00, 0x87, 0x00, 0xc7, 0x00, 0x08, 0x00, 0x29, 0x00, 0x6a, 0x00, 0xab, 0x00, 0xec, 0x00, 0x2d, 
0x00, 0x4d, 0x00, 0x8e, 0x00, 0xaf, 0x00, 0x92, 0x00, 0xfc, 0x00, 0x1c, 0x00, 0x1c, 0x00, 0x1c, 
0x00, 0x1c, 0x00, 0x1c, 0x00, 0x1c, 0x00, 0x1c, 0x00, 0x1c, 0x00, 0x1c, 0x00, 0x1c, 0x00, 0x1c, 
0x00, 0x1c, 0x00, 0x3c, 0x00, 0x1c, 0x00, 0x1c, 0x00, 0x1c, 0x00, 0x3c, 0x00, 0x3c, 0x00, 0x3c, 
0x00, 0x3c, 0x00, 0x3c, 0x00, 0x3c, 0x00, 0x3c, 0x00, 0x3c, 0x00, 0x3c, 0x00, 0x3c, 0x00, 0x3c, 
0x00, 0x51, 0x00, 0x4d, 0x00, 0xec, 0x00, 0xec, 0x00, 0xab, 0x00, 0x6a, 0x00, 0x6a, 0x00, 0x6a, 
0x00, 0x29, 0x00, 0x29, 0x00, 0x29, 0x00, 0x29, 0x00, 0x29, 0x00, 0x29, 0x00, 0xe8, 0x00, 0xc8, 
0x00, 0xa7, 0x00, 0x86, 0x00, 0x46, 0x00, 0x45, 0x00, 0x04, 0x00, 0x04, 0x00, 0xe4, 0x00, 0xe4, 
0x00, 0xc3, 0x00, 0xc3, 0x00, 0xc3, 0x00, 0xc3, 0x00, 0xc3, 0x00, 0xe4, 0x00, 0x04, 0x00, 0x00, 
0x00, 0x00, 0x00, 0x24, 0x00, 0x25, 0x00, 0x46, 0x00, 0x45, 0x00, 0x25, 0x00, 0x04, 0x00, 0xe4, 
0x00, 0xc4, 0x00, 0xa3, 0x00, 0xa3, 0x00, 0xa3, 0x00, 0xa3, 0x00, 0x82, 0x00, 0x82, 0x00, 0x82, 
0x00, 0x82, 0x00, 0x62, 0x00, 0x62, 0x00, 0x62, 0x00, 0x62, 0x00, 0x62, 0x00, 0x82, 0x00, 0x82, 
0x00, 0xa3, 0x00, 0xa3, 0x00, 0xe4, 0x00, 0x04, 0x00, 0x25, 0x00, 0x46, 0x00, 0x86, 0x00, 0x29, 
0x00, 0x38, 0x00, 0x59, 0x00, 0x59, 0x00, 0x59, 0x00, 0x59, 0x00, 0x59, 0x00, 0x59, 0x00, 0x59, 
0x00, 0x59, 0x00, 0x79, 0x00, 0x79, 0x00, 0x79, 0x00, 0x79, 0x00, 0x79, 0x00, 0x79, 0x00, 0x79, 
0x00, 0x79, 0x00, 0x79, 0x00, 0x79, 0x00, 0x79, 0x00, 0x79, 0x00, 0x79, 0x00, 0x79, 0x00, 0x79, 
0x00, 0x9a, 0x00, 0x79, 0x00, 0x79, 0x00, 0x31, 0x00, 0x08, 0x00, 0xe8, 0x00, 0xe8, 0x00, 0xc8, 
0x00, 0xa7, 0x00, 0x87, 0x00, 0x86, 0x00, 0x46, 0x00, 0x25, 0x00, 0x04, 0x00, 0xe4, 0x00, 0xe4, 
0x00, 0xc4, 0x00, 0xa3, 0x00, 0xa3, 0x00, 0x25, 0x00, 0xab, 0x00, 0x51, 0x00, 0x14, 0x00, 0x75, 
0x00, 0x96, 0x00, 0x35, 0x00, 0x51, 0x00, 0x0c, 0x00, 0x66, 0x00, 0x25, 0x00, 0x45, 0x00, 0x46, 
0x00, 0x86, 0x00, 0xa7, 0x00, 0xc8, 0x00, 0x08, 0x00, 0x29, 0x00, 0x6a, 0x00, 0xab, 0x00, 0xec, 
0x00, 0x2d, 0x00, 0x4d, 0x00, 0x8e, 0x00, 0xaf, 0x00, 0x35, 0x00, 0x1c, 0x00, 0x1c, 0x00, 0x1c, 
0x00, 0x1c, 0x00, 0x1c, 0x00, 0x1c, 0x00, 0x1c, 0x00, 0x1c, 0x00, 0x1c, 0x00, 0x1c, 0x00, 0x1c, 
0x00, 0x1c, 0x00, 0x1c, 0x00, 0x1c, 0x00, 0x1c, 0x00, 0x1c, 0x00, 0x1c, 0x00, 0x1c, 0x00, 0x3c, 
0x00, 0x3c, 0x00, 0x3c, 0x00, 0x3c, 0x00, 0x3c, 0x00, 0x3c, 0x00, 0x3c, 0x00, 0x3c, 0x00, 0x1c, 
0x00, 0xaf, 0x00, 0x2d, 0x00, 0xec, 0x00, 0xab, 0x00, 0x6a, 0x00, 0x49, 0x00, 0x29, 0x00, 0x29, 
0x00, 0x29, 0x00, 0x08, 0x00, 0x08, 0x00, 0xe8, 0x00, 0xe8, 0x00, 0xc7, 0x00, 0xa7, 0x00, 0x87, 
0x00, 0x86, 0x00, 0x46, 0x00, 0x45, 0x00, 0x04, 0x00, 0x04, 0x00, 0xe4, 0x00, 0xe4, 0x00, 0xc4, 
0x00, 0xc3, 0x00, 0xc3, 0x00, 0xc3, 0x00, 0xc3, 0x00, 0xe4, 0x00, 0xe4, 0x00, 0x24, 0x00, 0x00, 
0x00, 0x00, 0x00, 0x24, 0x00, 0x25, 0x00, 0x46, 0x00, 0x45, 0x00, 0x25, 0x00, 0x04, 0x00, 0xe4, 
0x00, 0xe4, 0x00, 0xa3, 0x00, 0xa3, 0x00, 0xa3, 0x00, 0xa3, 0x00, 0x82, 0x00, 0x82, 0x00, 0x82, 
0x00, 0x82, 0x00, 0x62, 0x00, 0x62, 0x00, 0x62, 0x00, 0x62, 0x00, 0x62, 0x00, 0x82, 0x00, 0x82, 
0x00, 0x82, 0x00, 0xa3, 0x00, 0xc3, 0x00, 0xe4, 0x00, 0x04, 0x00, 0x45, 0x00, 0x66, 0x00, 0x87, 
0x00, 0x55, 0x00, 0x59, 0x00, 0x59, 0x00, 0x59, 0x00, 0x59, 0x00, 0x59, 0x00, 0x59, 0x00, 0x59, 
0x00, 0x79, 0x00, 0x59, 0x00, 0x79, 0x00, 0x79, 0x00, 0x79, 0x00, 0x79, 0x00, 0x79, 0x00, 0x79, 
0x00, 0x79, 0x00, 0x79, 0x00, 0x79, 0x00, 0x79, 0x00, 0x79, 0x00, 0x79, 0x00, 0x79, 0x00, 0x79, 
0x00, 0x79, 0x00, 0x79, 0x00, 0x75, 0x00, 0x09, 0x00, 0xe8, 0x00, 0xe8, 0x00, 0xe8, 0x00, 0xa7, 
0x00, 0xa7, 0x00, 0x86, 0x00, 0x46, 0x00, 0x45, 0x00, 0x25, 0x00, 0x04, 0x00, 0xe4, 0x00, 0xe4, 
0x00, 0xe4, 0x00, 0xaf, 0x00, 0x59, 0x00, 0xba, 0x00, 0xba, 0x00, 0x9a, 0x00, 0x9a, 0x00, 0xba, 
0x00, 0xba, 0x00, 0xba, 0x00, 0xba, 0x00, 0xba, 0x00, 0xba, 0x00, 0x59, 0x00, 0xcf, 0x00, 0x45, 
0x00, 0x46, 0x00, 0x66, 0x00, 0xa7, 0x00, 0xc8, 0x00, 0x08, 0x00, 0x49, 0x00, 0x6a, 0x00, 0xab, 
0x00, 0xec, 0x00, 0x2d, 0x00, 0x4d, 0x00, 0x8e, 0x00, 0x8e, 0x00, 0x39, 0x00, 0xfb, 0x00, 0x1c, 
0x00, 0x1c, 0x00, 0x1c, 0x00, 0x1c, 0x00, 0x1c, 0x00, 0x1c, 0x00, 0x1c, 0x00, 0x1c, 0x00, 0x1c, 
0x00, 0x1c, 0x00, 0x1c, 0x00, 0x1c, 0x00, 0x1c, 0x00, 0x1c, 0x00, 0x1c, 0x00, 0x1c, 0x00, 0x1c, 
0x00, 0x1c, 0x00, 0x3c, 0x00, 0x1c, 0x00, 0x3c, 0x00, 0x3c, 0x00, 0x3c, 0x00, 0x3c, 0x00, 0x7a, 
0x00, 0x0d, 0x00, 0xec, 0x00, 0xab, 0x00, 0x6a, 0x00, 0x29, 0x00, 0x08, 0x00, 0xe8, 0x00, 0xe8, 
0x00, 0xa7, 0x00, 0xa7, 0x00, 0xa7, 0x00, 0xa7, 0x00, 0x86, 0x00, 0x86, 0x00, 0x66, 0x00, 0x66, 
0x00, 0x46, 0x00, 0x25, 0x00, 0x25, 0x00, 0x04, 0x00, 0xe4, 0x00, 0xe4, 0x00, 0xc3, 0x00, 0xc3, 
0x00, 0xa3, 0x00, 0xc3, 0x00, 0xc3, 0x00, 0xc3, 0x00, 0xc3, 0x00, 0xe4, 0x00, 0x24, 0x00, 0x00, 
0x00, 0x00, 0x00, 0x04, 0x00, 0x25, 0x00, 0x25, 0x00, 0x46, 0x00, 0x25, 0x00, 0x04, 0x00, 0xe4, 
0x00, 0xe4, 0x00, 0xa3, 0x00, 0xa3, 0x00, 0xa3, 0x00, 0xa3, 0x00, 0x82, 0x00, 0x82, 0x00, 0x82, 
0x00, 0x82, 0x00, 0x62, 0x00, 0x62, 0x00, 0x62, 0x00, 0x62, 0x00, 0x62, 0x00, 0x62, 0x00, 0x82, 
0x00, 0x82, 0x00, 0xa3, 0x00, 0xa3, 0x00, 0xc3, 0x00, 0x04, 0x00, 0x25, 0x00, 0x46, 0x00, 0x86, 
0x00, 0x51, 0x00, 0x38, 0x00, 0x59, 0x00, 0x59, 0x00, 0x59, 0x00, 0x59, 0x00, 0x59, 0x00, 0x59, 
0x00, 0x59, 0x00, 0x59, 0x00, 0x59, 0x00, 0x59, 0x00, 0x79, 0x00, 0x79, 0x00, 0x79, 0x00, 0x79, 
0x00, 0x79, 0x00, 0x79, 0x00, 0x79, 0x00, 0x79, 0x00, 0x79, 0x00, 0x79, 0x00, 0x79, 0x00, 0x79, 
0x00, 0x79, 0x00, 0x59, 0x00, 0xcb, 0x00, 0x08, 0x00, 0x08, 0x00, 0xe8, 0x00, 0xa7, 0x00, 0xa7, 
0x00, 0x86, 0x00, 0x66, 0x00, 0x45, 0x00, 0x25, 0x00, 0x04, 0x00, 0xe4, 0x00, 0xc3, 0x00, 0xcc, 
0x00, 0x79, 0x00, 0x9a, 0x00, 0x9a, 0x00, 0x9a, 0x00, 0xba, 0x00, 0xba, 0x00, 0xba, 0x00, 0xba, 
0x00, 0xba, 0x00, 0xba, 0x00, 0xba, 0x00, 0xba, 0x00, 0xba, 0x00, 0xbb, 0x00, 0xba, 0x00, 0x9a, 
0x00, 0x8a, 0x00, 0x45, 0x00, 0x86, 0x00, 0x87, 0x00, 0xc7, 0x00, 0x08, 0x00, 0x49, 0x00, 0x8a, 
0x00, 0xab, 0x00, 0xec, 0x00, 0x4d, 0x00, 0x4d, 0x00, 0x6e, 0x00, 0x31, 0x00, 0xfb, 0x00, 0xfb, 
0x00, 0x1c, 0x00, 0x1c, 0x00, 0x1c, 0x00, 0x1c, 0x00, 0x1c, 0x00, 0x1c, 0x00, 0x1c, 0x00, 0x1c, 
0x00, 0x1c, 0x00, 0x1c, 0x00, 0x1c, 0x00, 0x1c, 0x00, 0x1c, 0x00, 0x1c, 0x00, 0x1c, 0x00, 0x1c, 
0x00, 0x1c, 0x00, 0x1c, 0x00, 0x1c, 0x00, 0x1c, 0x00, 0x1c, 0x00, 0x3c, 0x00, 0x3c, 0x00, 0x76, 
0x00, 0xec, 0x00, 0xab, 0x00, 0x6a, 0x00, 0x29, 0x00, 0xe8, 0x00, 0xc7, 0x00, 0xa7, 0x00, 0xa7, 
0x00, 0x86, 0x00, 0x86, 0x00, 0x86, 0x00, 0x66, 0x00, 0x66, 0x00, 0x46, 0x00, 0x45, 0x00, 0x25, 
0x00, 0x25, 0x00, 0x04, 0x00, 0x04, 0x00, 0xe4, 0x00, 0xe4, 0x00, 0xc3, 0x00, 0xa3, 0x00, 0xa3, 
0x00, 0xa3, 0x00, 0xa3, 0x00, 0xc3, 0x00, 0xc3, 0x00, 0xc3, 0x00, 0xe4, 0x00, 0x04, 0x00, 0x00, 
0x00, 0x00, 0x00, 0x00, 0x00, 0x25, 0x00, 0x45, 0x00, 0x46, 0x00, 0x25, 0x00, 0x04, 0x00, 0x04, 
0x00, 0xe4, 0x00, 0xa3, 0x00, 0xa3, 0x00, 0xa3, 0x00, 0xa3, 0x00, 0x82, 0x00, 0x82, 0x00, 0x82, 
0x00, 0x82, 0x00, 0x62, 0x00, 0x62, 0x00, 0x62, 0x00, 0x62, 0x00, 0x62, 0x00, 0x62, 0x00, 0x62, 
0x00, 0x82, 0x00, 0x82, 0x00, 0xa3, 0x00, 0xa3, 0x00, 0xe4, 0x00, 0x04, 0x00, 0x25, 0x00, 0x46, 
0x00, 0xab, 0x00, 0x59, 0x00, 0x59, 0x00, 0x59, 0x00, 0x59, 0x00, 0x59, 0x00, 0x59, 0x00, 0x59, 
0x00, 0x59, 0x00, 0x59, 0x00, 0x59, 0x00, 0x59, 0x00, 0x59, 0x00, 0x59, 0x00, 0x79, 0x00, 0x79, 
0x00, 0x79, 0x00, 0x79, 0x00, 0x79, 0x00, 0x79, 0x00, 0x79, 0x00, 0x79, 0x00, 0x79, 0x00, 0x79, 
0x00, 0x79, 0x00, 0x55, 0x00, 0xe8, 0x00, 0xe8, 0x00, 0xe8, 0x00, 0xa7, 0x00, 0xa7, 0x00, 0x86, 
0x00, 0x66, 0x00, 0x45, 0x00, 0x25, 0x00, 0x04, 0x00, 0xe4, 0x00, 0xc3, 0x00, 0xcf, 0x00, 0x9a, 
0x00, 0x9a, 0x00, 0x9a, 0x00, 0x9a, 0x00, 0x9a, 0x00, 0xba, 0x00, 0x9a, 0x00, 0x9a, 0x00, 0xba, 
0x00, 0x9a, 0x00, 0xba, 0x00, 0xba, 0x00, 0xba, 0x00, 0xba, 0x00, 0xba, 0x00, 0xba, 0x00, 0xba, 
0x00, 0xba, 0x00, 0x6e, 0x00, 0x46, 0x00, 0x66, 0x00, 0xa7, 0x00, 0xc8, 0x00, 0x08, 0x00, 0x29, 
0x00, 0x6a, 0x00, 0xab, 0x00, 0xec, 0x00, 0x2d, 0x00, 0x4d, 0x00, 0x4e, 0x00, 0x39, 0x00, 0xfb, 
0x00, 0x1c, 0x00, 0xfb, 0x00, 0x1c, 0x00, 0x1c, 0x00, 0x1c, 0x00, 0x1c, 0x00, 0x1c, 0x00, 0x1c, 
0x00, 0x1c, 0x00, 0x1c, 0x00, 0x1c, 0x00, 0x1c, 0x00, 0x1c, 0x00, 0x1c, 0x00, 0x1c, 0x00, 0x1c, 
0x00, 0x1c, 0x00, 0x1c, 0x00, 0x1c, 0x00, 0x1c, 0x00, 0x3c, 0x00, 0x3c, 0x00, 0x1c, 0x00, 0x31, 
0x00, 0xab, 0x00, 0x6a, 0x00, 0x29, 0x00, 0xe8, 0x00, 0xa7, 0x00, 0xa7, 0x00, 0x86, 0x00, 0x86, 
0x00, 0x46, 0x00, 0x46, 0x00, 0x46, 0x00, 0x46, 0x00, 0x25, 0x00, 0x25, 0x00, 0x25, 0x00, 0x04, 
0x00, 0x04, 0x00, 0x04, 0x00, 0xe4, 0x00, 0xe4, 0x00, 0xc3, 0x00, 0xa3, 0x00, 0xa3, 0x00, 0xa3, 
0x00, 0xa3, 0x00, 0xa3, 0x00, 0xc3, 0x00, 0xc3, 0x00, 0xc3, 0x00, 0xe4, 0x00, 0x00, 0x00, 0x00, 
0x00, 0x00, 0x00, 0xc3, 0x00, 0x24, 0x00, 0x25, 0x00, 0x46, 0x00, 0x25, 0x00, 0x25, 0x00, 0x04, 
0x00, 0xe4, 0x00, 0xc3, 0x00, 0xa3, 0x00, 0xa3, 0x00, 0x83, 0x00, 0x82, 0x00, 0x82, 0x00, 0x82, 
0x00, 0x82, 0x00, 0x62, 0x00, 0x62, 0x00, 0x62, 0x00, 0x62, 0x00, 0x62, 0x00, 0x62, 0x00, 0x62, 
0x00, 0x62, 0x00, 0x82, 0x00, 0x82, 0x00, 0xa3, 0x00, 0xc3, 0x00, 0xe4, 0x00, 0x04, 0x00, 0x45, 
0x00, 0x86, 0x00, 0xf7, 0x00, 0x59, 0x00, 0x38, 0x00, 0x59, 0x00, 0x59, 0x00, 0x59, 0x00, 0x59, 
0x00, 0x59, 0x00, 0x59, 0x00, 0x59, 0x00, 0x59, 0x00, 0x59, 0x00, 0x79, 0x00, 0x79, 0x00, 0x59, 
0x00, 0x59, 0x00, 0x59, 0x00, 0x79, 0x00, 0x79, 0x00, 0x79, 0x00, 0x79, 0x00, 0x79, 0x00, 0x79, 
0x00, 0x79, 0x00, 0x4e, 0x00, 0xe8, 0x00, 0xe8, 0x00, 0xa7, 0x00, 0xa7, 0x00, 0x86, 0x00, 0x66, 
0x00, 0x46, 0x00, 0x25, 0x00, 0x04, 0x00, 0xe4, 0x00, 0xc3, 0x00, 0x8a, 0x00, 0x79, 0x00, 0x9a, 
0x00, 0x9a, 0x00, 0x9a, 0x00, 0x9a, 0x00, 0x9a, 0x00, 0x9a, 0x00, 0x9a, 0x00, 0xba, 0x00, 0x9a, 
0x00, 0xba, 0x00, 0xba, 0x00, 0xba, 0x00, 0xba, 0x00, 0xba, 0x00, 0xba, 0x00, 0xba, 0x00, 0xba, 
0x00, 0xdb, 0x00, 0x9a, 0x00, 0x49, 0x00, 0x46, 0x00, 0x66, 0x00, 0x86, 0x00, 0xc7, 0x00, 0x08, 
0x00, 0x29, 0x00, 0x6a, 0x00, 0xab, 0x00, 0xec, 0x00, 0xec, 0x00, 0x2d, 0x00, 0xb3, 0x00, 0xfb, 
0x00, 0xfb, 0x00, 0xfb, 0x00, 0xfb, 0x00, 0xfc, 0x00, 0x1c, 0x00, 0x1c, 0x00, 0x1c, 0x00, 0x1c, 
0x00, 0x1c, 0x00, 0x1c, 0x00, 0x1c, 0x00, 0x1c, 0x00, 0x1c, 0x00, 0x1c, 0x00, 0x1c, 0x00, 0x3c, 
0x00, 0x1c, 0x00, 0x1c, 0x00, 0x1c, 0x00, 0x1c, 0x00, 0x1c, 0x00, 0x1c, 0x00, 0xdb, 0x00, 0xcb, 
0x00, 0x6a, 0x00, 0x29, 0x00, 0xe8, 0x00, 0xa7, 0x00, 0x86, 0x00, 0x66, 0x00, 0x46, 0x00, 0x45, 
0x00, 0x45, 0x00, 0x25, 0x00, 0x25, 0x00, 0x25, 0x00, 0x04, 0x00, 0x04, 0x00, 0x04, 0x00, 0x04, 
0x00, 0xe4, 0x00, 0xe4, 0x00, 0xe4, 0x00, 0xc3, 0x00, 0xa3, 0x00, 0xa3, 0x00, 0xa3, 0x00, 0x82, 
0x00, 0xa3, 0x00, 0xa3, 0x00, 0xa3, 0x00, 0xc3, 0x00, 0xc3, 0x00, 0x24, 0x00, 0x00, 0x00, 0x00, 
0x00, 0x00, 0x00, 0x00, 0x00, 0x24, 0x00, 0x25, 0x00, 0x45, 0x00, 0x45, 0x00, 0x25, 0x00, 0x04, 
0x00, 0xe4, 0x00, 0xa3, 0x00, 0xa3, 0x00, 0xa3, 0x00, 0x82, 0x00, 0x82, 0x00, 0x82, 0x00, 0x82, 
0x00, 0x82, 0x00, 0x62, 0x00, 0x62, 0x00, 0x62, 0x00, 0x62, 0x00, 0x62, 0x00, 0x62, 0x00, 0x62, 
0x00, 0x62, 0x00, 0x82, 0x00, 0x82, 0x00, 0xa3, 0x00, 0xa3, 0x00, 0xc3, 0x00, 0xe4, 0x00, 0x04, 
0x00, 0x25, 0x00, 0x72, 0x00, 0x38, 0x00, 0x38, 0x00, 0x59, 0x00, 0x59, 0x00, 0x59, 0x00, 0x59, 
0x00, 0x59, 0x00, 0x59, 0x00, 0x59, 0x00, 0x59, 0x00, 0x59, 0x00, 0x59, 0x00, 0x59, 0x00, 0x59, 
0x00, 0x79, 0x00, 0x59, 0x00, 0x59, 0x00, 0x79, 0x00, 0x79, 0x00, 0x79, 0x00, 0x79, 0x00, 0x59, 
0x00, 0x59, 0x00, 0x29, 0x00, 0xc7, 0x00, 0xc7, 0x00, 0xa7, 0x00, 0x86, 0x00, 0x46, 0x00, 0x46, 
0x00, 0x25, 0x00, 0x04, 0x00, 0xe4, 0x00, 0xe4, 0x00, 0xc3, 0x00, 0x76, 0x00, 0x9a, 0x00, 0x9a, 
0x00, 0x9a, 0x00, 0x9a, 0x00, 0x9a, 0x00, 0x9a, 0x00, 0x9a, 0x00, 0x9a, 0x00, 0x9a, 0x00, 0x9a, 
0x00, 0xba, 0x00, 0xba, 0x00, 0xba, 0x00, 0xba, 0x00, 0xba, 0x00, 0xba, 0x00, 0xba, 0x00, 0xba, 
0x00, 0xba, 0x00, 0xba, 0x00, 0x55, 0x00, 0x25, 0x00, 0x45, 0x00, 0x66, 0x00, 0x87, 0x00, 0xc7, 
0x00, 0x08, 0x00, 0x29, 0x00, 0x6a, 0x00, 0xab, 0x00, 0xab, 0x00, 0xec, 0x00, 0x6e, 0x00, 0xfb, 
0x00, 0xfc, 0x00, 0xfb, 0x00, 0xfb, 0x00, 0x1c, 0x00, 0x1c, 0x00, 0x1c, 0x00, 0x1c, 0x00, 0x1c, 
0x00, 0x1c, 0x00, 0x1c, 0x00, 0x1c, 0x00, 0x1c, 0x00, 0x1c, 0x00, 0x1c, 0x00, 0x1c, 0x00, 0x1c, 
0x00, 0x1c, 0x00, 0x1c, 0x00, 0x1c, 0x00, 0x1c, 0x00, 0x1c, 0x00, 0x1c, 0x00, 0x96, 0x00, 0x6a, 
0x00, 0x09, 0x00, 0xe8, 0x00, 0xa7, 0x00, 0x86, 0x00, 0x46, 0x00, 0x46, 0x00, 0x25, 0x00, 0x25, 
0x00, 0x04, 0x00, 0x04, 0x00, 0x05, 0x00, 0x04, 0x00, 0x04, 0x00, 0xe4, 0x00, 0xe4, 0x00, 0xe4, 
0x00, 0xe4, 0x00, 0xc3, 0x00, 0xc3, 0x00, 0xa3, 0x00, 0xa3, 0x00, 0xa3, 0x00, 0x83, 0x00, 0x82, 
0x00, 0x82, 0x00, 0xa3, 0x00, 0xa3, 0x00, 0xc3, 0x00, 0xc3, 0x00, 0x24, 0x00, 0x00, 0x00, 0x00, 
0x00, 0x00, 0x00, 0x00, 0x00, 0x65, 0x00, 0x25, 0x00, 0x25, 0x00, 0x45, 0x00, 0x25, 0x00, 0x04, 
0x00, 0xe4, 0x00, 0xa3, 0x00, 0xa3, 0x00, 0xa3, 0x00, 0x82, 0x00, 0x82, 0x00, 0x82, 0x00, 0x82, 
0x00, 0x62, 0x00, 0x62, 0x00, 0x62, 0x00, 0x62, 0x00, 0x62, 0x00, 0x62, 0x00, 0x62, 0x00, 0x62, 
0x00, 0x62, 0x00, 0x62, 0x00, 0x82, 0x00, 0x82, 0x00, 0x82, 0x00, 0xa3, 0x00, 0xc3, 0x00, 0xe4, 
0x00, 0x04, 0x00, 0xc7, 0x00, 0x59, 0x00, 0x38, 0x00, 0x38, 0x00, 0x59, 0x00, 0x59, 0x00, 0x59, 
0x00, 0x59, 0x00, 0x59, 0x00, 0x59, 0x00, 0x59, 0x00, 0x59, 0x00, 0x59, 0x00, 0x59, 0x00, 0x59, 
0x00, 0x59, 0x00, 0x59, 0x00, 0x59, 0x00, 0x59, 0x00, 0x79, 0x00, 0x79, 0x00, 0x79, 0x00, 0x59, 
0x00, 0x38, 0x00, 0xa7, 0x00, 0xa7, 0x00, 0x86, 0x00, 0x86, 0x00, 0x46, 0x00, 0x45, 0x00, 0x25, 
0x00, 0x04, 0x00, 0xe4, 0x00, 0xe4, 0x00, 0xa3, 0x00, 0x66, 0x00, 0x79, 0x00, 0x79, 0x00, 0x9a, 
0x00, 0x9a, 0x00, 0x9a, 0x00, 0x9a, 0x00, 0x9a, 0x00, 0x9a, 0x00, 0x9a, 0x00, 0x9a, 0x00, 0x9a, 
0x00, 0x9a, 0x00, 0x9a, 0x00, 0xba, 0x00, 0x9a, 0x00, 0x9a, 0x00, 0xba, 0x00, 0xba, 0x00, 0xba, 
0x00, 0xba, 0x00, 0xba, 0x00, 0x9a, 0x00, 0x86, 0x00, 0x25, 0x00, 0x25, 0x00, 0x66, 0x00, 0x86, 
0x00, 0xa7, 0x00, 0xe8, 0x00, 0x29, 0x00, 0x4a, 0x00, 0x6a, 0x00, 0xab, 0x00, 0xcc, 0x00, 0xdb, 
0x00, 0xfb, 0x00, 0xfb, 0x00, 0x1c, 0x00, 0xfb, 0x00, 0xfc, 0x00, 0x1c, 0x00, 0xfb, 0x00, 0x1c, 
0x00, 0x1c, 0x00, 0x1c, 0x00, 0x1c, 0x00, 0x1c, 0x00, 0x1c, 0x00, 0x1c, 0x00, 0x1c, 0x00, 0x1c, 
0x00, 0x1c, 0x00, 0x1c, 0x00, 0x1c, 0x00, 0x1c, 0x00, 0x1c, 0x00, 0x1c, 0x00, 0xec, 0x00, 0x29, 
0x00, 0xe8, 0x00, 0xa7, 0x00, 0x86, 0x00, 0x46, 0x00, 0x25, 0x00, 0x25, 0x00, 0x04, 0x00, 0x04, 
0x00, 0x04, 0x00, 0x04, 0x00, 0xe4, 0x00, 0xe4, 0x00, 0xe4, 0x00, 0xe4, 0x00, 0xe4, 0x00, 0xe4, 
0x00, 0xc3, 0x00, 0xc3, 0x00, 0xa3, 0x00, 0xa3, 0x00, 0xa3, 0x00, 0xa3, 0x00, 0xa3, 0x00, 0xa3, 
0x00, 0x83, 0x00, 0xa3, 0x00, 0xa3, 0x00, 0xc3, 0x00, 0xe4, 0x00, 0x65, 0x00, 0x00, 0x00, 0x00, 
0x00, 0x00, 0x00, 0x00, 0x00, 0x00, 0x00, 0x25, 0x00, 0x25, 0x00, 0x45, 0x00, 0x04, 0x00, 0x04, 
0x00, 0xe4, 0x00, 0xa3, 0x00, 0xa3, 0x00, 0x82, 0x00, 0x82, 0x00, 0x82, 0x00, 0x82, 0x00, 0x62, 
0x00, 0x62, 0x00, 0x62, 0x00, 0x62, 0x00, 0x62, 0x00, 0x62, 0x00, 0x41, 0x00, 0x41, 0x00, 0x41, 
0x00, 0x62, 0x00, 0x62, 0x00, 0x62, 0x00, 0x62, 0x00, 0x82, 0x00, 0x82, 0x00, 0xa3, 0x00, 0xc3, 
0x00, 0xe4, 0x00, 0x04, 0x00, 0x35, 0x00, 0x18, 0x00, 0x38, 0x00, 0x59, 0x00, 0x59, 0x00, 0x38, 
0x00, 0x38, 0x00, 0x38, 0x00, 0x59, 0x00, 0x59, 0x00, 0x38, 0x00, 0x59, 0x00, 0x59, 0x00, 0x59, 
0x00, 0x59, 0x00, 0x59, 0x00, 0x59, 0x00, 0x59, 0x00, 0x59, 0x00, 0x59, 0x00, 0x59, 0x00, 0x59, 
0x00, 0xd7, 0x00, 0x86, 0x00, 0x86, 0x00, 0x66, 0x00, 0x46, 0x00, 0x25, 0x00, 0x25, 0x00, 0x04, 
0x00, 0xe4, 0x00, 0xe4, 0x00, 0xa3, 0x00, 0xa3, 0x00, 0xc7, 0x00, 0x79, 0x00, 0x9a, 0x00, 0x9a, 
0x00, 0x9a, 0x00, 0x9a, 0x00, 0x9a, 0x00, 0x9a, 0x00, 0x9a, 0x00, 0x9a, 0x00, 0x9a, 0x00, 0x9a, 
0x00, 0xba, 0x00, 0x9a, 0x00, 0xba, 0x00, 0xba, 0x00, 0xba, 0x00, 0x9a, 0x00, 0xba, 0x00, 0xba, 
0x00, 0xba, 0x00, 0xba, 0x00, 0xba, 0x00, 0xc7, 0x00, 0x04, 0x00, 0x25, 0x00, 0x25, 0x00, 0x46, 
0x00, 0x86, 0x00, 0xa7, 0x00, 0xe8, 0x00, 0x29, 0x00, 0x29, 0x00, 0x6a, 0x00, 0x6a, 0x00, 0xba, 
0x00, 0xfc, 0x00, 0xfb, 0x00, 0xfb, 0x00, 0xfb, 0x00, 0x1c, 0x00, 0x1c, 0x00, 0x1c, 0x00, 0xfb, 
0x00, 0x1c, 0x00, 0x1c, 0x00, 0x1c, 0x00, 0x1c, 0x00, 0x1c, 0x00, 0x1c, 0x00, 0x1c, 0x00, 0x1c, 
0x00, 0x1c, 0x00, 0x1c, 0x00, 0x1c, 0x00, 0x1c, 0x00, 0x1c, 0x00, 0x79, 0x00, 0xe8, 0x00, 0xc8, 
0x00, 0x87, 0x00, 0x66, 0x00, 0x46, 0x00, 0x25, 0x00, 0x25, 0x00, 0x04, 0x00, 0x04, 0x00, 0xe4, 
0x00, 0xe4, 0x00, 0xe4, 0x00, 0xe4, 0x00, 0xe4, 0x00, 0xe4, 0x00, 0xe4, 0x00, 0xc3, 0x00, 0xc3, 
0x00, 0xa3, 0x00, 0xa3, 0x00, 0xa3, 0x00, 0x83, 0x00, 0xa3, 0x00, 0x82, 0x00, 0x82, 0x00, 0x82, 
0x00, 0xa3, 0x00, 0xa3, 0x00, 0xa3, 0x00, 0xe4, 0x00, 0x04, 0x00, 0x00, 0x00, 0x00, 0x00, 0x00, 
0x00, 0x00, 0x00, 0x00, 0x00, 0x00, 0x00, 0x24, 0x00, 0x04, 0x00, 0x25, 0x00, 0x25, 0x00, 0x04, 
0x00, 0xe4, 0x00, 0xa3, 0x00, 0xa3, 0x00, 0x82, 0x00, 0x82, 0x00, 0x82, 0x00, 0x62, 0x00, 0x62, 
0x00, 0x62, 0x00, 0x62, 0x00, 0x62, 0x00, 0x41, 0x00, 0x41, 0x00, 0x41, 0x00, 0x41, 0x00, 0x41, 
0x00, 0x41, 0x00, 0x62, 0x00, 0x62, 0x00, 0x62, 0x00, 0x62, 0x00, 0x82, 0x00, 0x82, 0x00, 0xa3, 
0x00, 0xa3, 0x00, 0xe4, 0x00, 0xc7, 0x00, 0x18, 0x00, 0x38, 0x00, 0x38, 0x00, 0x59, 0x00, 0x59, 
0x00, 0x38, 0x00, 0x59, 0x00, 0x59, 0x00, 0x59, 0x00, 0x59, 0x00, 0x59, 0x00, 0x59, 0x00, 0x59, 
0x00, 0x59, 0x00, 0x59, 0x00, 0x59, 0x00, 0x59, 0x00, 0x59, 0x00, 0x59, 0x00, 0x59, 0x00, 0x59, 
0x00, 0xd7, 0x00, 0x46, 0x00, 0x46, 0x00, 0x25, 0x00, 0x25, 0x00, 0x04, 0x00, 0x04, 0x00, 0xe4, 
0x00, 0xc3, 0x00, 0xa3, 0x00, 0xa3, 0x00, 0x82, 0x00, 0x86, 0x00, 0x79, 0x00, 0x79, 0x00, 0x79, 
0x00, 0x79, 0x00, 0x79, 0x00, 0x9a, 0x00, 0x9a, 0x00, 0x9a, 0x00, 0x9a, 0x00, 0x9a, 0x00, 0x9a, 
0x00, 0x9a, 0x00, 0x9a, 0x00, 0xba, 0x00, 0xba, 0x00, 0x9a, 0x00, 0xba, 0x00, 0xba, 0x00, 0xba, 
0x00, 0xba, 0x00, 0xba, 0x00, 0xba, 0x00, 0xa7, 0x00, 0xe4, 0x00, 0x04, 0x00, 0x04, 0x00, 0x25, 
0x00, 0x45, 0x00, 0x86, 0x00, 0x86, 0x00, 0xa7, 0x00, 0xe8, 0x00, 0x29, 0x00, 0x29, 0x00, 0x9a, 
0x00, 0xdb, 0x00, 0xfb, 0x00, 0xfb, 0x00, 0xdb, 0x00, 0xfb, 0x00, 0x1c, 0x00, 0xfc, 0x00, 0x1c, 
0x00, 0xfb, 0x00, 0x1c, 0x00, 0x1c, 0x00, 0x1c, 0x00, 0x1c, 0x00, 0x1c, 0x00, 0x1c, 0x00, 0x1c, 
0x00, 0x1c, 0x00, 0x1c, 0x00, 0x1c, 0x00, 0x1c, 0x00, 0x1c, 0x00, 0xab, 0x00, 0xa7, 0x00, 0x86, 
0x00, 0x46, 0x00, 0x45, 0x00, 0x25, 0x00, 0x25, 0x00, 0x04, 0x00, 0xe4, 0x00, 0xe4, 0x00, 0xe4, 
0x00, 0xe4, 0x00, 0xe4, 0x00, 0xe4, 0x00, 0xc3, 0x00, 0xe4, 0x00, 0xc4, 0x00, 0xc3, 0x00, 0xa3, 
0x00, 0xa3, 0x00, 0xa3, 0x00, 0xa3, 0x00, 0xa3, 0x00, 0x83, 0x00, 0x82, 0x00, 0x82, 0x00, 0x82, 
0x00, 0x82, 0x00, 0x83, 0x00, 0xc3, 0x00, 0xe4, 0x00, 0x04, 0x00, 0x00, 0x00, 0x00, 0x00, 0x00, 
0x00, 0x00, 0x00, 0x00, 0x00, 0x00, 0x00, 0x65, 0x00, 0x04, 0x00, 0x04, 0x00, 0x04, 0x00, 0x04, 
0x00, 0xe4, 0x00, 0xa3, 0x00, 0xa3, 0x00, 0x82, 0x00, 0x82, 0x00, 0x62, 0x00, 0x62, 0x00, 0x62, 
0x00, 0x62, 0x00, 0x62, 0x00, 0x62, 0x00, 0x41, 0x00, 0x41, 0x00, 0x41, 0x00, 0x41, 0x00, 0x41, 
0x00, 0x41, 0x00, 0x41, 0x00, 0x62, 0x00, 0x62, 0x00, 0x62, 0x00, 0x62, 0x00, 0x82, 0x00, 0x82, 
0x00, 0x83, 0x00, 0xa3, 0x00, 0xa3, 0x00, 0x92, 0x00, 0x18, 0x00, 0x18, 0x00, 0x18, 0x00, 0x59, 
0x00, 0x59, 0x00, 0x59, 0x00, 0x38, 0x00, 0x38, 0x00, 0x59, 0x00, 0x59, 0x00, 0x59, 0x00, 0x59, 
0x00, 0x59, 0x00, 0x59, 0x00, 0x59, 0x00, 0x59, 0x00, 0x59, 0x00, 0x59, 0x00, 0x59, 0x00, 0x59, 
0x00, 0x38, 0x00, 0x45, 0x00, 0x25, 0x00, 0x04, 0x00, 0x04, 0x00, 0xe4, 0x00, 0xc3, 0x00, 0xa3, 
0x00, 0xa3, 0x00, 0x83, 0x00, 0x82, 0x00, 0x82, 0x00, 0xc3, 0x00, 0xf7, 0x00, 0x79, 0x00, 0x79, 
0x00, 0x79, 0x00, 0x79, 0x00, 0x79, 0x00, 0x9a, 0x00, 0x9a, 0x00, 0x9a, 0x00, 0x9a, 0x00, 0x9a, 
0x00, 0x9a, 0x00, 0x9a, 0x00, 0x9a, 0x00, 0x9a, 0x00, 0xba, 0x00, 0x9a, 0x00, 0xba, 0x00, 0xba, 
0x00, 0x9a, 0x00, 0xba, 0x00, 0x38, 0x00, 0xe4, 0x00, 0xe4, 0x00, 0xe4, 0x00, 0x04, 0x00, 0x04, 
0x00, 0x25, 0x00, 0x25, 0x00, 0x46, 0x00, 0x86, 0x00, 0x87, 0x00, 0xa7, 0x00, 0xe8, 0x00, 0xba, 
0x00, 0xdb, 0x00, 0xfb, 0x00, 0xdb, 0x00, 0xdb, 0x00, 0xfb, 0x00, 0xfc, 0x00, 0xfb, 0x00, 0xfb, 
0x00, 0xfb, 0x00, 0xfc, 0x00, 0xfb, 0x00, 0x1c, 0x00, 0xfb, 0x00, 0x1c, 0x00, 0x1c, 0x00, 0x1c, 
0x00, 0x1c, 0x00, 0x1c, 0x00, 0x1c, 0x00, 0x1c, 0x00, 0xd7, 0x00, 0x86, 0x00, 0x86, 0x00, 0x46, 
0x00, 0x25, 0x00, 0x04, 0x00, 0x04, 0x00, 0x04, 0x00, 0xe4, 0x00, 0xe4, 0x00, 0xe4, 0x00, 0xc3, 
0x00, 0xc3, 0x00, 0xc3, 0x00, 0xc3, 0x00, 0xc3, 0x00, 0xc3, 0x00, 0xc3, 0x00, 0xa3, 0x00, 0xa3, 
0x00, 0xa3, 0x00, 0x83, 0x00, 0x83, 0x00, 0x82, 0x00, 0x82, 0x00, 0x82, 0x00, 0x82, 0x00, 0x82, 
0x00, 0x82, 0x00, 0xa3, 0x00, 0xc3, 0x00, 0x04, 0x00, 0x65, 0x00, 0x00, 0x00, 0x00, 0x00, 0x00, 
0x00, 0x00, 0x00, 0x00, 0x00, 0x00, 0x00, 0x61, 0x00, 0x25, 0x00, 0x04, 0x00, 0x04, 0x00, 0xe4, 
0x00, 0xe4, 0x00, 0xa3, 0x00, 0xa3, 0x00, 0x82, 0x00, 0x82, 0x00, 0x62, 0x00, 0x62, 0x00, 0x62, 
0x00, 0x62, 0x00, 0x62, 0x00, 0x41, 0x00, 0x41, 0x00, 0x41, 0x00, 0x41, 0x00, 0x41, 0x00, 0x41, 
0x00, 0x41, 0x00, 0x41, 0x00, 0x41, 0x00, 0x41, 0x00, 0x62, 0x00, 0x62, 0x00, 0x62, 0x00, 0x62, 
0x00, 0x82, 0x00, 0x82, 0x00, 0xa3, 0x00, 0x45, 0x00, 0xf7, 0x00, 0x38, 0x00, 0x18, 0x00, 0x38, 
0x00, 0x38, 0x00, 0x38, 0x00, 0x38, 0x00, 0x38, 0x00, 0x59, 0x00, 0x59, 0x00, 0x38, 0x00, 0x38, 
0x00, 0x38, 0x00, 0x59, 0x00, 0x59, 0x00, 0x59, 0x00, 0x59, 0x00, 0x59, 0x00, 0x59, 0x00, 0x59, 
0x00, 0x38, 0x00, 0x66, 0x00, 0xe4, 0x00, 0xe4, 0x00, 0xe4, 0x00, 0xa3, 0x00, 0xa3, 0x00, 0xa3, 
0x00, 0x82, 0x00, 0x82, 0x00, 0x82, 0x00, 0x62, 0x00, 0x62, 0x00, 0xaf, 0x00, 0x79, 0x00, 0x79, 
0x00, 0x79, 0x00, 0x79, 0x00, 0x79, 0x00, 0x79, 0x00, 0x79, 0x00, 0x9a, 0x00, 0x9a, 0x00, 0x9a, 
0x00, 0x9a, 0x00, 0x9a, 0x00, 0x9a, 0x00, 0x9a, 0x00, 0x9a, 0x00, 0x9a, 0x00, 0x9a, 0x00, 0x9a, 
0x00, 0xba, 0x00, 0xba, 0x00, 0xcf, 0x00, 0xa3, 0x00, 0xa3, 0x00, 0xe4, 0x00, 0xe4, 0x00, 0xe4, 
0x00, 0x04, 0x00, 0x04, 0x00, 0x25, 0x00, 0x45, 0x00, 0x46, 0x00, 0x86, 0x00, 0x09, 0x00, 0xdb, 
0x00, 0xdb, 0x00, 0xfb, 0x00, 0xfb, 0x00, 0xdb, 0x00, 0xdb, 0x00, 0xfb, 0x00, 0xfb, 0x00, 0xfb, 
0x00, 0xfb, 0x00, 0xfb, 0x00, 0xfb, 0x00, 0xfc, 0x00, 0x1c, 0x00, 0xfb, 0x00, 0x1c, 0x00, 0xfc, 
0x00, 0x1c, 0x00, 0x1c, 0x00, 0x1c, 0x00, 0x1c, 0x00, 0xe8, 0x00, 0x46, 0x00, 0x45, 0x00, 0x25, 
0x00, 0x04, 0x00, 0xe4, 0x00, 0xe4, 0x00, 0xe4, 0x00, 0xc3, 0x00, 0xc3, 0x00, 0xc3, 0x00, 0xc3, 
0x00, 0xa3, 0x00, 0xa3, 0x00, 0xa3, 0x00, 0xc3, 0x00, 0xc3, 0x00, 0xa3, 0x00, 0xa3, 0x00, 0xa3, 
0x00, 0xa3, 0x00, 0x83, 0x00, 0x82, 0x00, 0x82, 0x00, 0x82, 0x00, 0x82, 0x00, 0x82, 0x00, 0x82, 
0x00, 0x82, 0x00, 0xa3, 0x00, 0xe4, 0x00, 0x25, 0x00, 0x61, 0x00, 0x00, 0x00, 0x00, 0x00, 0x00, 
0x00, 0x00, 0x00, 0x00, 0x00, 0x00, 0x00, 0x20, 0x00, 0x25, 0x00, 0x04, 0x00, 0x04, 0x00, 0xe4, 
0x00, 0xe4, 0x00, 0xa3, 0x00, 0xa3, 0x00, 0x82, 0x00, 0x82, 0x00, 0x62, 0x00, 0x62, 0x00, 0x62, 
0x00, 0x62, 0x00, 0x62, 0x00, 0x41, 0x00, 0x41, 0x00, 0x41, 0x00, 0x41, 0x00, 0x41, 0x00, 0x41, 
0x00, 0x41, 0x00, 0x41, 0x00, 0x41, 0x00, 0x41, 0x00, 0x41, 0x00, 0x42, 0x00, 0x62, 0x00, 0x62, 
0x00, 0x62, 0x00, 0x82, 0x00, 0x82, 0x00, 0x82, 0x00, 0x8e, 0x00, 0x18, 0x00, 0x18, 0x00, 0x18, 
0x00, 0x18, 0x00, 0x18, 0x00, 0x38, 0x00, 0x38, 0x00, 0x59, 0x00, 0x38, 0x00, 0x38, 0x00, 0x38, 
0x00, 0x38, 0x00, 0x38, 0x00, 0x59, 0x00, 0x59, 0x00, 0x59, 0x00, 0x59, 0x00, 0x59, 0x00, 0x59, 
0x00, 0x59, 0x00, 0x0c, 0x00, 0xc3, 0x00, 0xa3, 0x00, 0xa3, 0x00, 0xa3, 0x00, 0x82, 0x00, 0x82, 
0x00, 0x82, 0x00, 0x82, 0x00, 0x62, 0x00, 0x62, 0x00, 0x62, 0x00, 0x82, 0x00, 0xb6, 0x00, 0x79, 
0x00, 0x79, 0x00, 0x79, 0x00, 0x79, 0x00, 0x79, 0x00, 0x79, 0x00, 0x79, 0x00, 0x9a, 0x00, 0x9a, 
0x00, 0x9a, 0x00, 0x9a, 0x00, 0x9a, 0x00, 0x9a, 0x00, 0x9a, 0x00, 0x9a, 0x00, 0x9a, 0x00, 0x9a, 
0x00, 0x9a, 0x00, 0xd7, 0x00, 0xc3, 0x00, 0xa3, 0x00, 0xa3, 0x00, 0xa3, 0x00, 0xa3, 0x00, 0xe4, 
0x00, 0xe4, 0x00, 0xe4, 0x00, 0x04, 0x00, 0x05, 0x00, 0x25, 0x00, 0x45, 0x00, 0x8f, 0x00, 0xdb, 
0x00, 0xdb, 0x00, 0xdb, 0x00, 0xdb, 0x00, 0xdb, 0x00, 0xdb, 0x00, 0xdb, 0x00, 0xfb, 0x00, 0xfb, 
0x00, 0xfb, 0x00, 0xfb, 0x00, 0xfb, 0x00, 0x1c, 0x00, 0xfb, 0x00, 0xfb, 0x00, 0xfc, 0x00, 0x1c, 
0x00, 0x1c, 0x00, 0xfc, 0x00, 0xfc, 0x00, 0x72, 0x00, 0x25, 0x00, 0x04, 0x00, 0x04, 0x00, 0xe4, 
0x00, 0xe4, 0x00, 0xe4, 0x00, 0xe4, 0x00, 0xc3, 0x00, 0xc3, 0x00, 0xa3, 0x00, 0xa3, 0x00, 0xa3, 
0x00, 0xa3, 0x00, 0xa3, 0x00, 0xa3, 0x00, 0xa3, 0x00, 0xa3, 0x00, 0xa3, 0x00, 0xa3, 0x00, 0xa3, 
0x00, 0xa3, 0x00, 0x82, 0x00, 0x82, 0x00, 0x82, 0x00, 0x82, 0x00, 0x82, 0x00, 0x82, 0x00, 0x82, 
0x00, 0x82, 0x00, 0xc3, 0x00, 0x25, 0x00, 0x45, 0x00, 0x20, 0x00, 0x00, 0x00, 0x00, 0x00, 0x00, 
0x00, 0x00, 0x00, 0x00, 0x00, 0x00, 0x00, 0x00, 0x00, 0x45, 0x00, 0x04, 0x00, 0x04, 0x00, 0xe4, 
0x00, 0xe4, 0x00, 0xc3, 0x00, 0xa3, 0x00, 0x83, 0x00, 0x82, 0x00, 0x62, 0x00, 0x62, 0x00, 0x62, 
0x00, 0x62, 0x00, 0x62, 0x00, 0x41, 0x00, 0x41, 0x00, 0x41, 0x00, 0x41, 0x00, 0x41, 0x00, 0x41, 
0x00, 0x41, 0x00, 0x41, 0x00, 0x41, 0x00, 0x41, 0x00, 0x41, 0x00, 0x41, 0x00, 0x41, 0x00, 0x41, 
0x00, 0x62, 0x00, 0x62, 0x00, 0x62, 0x00, 0x82, 0x00, 0xa3, 0x00, 0x34, 0x00, 0x18, 0x00, 0x18, 
0x00, 0x18, 0x00, 0x38, 0x00, 0x38, 0x00, 0x18, 0x00, 0x38, 0x00, 0x38, 0x00, 0x38, 0x00, 0x38, 
0x00, 0x38, 0x00, 0x38, 0x00, 0x18, 0x00, 0x38, 0x00, 0x59, 0x00, 0x38, 0x00, 0x38, 0x00, 0x59, 
0x00, 0x38, 0x00, 0x14, 0x00, 0xa3, 0x00, 0xa3, 0x00, 0x82, 0x00, 0x82, 0x00, 0x82, 0x00, 0x82, 
0x00, 0x62, 0x00, 0x62, 0x00, 0x62, 0x00, 0x62, 0x00, 0x62, 0x00, 0x62, 0x00, 0xa3, 0x00, 0x96, 
0x00, 0x79, 0x00, 0x79, 0x00, 0x79, 0x00, 0x79, 0x00, 0x79, 0x00, 0x79, 0x00, 0x79, 0x00, 0x9a, 
0x00, 0x9a, 0x00, 0x9a, 0x00, 0x9a, 0x00, 0x9a, 0x00, 0x9a, 0x00, 0x9a, 0x00, 0x9a, 0x00, 0x9a, 
0x00, 0xf7, 0x00, 0xe4, 0x00, 0x82, 0x00, 0xa3, 0x00, 0xa3, 0x00, 0xa3, 0x00, 0xa3, 0x00, 0xa3, 
0x00, 0xc3, 0x00, 0xe4, 0x00, 0xe4, 0x00, 0xe4, 0x00, 0x04, 0x00, 0x04, 0x00, 0x96, 0x00, 0xdb, 
0x00, 0xdb, 0x00, 0xdb, 0x00, 0xdb, 0x00, 0xdb, 0x00, 0xdb, 0x00, 0xdb, 0x00, 0xfb, 0x00, 0xfb, 
0x00, 0xfb, 0x00, 0xfb, 0x00, 0xdb, 0x00, 0xdb, 0x00, 0xfb, 0x00, 0xfb, 0x00, 0xfb, 0x00, 0xfb, 
0x00, 0xfb, 0x00, 0xfc, 0x00, 0x38, 0x00, 0x45, 0x00, 0x04, 0x00, 0xe4, 0x00, 0xe4, 0x00, 0xe4, 
0x00, 0xc3, 0x00, 0xc3, 0x00, 0xa3, 0x00, 0xa3, 0x00, 0xa3, 0x00, 0xa3, 0x00, 0xa3, 0x00, 0xa3, 
0x00, 0xa3, 0x00, 0xa3, 0x00, 0xa3, 0x00, 0xa3, 0x00, 0xa3, 0x00, 0xa3, 0x00, 0xa3, 0x00, 0x83, 
0x00, 0x83, 0x00, 0x82, 0x00, 0x82, 0x00, 0x82, 0x00, 0x82, 0x00, 0x82, 0x00, 0x82, 0x00, 0x82, 
0x00, 0x82, 0x00, 0xe4, 0x00, 0x25, 0x00, 0x45, 0x00, 0x00, 0x00, 0x00, 0x00, 0x00, 0x00, 0x00, 
0x00, 0x00, 0x00, 0x00, 0x00, 0x00, 0x00, 0x00, 0x00, 0x82, 0x00, 0x24, 0x00, 0xe4, 0x00, 0xe4, 
0x00, 0xe4, 0x00, 0xc3, 0x00, 0xa3, 0x00, 0xa3, 0x00, 0x82, 0x00, 0x62, 0x00, 0x62, 0x00, 0x62, 
0x00, 0x62, 0x00, 0x62, 0x00, 0x41, 0x00, 0x41, 0x00, 0x41, 0x00, 0x41, 0x00, 0x41, 0x00, 0x41, 
0x00, 0x41, 0x00, 0x41, 0x00, 0x41, 0x00, 0x41, 0x00, 0x41, 0x00, 0x41, 0x00, 0x41, 0x00, 0x41, 
0x00, 0x41, 0x00, 0x62, 0x00, 0x62, 0x00, 0x62, 0x00, 0x62, 0x00, 0x25, 0x00, 0x96, 0x00, 0x18, 
0x00, 0x18, 0x00, 0x18, 0x00, 0x18, 0x00, 0x18, 0x00, 0x18, 0x00, 0x38, 0x00, 0x38, 0x00, 0x38, 
0x00, 0x18, 0x00, 0x38, 0x00, 0x38, 0x00, 0x18, 0x00, 0x38, 0x00, 0x38, 0x00, 0x59, 0x00, 0x18, 
0x00, 0x38, 0x00, 0x38, 0x00, 0x08, 0x00, 0x82, 0x00, 0x82, 0x00, 0x82, 0x00, 0x62, 0x00, 0x62, 
0x00, 0x62, 0x00, 0x62, 0x00, 0x62, 0x00, 0x62, 0x00, 0x62, 0x00, 0x41, 0x00, 0x41, 0x00, 0x62, 
0x00, 0x0d, 0x00, 0x59, 0x00, 0x79, 0x00, 0x79, 0x00, 0x79, 0x00, 0x79, 0x00, 0x79, 0x00, 0x79, 
0x00, 0x79, 0x00, 0x79, 0x00, 0x79, 0x00, 0x9a, 0x00, 0x9a, 0x00, 0x9a, 0x00, 0x79, 0x00, 0xaf, 
0x00, 0x82, 0x00, 0x82, 0x00, 0x82, 0x00, 0x82, 0x00, 0x82, 0x00, 0x82, 0x00, 0xa3, 0x00, 0xa3, 
0x00, 0xa3, 0x00, 0xa3, 0x00, 0xc3, 0x00, 0xe4, 0x00, 0xe4, 0x00, 0x49, 0x00, 0xba, 0x00, 0xdb, 
0x00, 0xdb, 0x00, 0xdb, 0x00, 0xdb, 0x00, 0xdb, 0x00, 0xdb, 0x00, 0xdb, 0x00, 0xdb, 0x00, 0xdb, 
0x00, 0xdb, 0x00, 0xfb, 0x00, 0xdb, 0x00, 0xdb, 0x00, 0xfb, 0x00, 0xfb, 0x00, 0xfb, 0x00, 0xfb, 
0x00, 0xfb, 0x00, 0x9a, 0x00, 0xe8, 0x00, 0xe4, 0x00, 0xe4, 0x00, 0xe4, 0x00, 0xc3, 0x00, 0xc3, 
0x00, 0xa3, 0x00, 0xa3, 0x00, 0xa3, 0x00, 0xa3, 0x00, 0xa3, 0x00, 0xa3, 0x00, 0xa3, 0x00, 0xa3, 
0x00, 0xa3, 0x00, 0xa3, 0x00, 0xa3, 0x00, 0xa3, 0x00, 0xa3, 0x00, 0xa3, 0x00, 0xa3, 0x00, 0x82, 
0x00, 0x82, 0x00, 0x82, 0x00, 0x82, 0x00, 0x82, 0x00, 0x62, 0x00, 0x82, 0x00, 0x82, 0x00, 0x82, 
0x00, 0xa3, 0x00, 0x04, 0x00, 0x45, 0x00, 0x82, 0x00, 0x00, 0x00, 0x00, 0x00, 0x00, 0x00, 0x00, 
0x00, 0x00, 0x00, 0x00, 0x00, 0x00, 0x00, 0x00, 0x00, 0x00, 0x00, 0x45, 0x00, 0xe4, 0x00, 0x04, 
0x00, 0xe4, 0x00, 0xe4, 0x00, 0xc3, 0x00, 0xa3, 0x00, 0x82, 0x00, 0x82, 0x00, 0x62, 0x00, 0x62, 
0x00, 0x62, 0x00, 0x41, 0x00, 0x41, 0x00, 0x41, 0x00, 0x41, 0x00, 0x41, 0x00, 0x41, 0x00, 0x41, 
0x00, 0x41, 0x00, 0x41, 0x00, 0x41, 0x00, 0x41, 0x00, 0x41, 0x00, 0x41, 0x00, 0x41, 0x00, 0x41, 
0x00, 0x41, 0x00, 0x41, 0x00, 0x41, 0x00, 0x41, 0x00, 0x62, 0x00, 0x62, 0x00, 0xc7, 0x00, 0xf7, 
0x00, 0x18, 0x00, 0x18, 0x00, 0x18, 0x00, 0x18, 0x00, 0x18, 0x00, 0x18, 0x00, 0x18, 0x00, 0x18, 
0x00, 0x18, 0x00, 0x18, 0x00, 0x18, 0x00, 0x18, 0x00, 0x38, 0x00, 0x38, 0x00, 0x38, 0x00, 0x18, 
0x00, 0x38, 0x00, 0x38, 0x00, 0x35, 0x00, 0xa3, 0x00, 0x62, 0x00, 0x62, 0x00, 0x62, 0x00, 0x62, 
0x00, 0x62, 0x00, 0x62, 0x00, 0x62, 0x00, 0x41, 0x00, 0x41, 0x00, 0x41, 0x00, 0x41, 0x00, 0x41, 
0x00, 0x41, 0x00, 0x62, 0x00, 0x29, 0x00, 0xf3, 0x00, 0x18, 0x00, 0x79, 0x00, 0x79, 0x00, 0x79, 
0x00, 0x79, 0x00, 0x79, 0x00, 0x79, 0x00, 0x59, 0x00, 0x35, 0x00, 0xab, 0x00, 0x82, 0x00, 0x62, 
0x00, 0x62, 0x00, 0x62, 0x00, 0x82, 0x00, 0x82, 0x00, 0x82, 0x00, 0x82, 0x00, 0x82, 0x00, 0x82, 
0x00, 0xa3, 0x00, 0xa3, 0x00, 0xa3, 0x00, 0xa3, 0x00, 0xc4, 0x00, 0x96, 0x00, 0xba, 0x00, 0xdb, 
0x00, 0xdb, 0x00, 0xdb, 0x00, 0xdb, 0x00, 0xdb, 0x00, 0xdb, 0x00, 0xdb, 0x00, 0xdb, 0x00, 0xdb, 
0x00, 0xdb, 0x00, 0xdb, 0x00, 0xdb, 0x00, 0xdb, 0x00, 0xfb, 0x00, 0xfb, 0x00, 0xfb, 0x00, 0xdb, 
0x00, 0xfb, 0x00, 0x8a, 0x00, 0xe4, 0x00, 0xc3, 0x00, 0xc3, 0x00, 0xa3, 0x00, 0xa3, 0x00, 0xa3, 
0x00, 0xa3, 0x00, 0xa3, 0x00, 0xa3, 0x00, 0x83, 0x00, 0x82, 0x00, 0x83, 0x00, 0x82, 0x00, 0x82, 
0x00, 0x82, 0x00, 0x83, 0x00, 0x83, 0x00, 0x83, 0x00, 0x82, 0x00, 0x82, 0x00, 0x82, 0x00, 0x82, 
0x00, 0x82, 0x00, 0x82, 0x00, 0x62, 0x00, 0x62, 0x00, 0x82, 0x00, 0x82, 0x00, 0x82, 0x00, 0x82, 
0x00, 0xc3, 0x00, 0x04, 0x00, 0x45, 0x00, 0x00, 0x00, 0x00, 0x00, 0x00, 0x00, 0x00, 0x00, 0x00, 
0x00, 0x00, 0x00, 0x00, 0x00, 0x00, 0x00, 0x00, 0x00, 0x00, 0x00, 0xc3, 0x00, 0x04, 0x00, 0xe4, 
0x00, 0xe4, 0x00, 0xe4, 0x00, 0xc3, 0x00, 0xa3, 0x00, 0x82, 0x00, 0x82, 0x00, 0x62, 0x00, 0x62, 
0x00, 0x62, 0x00, 0x41, 0x00, 0x41, 0x00, 0x41, 0x00, 0x41, 0x00, 0x41, 0x00, 0x41, 0x00, 0x41, 
0x00, 0x41, 0x00, 0x41, 0x00, 0x41, 0x00, 0x41, 0x00, 0x41, 0x00, 0x41, 0x00, 0x41, 0x00, 0x41, 
0x00, 0x41, 0x00, 0x41, 0x00, 0x41, 0x00, 0x41, 0x00, 0x41, 0x00, 0x41, 0x00, 0x41, 0x00, 0xcb, 
0x00, 0x18, 0x00, 0xf7, 0x00, 0xf7, 0x00, 0x18, 0x00, 0x18, 0x00, 0x18, 0x00, 0x18, 0x00, 0x18, 
0x00, 0x18, 0x00, 0x18, 0x00, 0x18, 0x00, 0x18, 0x00, 0x18, 0x00, 0x38, 0x00, 0x38, 0x00, 0x38, 
0x00, 0x38, 0x00, 0x38, 0x00, 0x38, 0x00, 0xf0, 0x00, 0x62, 0x00, 0x62, 0x00, 0x62, 0x00, 0x62, 
0x00, 0x41, 0x00, 0x41, 0x00, 0x41, 0x00, 0x41, 0x00, 0x41, 0x00, 0x41, 0x00, 0x41, 0x00, 0x41, 
0x00, 0x41, 0x00, 0x41, 0x00, 0x41, 0x00, 0x41, 0x00, 0x41, 0x00, 0x41, 0x00, 0xa3, 0x00, 0xe4, 
0x00, 0xe4, 0x00, 0xa3, 0x00, 0x62, 0x00, 0x41, 0x00, 0x62, 0x00, 0x62, 0x00, 0x62, 0x00, 0x62, 
0x00, 0x62, 0x00, 0x62, 0x00, 0x62, 0x00, 0x62, 0x00, 0x62, 0x00, 0x82, 0x00, 0x82, 0x00, 0x82, 
0x00, 0x82, 0x00, 0x82, 0x00, 0x82, 0x00, 0xa3, 0x00, 0xf0, 0x00, 0xba, 0x00, 0xba, 0x00, 0xba, 
0x00, 0xba, 0x00, 0xbb, 0x00, 0xdb, 0x00, 0xdb, 0x00, 0xdb, 0x00, 0xdb, 0x00, 0xdb, 0x00, 0xdb, 
0x00, 0xdb, 0x00, 0xdb, 0x00, 0xdb, 0x00, 0xdb, 0x00, 0xdb, 0x00, 0xdb, 0x00, 0xdb, 0x00, 0xdb, 
0x00, 0xaf, 0x00, 0xa3, 0x00, 0xa3, 0x00, 0xa3, 0x00, 0xa3, 0x00, 0xa3, 0x00, 0xa3, 0x00, 0xa3, 
0x00, 0x83, 0x00, 0x82, 0x00, 0x82, 0x00, 0x82, 0x00, 0xa3, 0x00, 0x82, 0x00, 0x82, 0x00, 0x82, 
0x00, 0x82, 0x00, 0x82, 0x00, 0x82, 0x00, 0x82, 0x00, 0x82, 0x00, 0x82, 0x00, 0x82, 0x00, 0x82, 
0x00, 0x82, 0x00, 0x82, 0x00, 0x82, 0x00, 0x62, 0x00, 0x82, 0x00, 0x62, 0x00, 0x82, 0x00, 0xa3, 
0x00, 0xe4, 0x00, 0x04, 0x00, 0xc3, 0x00, 0x00, 0x00, 0x00, 0x00, 0x00, 0x00, 0x00, 0x00, 0x00, 
0x00, 0x00, 0x00, 0x00, 0x00, 0x00, 0x00, 0x00, 0x00, 0x00, 0x00, 0x00, 0x00, 0x04, 0x00, 0xe4, 
0x00, 0xe4, 0x00, 0xe4, 0x00, 0xc3, 0x00, 0xa3, 0x00, 0xa3, 0x00, 0x82, 0x00, 0x82, 0x00, 0x62, 
0x00, 0x62, 0x00, 0x41, 0x00, 0x41, 0x00, 0x41, 0x00, 0x41, 0x00, 0x41, 0x00, 0x41, 0x00, 0x41, 
0x00, 0x21, 0x00, 0x41, 0x00, 0x41, 0x00, 0x41, 0x00, 0x41, 0x00, 0x41, 0x00, 0x41, 0x00, 0x41, 
0x00, 0x41, 0x00, 0x41, 0x00, 0x41, 0x00, 0x41, 0x00, 0x41, 0x00, 0x41, 0x00, 0x41, 0x00, 0x41, 
0x00, 0xf0, 0x00, 0xf7, 0x00, 0xf7, 0x00, 0x18, 0x00, 0x18, 0x00, 0x18, 0x00, 0x18, 0x00, 0x18, 
0x00, 0x18, 0x00, 0x18, 0x00, 0x18, 0x00, 0x18, 0x00, 0x18, 0x00, 0x38, 0x00, 0x18, 0x00, 0x18, 
0x00, 0x18, 0x00, 0x18, 0x00, 0x38, 0x00, 0x18, 0x00, 0x0c, 0x00, 0x41, 0x00, 0x41, 0x00, 0x41, 
0x00, 0x41, 0x00, 0x41, 0x00, 0x41, 0x00, 0x41, 0x00, 0x41, 0x00, 0x41, 0x00, 0x41, 0x00, 0x41, 
0x00, 0x41, 0x00, 0x41, 0x00, 0x41, 0x00, 0x41, 0x00, 0x41, 0x00, 0x41, 0x00, 0x41, 0x00, 0x41, 
0x00, 0x41, 0x00, 0x41, 0x00, 0x41, 0x00, 0x41, 0x00, 0x41, 0x00, 0x62, 0x00, 0x62, 0x00, 0x62, 
0x00, 0x62, 0x00, 0x62, 0x00, 0x62, 0x00, 0x62, 0x00, 0x62, 0x00, 0x62, 0x00, 0x62, 0x00, 0x82, 
0x00, 0x82, 0x00, 0x82, 0x00, 0x82, 0x00, 0xcb, 0x00, 0xba, 0x00, 0xba, 0x00, 0xba, 0x00, 0xba, 
0x00, 0xba, 0x00, 0xba, 0x00, 0xba, 0x00, 0xdb, 0x00, 0xdb, 0x00, 0xdb, 0x00, 0xdb, 0x00, 0xdb, 
0x00, 0xdb, 0x00, 0xdb, 0x00, 0xdb, 0x00, 0xdb, 0x00, 0xdb, 0x00, 0xdb, 0x00, 0xdb, 0x00, 0xf3, 
0x00, 0xa3, 0x00, 0xa3, 0x00, 0xa3, 0x00, 0xa3, 0x00, 0xa3, 0x00, 0x82, 0x00, 0x82, 0x00, 0x82, 
0x00, 0x82, 0x00, 0x82, 0x00, 0x82, 0x00, 0x82, 0x00, 0x82, 0x00, 0x82, 0x00, 0x82, 0x00, 0x82, 
0x00, 0x82, 0x00, 0x82, 0x00, 0x82, 0x00, 0x82, 0x00, 0x62, 0x00, 0x62, 0x00, 0x62, 0x00, 0x62, 
0x00, 0x82, 0x00, 0x62, 0x00, 0x82, 0x00, 0x62, 0x00, 0x62, 0x00, 0x82, 0x00, 0x82, 0x00, 0xc3, 
0x00, 0x04, 0x00, 0x04, 0x00, 0x00, 0x00, 0x00, 0x00, 0x00, 0x00, 0x00, 0x00, 0x00, 0x00, 0x00, 
0x00, 0x00, 0x00, 0x00, 0x00, 0x00, 0x00, 0x00, 0x00, 0x00, 0x00, 0x00, 0x00, 0x04, 0x00, 0x04, 
0x00, 0xe4, 0x00, 0xe4, 0x00, 0xe4, 0x00, 0xa3, 0x00, 0xa3, 0x00, 0x83, 0x00, 0x82, 0x00, 0x62, 
0x00, 0x62, 0x00, 0x41, 0x00, 0x41, 0x00, 0x41, 0x00, 0x41, 0x00, 0x41, 0x00, 0x41, 0x00, 0x41, 
0x00, 0x41, 0x00, 0x41, 0x00, 0x41, 0x00, 0x41, 0x00, 0x21, 0x00, 0x21, 0x00, 0x21, 0x00, 0x41, 
0x00, 0x41, 0x00, 0x41, 0x00, 0x41, 0x00, 0x41, 0x00, 0x41, 0x00, 0x41, 0x00, 0x41, 0x00, 0x41, 
0x00, 0x62, 0x00, 0xb3, 0x00, 0xf7, 0x00, 0xf7, 0x00, 0xf7, 0x00, 0xf7, 0x00, 0x18, 0x00, 0xf7, 
0x00, 0x18, 0x00, 0xf7, 0x00, 0xf7, 0x00, 0x18, 0x00, 0x18, 0x00, 0x18, 0x00, 0x18, 0x00, 0x18, 
0x00, 0x18, 0x00, 0x18, 0x00, 0x18, 0x00, 0x18, 0x00, 0x18, 0x00, 0x6e, 0x00, 0x41, 0x00, 0x41, 
0x00, 0x41, 0x00, 0x41, 0x00, 0x41, 0x00, 0x41, 0x00, 0x41, 0x00, 0x41, 0x00, 0x41, 0x00, 0x41, 
0x00, 0x41, 0x00, 0x41, 0x00, 0x41, 0x00, 0x41, 0x00, 0x41, 0x00, 0x41, 0x00, 0x41, 0x00, 0x41, 
0x00, 0x41, 0x00, 0x41, 0x00, 0x41, 0x00, 0x41, 0x00, 0x41, 0x00, 0x62, 0x00, 0x41, 0x00, 0x62, 
0x00, 0x62, 0x00, 0x62, 0x00, 0x62, 0x00, 0x62, 0x00, 0x62, 0x00, 0x62, 0x00, 0x62, 0x00, 0x62, 
0x00, 0x62, 0x00, 0x62, 0x00, 0xec, 0x00, 0xba, 0x00, 0xba, 0x00, 0xba, 0x00, 0xba, 0x00, 0xba, 
0x00, 0xba, 0x00, 0xba, 0x00, 0xdb, 0x00, 0xba, 0x00, 0xba, 0x00, 0xba, 0x00, 0xbb, 0x00, 0xdb, 
0x00, 0xdb, 0x00, 0xdb, 0x00, 0xdb, 0x00, 0xdb, 0x00, 0xdb, 0x00, 0xdb, 0x00, 0xb6, 0x00, 0xa3, 
0x00, 0xa3, 0x00, 0x82, 0x00, 0x82, 0x00, 0x83, 0x00, 0x82, 0x00, 0x82, 0x00, 0x82, 0x00, 0x82, 
0x00, 0x82, 0x00, 0x82, 0x00, 0x62, 0x00, 0x82, 0x00, 0x82, 0x00, 0x82, 0x00, 0x82, 0x00, 0x82, 
0x00, 0x82, 0x00, 0x82, 0x00, 0x82, 0x00, 0x62, 0x00, 0x82, 0x00, 0x82, 0x00, 0x82, 0x00, 0x82, 
0x00, 0x62, 0x00, 0x62, 0x00, 0x62, 0x00, 0x62, 0x00, 0x82, 0x00, 0x82, 0x00, 0xa3, 0x00, 0xe4, 
0x00, 0xe4, 0x00, 0x04, 0x00, 0x00, 0x00, 0x00, 0x00, 0x00, 0x00, 0x00, 0x00, 0x00, 0x00, 0x00, 
0x00, 0x00, 0x00, 0x00, 0x00, 0x00, 0x00, 0x00, 0x00, 0x00, 0x00, 0x00, 0x00, 0x00, 0x00, 0x24, 
0x00, 0xe4, 0x00, 0xe4, 0x00, 0xe4, 0x00, 0xc3, 0x00, 0xc3, 0x00, 0xa3, 0x00, 0x82, 0x00, 0x82, 
0x00, 0x62, 0x00, 0x62, 0x00, 0x41, 0x00, 0x41, 0x00, 0x41, 0x00, 0x41, 0x00, 0x41, 0x00, 0x41, 
0x00, 0x41, 0x00, 0x21, 0x00, 0x21, 0x00, 0x21, 0x00, 0x21, 0x00, 0x21, 0x00, 0x21, 0x00, 0x21, 
0x00, 0x21, 0x00, 0x21, 0x00, 0x21, 0x00, 0x21, 0x00, 0x41, 0x00, 0x41, 0x00, 0x41, 0x00, 0x41, 
0x00, 0x41, 0x00, 0x61, 0x00, 0xd3, 0x00, 0xf7, 0x00, 0xf7, 0x00, 0xf7, 0x00, 0xf7, 0x00, 0xf7, 
0x00, 0x18, 0x00, 0x18, 0x00, 0x18, 0x00, 0x18, 0x00, 0x18, 0x00, 0x18, 0x00, 0x18, 0x00, 0x18, 
0x00, 0x18, 0x00, 0x18, 0x00, 0x18, 0x00, 0x18, 0x00, 0x18, 0x00, 0x18, 0x00, 0xd3, 0x00, 0x62, 
0x00, 0x41, 0x00, 0x41, 0x00, 0x41, 0x00, 0x41, 0x00, 0x41, 0x00, 0x41, 0x00, 0x41, 0x00, 0x41, 
0x00, 0x41, 0x00, 0x41, 0x00, 0x41, 0x00, 0x41, 0x00, 0x41, 0x00, 0x41, 0x00, 0x41, 0x00, 0x41, 
0x00, 0x41, 0x00, 0x41, 0x00, 0x41, 0x00, 0x41, 0x00, 0x41, 0x00, 0x41, 0x00, 0x41, 0x00, 0x62, 
0x00, 0x62, 0x00, 0x62, 0x00, 0x62, 0x00, 0x62, 0x00, 0x62, 0x00, 0x62, 0x00, 0x62, 0x00, 0x62, 
0x00, 0x82, 0x00, 0xd3, 0x00, 0x9a, 0x00, 0xba, 0x00, 0xba, 0x00, 0x9a, 0x00, 0x9a, 0x00, 0xba, 
0x00, 0xba, 0x00, 0xba, 0x00, 0xba, 0x00, 0xba, 0x00, 0xba, 0x00, 0xba, 0x00, 0xba, 0x00, 0xdb, 
0x00, 0xdb, 0x00, 0xba, 0x00, 0xba, 0x00, 0xdb, 0x00, 0xdb, 0x00, 0xd7, 0x00, 0xc3, 0x00, 0x82, 
0x00, 0x82, 0x00, 0x82, 0x00, 0x82, 0x00, 0x82, 0x00, 0x82, 0x00, 0x62, 0x00, 0x62, 0x00, 0x82, 
0x00, 0x82, 0x00, 0x82, 0x00, 0x82, 0x00, 0x62, 0x00, 0x82, 0x00, 0x62, 0x00, 0x62, 0x00, 0x82, 
0x00, 0x62, 0x00, 0x62, 0x00, 0x62, 0x00, 0x62, 0x00, 0x62, 0x00, 0x62, 0x00, 0x62, 0x00, 0x62, 
0x00, 0x62, 0x00, 0x62, 0x00, 0x62, 0x00, 0x62, 0x00, 0x82, 0x00, 0x82, 0x00, 0xa3, 0x00, 0xe4, 
0x00, 0x24, 0x00, 0x00, 0x00, 0x00, 0x00, 0x00, 0x00, 0x00, 0x00, 0x00, 0x00, 0x00, 0x00, 0x00, 
0x00, 0x00, 0x00, 0x00, 0x00, 0x00, 0x00, 0x00, 0x00, 0x00, 0x00, 0x00, 0x00, 0x00, 0x00, 0x00, 
0x00, 0x04, 0x00, 0xe4, 0x00, 0xe4, 0x00, 0xe4, 0x00, 0xe4, 0x00, 0xe4, 0x00, 0xa3, 0x00, 0x82, 
0x00, 0x62, 0x00, 0x62, 0x00, 0x41, 0x00, 0x41, 0x00, 0x41, 0x00, 0x41, 0x00, 0x41, 0x00, 0x41, 
0x00, 0x41, 0x00, 0x41, 0x00, 0x21, 0x00, 0x21, 0x00, 0x21, 0x00, 0x21, 0x00, 0x21, 0x00, 0x21, 
0x00, 0x21, 0x00, 0x21, 0x00, 0x21, 0x00, 0x21, 0x00, 0x21, 0x00, 0x21, 0x00, 0x41, 0x00, 0x41, 
0x00, 0x21, 0x00, 0x41, 0x00, 0x41, 0x00, 0xf3, 0x00, 0xf7, 0x00, 0xf7, 0x00, 0xf7, 0x00, 0x18, 
0x00, 0x18, 0x00, 0x18, 0x00, 0x18, 0x00, 0x18, 0x00, 0x18, 0x00, 0xf7, 0x00, 0x18, 0x00, 0x18, 
0x00, 0x18, 0x00, 0x18, 0x00, 0x18, 0x00, 0x18, 0x00, 0x18, 0x00, 0x18, 0x00, 0x18, 0x00, 0xd7, 
0x00, 0xe8, 0x00, 0x41, 0x00, 0x41, 0x00, 0x41, 0x00, 0x41, 0x00, 0x41, 0x00, 0x41, 0x00, 0x41, 
0x00, 0x41, 0x00, 0x41, 0x00, 0x41, 0x00, 0x41, 0x00, 0x41, 0x00, 0x41, 0x00, 0x41, 0x00, 0x41, 
0x00, 0x41, 0x00, 0x41, 0x00, 0x41, 0x00, 0x41, 0x00, 0x41, 0x00, 0x41, 0x00, 0x41, 0x00, 0x41, 
0x00, 0x41, 0x00, 0x41, 0x00, 0x41, 0x00, 0x62, 0x00, 0x41, 0x00, 0x62, 0x00, 0x62, 0x00, 0x66, 
0x00, 0x18, 0x00, 0x9a, 0x00, 0x9a, 0x00, 0x9a, 0x00, 0xba, 0x00, 0x9a, 0x00, 0xba, 0x00, 0xba, 
0x00, 0xba, 0x00, 0xba, 0x00, 0xba, 0x00, 0xba, 0x00, 0xba, 0x00, 0xba, 0x00, 0xba, 0x00, 0xba, 
0x00, 0xba, 0x00, 0xba, 0x00, 0xba, 0x00, 0xba, 0x00, 0xb7, 0x00, 0xa3, 0x00, 0x82, 0x00, 0x82, 
0x00, 0x62, 0x00, 0x82, 0x00, 0x82, 0x00, 0x82, 0x00, 0x62, 0x00, 0x82, 0x00, 0x82, 0x00, 0x62, 
0x00, 0x62, 0x00, 0x62, 0x00, 0x82, 0x00, 0x62, 0x00, 0x62, 0x00, 0x62, 0x00, 0x62, 0x00, 0x62, 
0x00, 0x62, 0x00, 0x62, 0x00, 0x62, 0x00, 0x62, 0x00, 0x62, 0x00, 0x62, 0x00, 0x62, 0x00, 0x62, 
0x00, 0x62, 0x00, 0x62, 0x00, 0x62, 0x00, 0x82, 0x00, 0x82, 0x00, 0xa3, 0x00, 0xc3, 0x00, 0xe4, 
0x00, 0x85, 0x00, 0x00, 0x00, 0x00, 0x00, 0x00, 0x00, 0x00, 0x00, 0x00, 0x00, 0x00, 0x00, 0x00, 
0x00, 0x00, 0x00, 0x00, 0x00, 0x00, 0x00, 0x00, 0x00, 0x00, 0x00, 0x00, 0x00, 0x00, 0x00, 0x00, 
0x00, 0x65, 0x00, 0xe4, 0x00, 0xe4, 0x00, 0xe4, 0x00, 0x04, 0x00, 0xe4, 0x00, 0xc3, 0x00, 0xa3, 
0x00, 0x82, 0x00, 0x62, 0x00, 0x62, 0x00, 0x41, 0x00, 0x41, 0x00, 0x41, 0x00, 0x41, 0x00, 0x41, 
0x00, 0x41, 0x00, 0x41, 0x00, 0x21, 0x00, 0x21, 0x00, 0x21, 0x00, 0x21, 0x00, 0x21, 0x00, 0x21, 
0x00, 0x21, 0x00, 0x21, 0x00, 0x21, 0x00, 0x21, 0x00, 0x21, 0x00, 0x21, 0x00, 0x21, 0x00, 0x21, 
0x00, 0x21, 0x00, 0x21, 0x00, 0x41, 0x00, 0x41, 0x00, 0x2d, 0x00, 0xf7, 0x00, 0xf7, 0x00, 0xf7, 
0x00, 0xf7, 0x00, 0x18, 0x00, 0xf7, 0x00, 0x18, 0x00, 0xf7, 0x00, 0x18, 0x00, 0xf7, 0x00, 0x18, 
0x00, 0x18, 0x00, 0x18, 0x00, 0x18, 0x00, 0x18, 0x00, 0xf7, 0x00, 0x18, 0x00, 0x18, 0x00, 0x18, 
0x00, 0x18, 0x00, 0x75, 0x00, 0x04, 0x00, 0x21, 0x00, 0x41, 0x00, 0x41, 0x00, 0x41, 0x00, 0x41, 
0x00, 0x41, 0x00, 0x41, 0x00, 0x41, 0x00, 0x41, 0x00, 0x41, 0x00, 0x41, 0x00, 0x41, 0x00, 0x41, 
0x00, 0x41, 0x00, 0x41, 0x00, 0x41, 0x00, 0x41, 0x00, 0x41, 0x00, 0x41, 0x00, 0x41, 0x00, 0x41, 
0x00, 0x41, 0x00, 0x41, 0x00, 0x41, 0x00, 0x41, 0x00, 0x41, 0x00, 0xc3, 0x00, 0x75, 0x00, 0x9a, 
0x00, 0x9a, 0x00, 0x9a, 0x00, 0x9a, 0x00, 0x9a, 0x00, 0x9a, 0x00, 0x9a, 0x00, 0x9a, 0x00, 0x9a, 
0x00, 0x9a, 0x00, 0xba, 0x00, 0x9a, 0x00, 0x9a, 0x00, 0xba, 0x00, 0xba, 0x00, 0xba, 0x00, 0xba, 
0x00, 0xba, 0x00, 0xba, 0x00, 0xba, 0x00, 0x10, 0x00, 0x82, 0x00, 0x82, 0x00, 0x82, 0x00, 0x82, 
0x00, 0x62, 0x00, 0x62, 0x00, 0x62, 0x00, 0x62, 0x00, 0x62, 0x00, 0x62, 0x00, 0x62, 0x00, 0x62, 
0x00, 0x62, 0x00, 0x62, 0x00, 0x62, 0x00, 0x62, 0x00, 0x62, 0x00, 0x62, 0x00, 0x62, 0x00, 0x62, 
0x00, 0x41, 0x00, 0x42, 0x00, 0x62, 0x00, 0x62, 0x00, 0x62, 0x00, 0x62, 0x00, 0x62, 0x00, 0x62, 
0x00, 0x62, 0x00, 0x62, 0x00, 0x62, 0x00, 0x82, 0x00, 0x83, 0x00, 0xc3, 0x00, 0xe4, 0x00, 0x65, 
0x00, 0x00, 0x00, 0x00, 0x00, 0x00, 0x00, 0x00, 0x00, 0x00, 0x00, 0x00, 0x00, 0x00, 0x00, 0x00, 
0x00, 0x00, 0x00, 0x00, 0x00, 0x00, 0x00, 0x00, 0x00, 0x00, 0x00, 0x00, 0x00, 0x00, 0x00, 0x00, 
0x00, 0x20, 0x00, 0x04, 0x00, 0xe4, 0x00, 0xe4, 0x00, 0x04, 0x00, 0x04, 0x00, 0xe4, 0x00, 0xc3, 
0x00, 0xa3, 0x00, 0x62, 0x00, 0x62, 0x00, 0x62, 0x00, 0x41, 0x00, 0x41, 0x00, 0x41, 0x00, 0x41, 
0x00, 0x41, 0x00, 0x41, 0x00, 0x41, 0x00, 0x21, 0x00, 0x21, 0x00, 0x21, 0x00, 0x21, 0x00, 0x21, 
0x00, 0x21, 0x00, 0x21, 0x00, 0x21, 0x00, 0x21, 0x00, 0x21, 0x00, 0x21, 0x00, 0x21, 0x00, 0x21, 
0x00, 0x21, 0x00, 0x21, 0x00, 0x21, 0x00, 0x21, 0x00, 0x21, 0x00, 0x25, 0x00, 0x96, 0x00, 0xf7, 
0x00, 0xf7, 0x00, 0xf7, 0x00, 0xf7, 0x00, 0xf7, 0x00, 0xf7, 0x00, 0xf7, 0x00, 0xf7, 0x00, 0x18, 
0x00, 0x18, 0x00, 0xf7, 0x00, 0x18, 0x00, 0x18, 0x00, 0x18, 0x00, 0xf7, 0x00, 0x18, 0x00, 0x18, 
0x00, 0x18, 0x00, 0x18, 0x00, 0x18, 0x00, 0xb7, 0x00, 0xcc, 0x00, 0x61, 0x00, 0x41, 0x00, 0x41, 
0x00, 0x41, 0x00, 0x41, 0x00, 0x41, 0x00, 0x41, 0x00, 0x41, 0x00, 0x41, 0x00, 0x41, 0x00, 0x41, 
0x00, 0x41, 0x00, 0x41, 0x00, 0x41, 0x00, 0x41, 0x00, 0x41, 0x00, 0x41, 0x00, 0x41, 0x00, 0x41, 
0x00, 0x41, 0x00, 0x41, 0x00, 0x62, 0x00, 0x49, 0x00, 0xf7, 0x00, 0x79, 0x00, 0x79, 0x00, 0x9a, 
0x00, 0x79, 0x00, 0x9a, 0x00, 0x9a, 0x00, 0x9a, 0x00, 0x9a, 0x00, 0x9a, 0x00, 0x9a, 0x00, 0x9a, 
0x00, 0x9a, 0x00, 0x9a, 0x00, 0x9a, 0x00, 0xba, 0x00, 0xba, 0x00, 0xba, 0x00, 0xba, 0x00, 0xba, 
0x00, 0xba, 0x00, 0x9a, 0x00, 0x86, 0x00, 0x62, 0x00, 0x62, 0x00, 0x62, 0x00, 0x62, 0x00, 0x62, 
0x00, 0x62, 0x00, 0x62, 0x00, 0x62, 0x00, 0x62, 0x00, 0x62, 0x00, 0x62, 0x00, 0x62, 0x00, 0x62, 
0x00, 0x62, 0x00, 0x41, 0x00, 0x62, 0x00, 0x41, 0x00, 0x62, 0x00, 0x62, 0x00, 0x62, 0x00, 0x62, 
0x00, 0x62, 0x00, 0x62, 0x00, 0x62, 0x00, 0x62, 0x00, 0x62, 0x00, 0x62, 0x00, 0x62, 0x00, 0x62, 
0x00, 0x62, 0x00, 0x62, 0x00, 0x62, 0x00, 0x82, 0x00, 0xa3, 0x00, 0xe4, 0x00, 0x04, 0x00, 0x20, 
0x00, 0x00, 0x00, 0x00, 0x00, 0x00, 0x00, 0x00, 0x00, 0x00, 0x00, 0x00, 0x00, 0x00, 0x00, 0x00, 
0x00, 0x00, 0x00, 0x00, 0x00, 0x00, 0x00, 0x00, 0x00, 0x00, 0x00, 0x00, 0x00, 0x00, 0x00, 0x00, 
0x00, 0x00, 0x00, 0xa2, 0x00, 0xe4, 0x00, 0xe4, 0x00, 0x04, 0x00, 0x25, 0x00, 0x25, 0x00, 0xe4, 
0x00, 0xc3, 0x00, 0x83, 0x00, 0x62, 0x00, 0x62, 0x00, 0x62, 0x00, 0x41, 0x00, 0x41, 0x00, 0x41, 
0x00, 0x41, 0x00, 0x41, 0x00, 0x41, 0x00, 0x41, 0x00, 0x21, 0x00, 0x21, 0x00, 0x21, 0x00, 0x21, 
0x00, 0x21, 0x00, 0x21, 0x00, 0x21, 0x00, 0x21, 0x00, 0x21, 0x00, 0x21, 0x00, 0x21, 0x00, 0x21, 
0x00, 0x21, 0x00, 0x21, 0x00, 0x21, 0x00, 0x21, 0x00, 0x21, 0x00, 0x21, 0x00, 0x62, 0x00, 0xf0, 
0x00, 0xb6, 0x00, 0xf7, 0x00, 0xf7, 0x00, 0xf7, 0x00, 0xf7, 0x00, 0xf7, 0x00, 0xf7, 0x00, 0xf7, 
0x00, 0xf7, 0x00, 0xf7, 0x00, 0xf7, 0x00, 0xf7, 0x00, 0x18, 0x00, 0x18, 0x00, 0x18, 0x00, 0x18, 
0x00, 0x18, 0x00, 0x18, 0x00, 0x18, 0x00, 0x18, 0x00, 0x18, 0x00, 0x18, 0x00, 0x96, 0x00, 0xcf, 
0x00, 0x66, 0x00, 0x61, 0x00, 0x41, 0x00, 0x41, 0x00, 0x41, 0x00, 0x41, 0x00, 0x41, 0x00, 0x41, 
0x00, 0x41, 0x00, 0x41, 0x00, 0x41, 0x00, 0x41, 0x00, 0x41, 0x00, 0x41, 0x00, 0x41, 0x00, 0x04, 
0x00, 0x6e, 0x00, 0x96, 0x00, 0x59, 0x00, 0x79, 0x00, 0x79, 0x00, 0x79, 0x00, 0x79, 0x00, 0x79, 
0x00, 0x79, 0x00, 0x79, 0x00, 0x79, 0x00, 0x79, 0x00, 0x9a, 0x00, 0x9a, 0x00, 0x9a, 0x00, 0x9a, 
0x00, 0xba, 0x00, 0x9a, 0x00, 0x9a, 0x00, 0xba, 0x00, 0xba, 0x00, 0xba, 0x00, 0xba, 0x00, 0xba, 
0x00, 0xf4, 0x00, 0xa3, 0x00, 0x62, 0x00, 0x62, 0x00, 0x62, 0x00, 0x62, 0x00, 0x62, 0x00, 0x41, 
0x00, 0x62, 0x00, 0x62, 0x00, 0x62, 0x00, 0x62, 0x00, 0x62, 0x00, 0x41, 0x00, 0x62, 0x00, 0x62, 
0x00, 0x62, 0x00, 0x62, 0x00, 0x62, 0x00, 0x61, 0x00, 0x62, 0x00, 0x62, 0x00, 0x62, 0x00, 0x62, 
0x00, 0x41, 0x00, 0x62, 0x00, 0x62, 0x00, 0x62, 0x00, 0x62, 0x00, 0x62, 0x00, 0x62, 0x00, 0x62, 
0x00, 0x62, 0x00, 0x62, 0x00, 0x82, 0x00, 0xa3, 0x00, 0xc3, 0x00, 0xc3, 0x00, 0xa2, 0x00, 0x00, 
0x00, 0x00, 0x00, 0x00, 0x00, 0x00, 0x00, 0x00, 0x00, 0x00, 0x00, 0x00, 0x00, 0x00, 0x00, 0x00, 
0x00, 0x00, 0x00, 0x00, 0x00, 0x00, 0x00, 0x00, 0x00, 0x00, 0x00, 0x00, 0x00, 0x00, 0x00, 0x00, 
0x00, 0x00, 0x00, 0x00, 0x00, 0x45, 0x00, 0xe4, 0x00, 0x04, 0x00, 0x25, 0x00, 0x25, 0x00, 0x05, 
0x00, 0xe4, 0x00, 0xc3, 0x00, 0x82, 0x00, 0x62, 0x00, 0x62, 0x00, 0x41, 0x00, 0x41, 0x00, 0x41, 
0x00, 0x41, 0x00, 0x41, 0x00, 0x41, 0x00, 0x41, 0x00, 0x21, 0x00, 0x21, 0x00, 0x21, 0x00, 0x21, 
0x00, 0x21, 0x00, 0x21, 0x00, 0x21, 0x00, 0x21, 0x00, 0x21, 0x00, 0x21, 0x00, 0x21, 0x00, 0x21, 
0x00, 0x21, 0x00, 0x21, 0x00, 0x21, 0x00, 0x21, 0x00, 0x21, 0x00, 0x21, 0x00, 0x21, 0x00, 0x21, 
0x00, 0x45, 0x00, 0x55, 0x00, 0xf7, 0x00, 0xf7, 0x00, 0xf7, 0x00, 0xf7, 0x00, 0xf7, 0x00, 0xf7, 
0x00, 0xf7, 0x00, 0xf7, 0x00, 0xf7, 0x00, 0xf7, 0x00, 0x18, 0x00, 0x18, 0x00, 0x18, 0x00, 0x18, 
0x00, 0x18, 0x00, 0x18, 0x00, 0x18, 0x00, 0x18, 0x00, 0x18, 0x00, 0x18, 0x00, 0x18, 0x00, 0x18, 
0x00, 0x18, 0x00, 0x18, 0x00, 0xf7, 0x00, 0x96, 0x00, 0xf3, 0x00, 0x51, 0x00, 0x30, 0x00, 0xaf, 
0x00, 0xaf, 0x00, 0x10, 0x00, 0x51, 0x00, 0xd3, 0x00, 0x96, 0x00, 0x18, 0x00, 0x59, 0x00, 0x59, 
0x00, 0x59, 0x00, 0x59, 0x00, 0x59, 0x00, 0x59, 0x00, 0x79, 0x00, 0x79, 0x00, 0x79, 0x00, 0x79, 
0x00, 0x79, 0x00, 0x79, 0x00, 0x79, 0x00, 0x79, 0x00, 0x9a, 0x00, 0x9a, 0x00, 0x9a, 0x00, 0x9a, 
0x00, 0x9a, 0x00, 0x9a, 0x00, 0x9a, 0x00, 0x9a, 0x00, 0x9a, 0x00, 0x9a, 0x00, 0x79, 0x00, 0xc7, 
0x00, 0x62, 0x00, 0x62, 0x00, 0x42, 0x00, 0x41, 0x00, 0x62, 0x00, 0x62, 0x00, 0x62, 0x00, 0x62, 
0x00, 0x62, 0x00, 0x62, 0x00, 0x62, 0x00, 0x62, 0x00, 0x62, 0x00, 0x62, 0x00, 0x62, 0x00, 0x62, 
0x00, 0x62, 0x00, 0x62, 0x00, 0x62, 0x00, 0x62, 0x00, 0x62, 0x00, 0x62, 0x00, 0x41, 0x00, 0x41, 
0x00, 0x42, 0x00, 0x62, 0x00, 0x62, 0x00, 0x62, 0x00, 0x62, 0x00, 0x62, 0x00, 0x62, 0x00, 0x62, 
0x00, 0x62, 0x00, 0x82, 0x00, 0x82, 0x00, 0xa3, 0x00, 0xc3, 0x00, 0x45, 0x00, 0x00, 0x00, 0x00, 
0x00, 0x00, 0x00, 0x00, 0x00, 0x00, 0x00, 0x00, 0x00, 0x00, 0x00, 0x00, 0x00, 0x00, 0x00, 0x00, 
0x00, 0x00, 0x00, 0x00, 0x00, 0x00, 0x00, 0x00, 0x00, 0x00, 0x00, 0x00, 0x00, 0x00, 0x00, 0x00, 
0x00, 0x00, 0x00, 0x00, 0x00, 0x41, 0x00, 0x04, 0x00, 0xe4, 0x00, 0x04, 0x00, 0x25, 0x00, 0x45, 
0x00, 0x04, 0x00, 0xe4, 0x00, 0xa3, 0x00, 0x82, 0x00, 0x62, 0x00, 0x62, 0x00, 0x41, 0x00, 0x41, 
0x00, 0x41, 0x00, 0x41, 0x00, 0x41, 0x00, 0x21, 0x00, 0x21, 0x00, 0x21, 0x00, 0x21, 0x00, 0x21, 
0x00, 0x21, 0x00, 0x21, 0x00, 0x21, 0x00, 0x21, 0x00, 0x21, 0x00, 0x21, 0x00, 0x21, 0x00, 0x21, 
0x00, 0x21, 0x00, 0x21, 0x00, 0x21, 0x00, 0x21, 0x00, 0x21, 0x00, 0x21, 0x00, 0x21, 0x00, 0x21, 
0x00, 0x21, 0x00, 0x61, 0x00, 0xec, 0x00, 0xb6, 0x00, 0xf7, 0x00, 0xf7, 0x00, 0xf7, 0x00, 0xf7, 
0x00, 0xf7, 0x00, 0xf7, 0x00, 0xf7, 0x00, 0xf7, 0x00, 0xf7, 0x00, 0xf7, 0x00, 0xf7, 0x00, 0xf7, 
0x00, 0xf7, 0x00, 0xf7, 0x00, 0xf7, 0x00, 0xf7, 0x00, 0xf7, 0x00, 0x18, 0x00, 0x18, 0x00, 0x18, 
0x00, 0x18, 0x00, 0x18, 0x00, 0x18, 0x00, 0x18, 0x00, 0x18, 0x00, 0x18, 0x00, 0x18, 0x00, 0x38, 
0x00, 0x38, 0x00, 0x38, 0x00, 0x38, 0x00, 0x38, 0x00, 0x38, 0x00, 0x59, 0x00, 0x38, 0x00, 0x59, 
0x00, 0x59, 0x00, 0x59, 0x00, 0x59, 0x00, 0x59, 0x00, 0x59, 0x00, 0x59, 0x00, 0x59, 0x00, 0x79, 
0x00, 0x79, 0x00, 0x79, 0x00, 0x79, 0x00, 0x79, 0x00, 0x79, 0x00, 0x79, 0x00, 0x79, 0x00, 0x9a, 
0x00, 0x9a, 0x00, 0x9a, 0x00, 0x9a, 0x00, 0x9a, 0x00, 0x9a, 0x00, 0xf0, 0x00, 0x82, 0x00, 0x41, 
0x00, 0x62, 0x00, 0x41, 0x00, 0x62, 0x00, 0x62, 0x00, 0x62, 0x00, 0x41, 0x00, 0x41, 0x00, 0x62, 
0x00, 0x62, 0x00, 0x62, 0x00, 0x62, 0x00, 0x62, 0x00, 0x62, 0x00, 0x62, 0x00, 0x62, 0x00, 0x62, 
0x00, 0x62, 0x00, 0x62, 0x00, 0x62, 0x00, 0x62, 0x00, 0x62, 0x00, 0x62, 0x00, 0x62, 0x00, 0x62, 
0x00, 0x62, 0x00, 0x62, 0x00, 0x62, 0x00, 0x62, 0x00, 0x62, 0x00, 0x62, 0x00, 0x62, 0x00, 0x62, 
0x00, 0x82, 0x00, 0x82, 0x00, 0xa3, 0x00, 0xe4, 0x00, 0x04, 0x00, 0x41, 0x00, 0x00, 0x00, 0x00, 
0x00, 0x00, 0x00, 0x00, 0x00, 0x00, 0x00, 0x00, 0x00, 0x00, 0x00, 0x00, 0x00, 0x00, 0x00, 0x00, 
0x00, 0x00, 0x00, 0x00, 0x00, 0x00, 0x00, 0x00, 0x00, 0x00, 0x00, 0x00, 0x00, 0x00, 0x00, 0x00, 
0x00, 0x00, 0x00, 0x00, 0x00, 0x00, 0x00, 0x61, 0x00, 0x25, 0x00, 0xe4, 0x00, 0x04, 0x00, 0x45, 
0x00, 0x25, 0x00, 0x04, 0x00, 0xc3, 0x00, 0xa3, 0x00, 0x82, 0x00, 0x62, 0x00, 0x41, 0x00, 0x41, 
0x00, 0x41, 0x00, 0x41, 0x00, 0x41, 0x00, 0x21, 0x00, 0x21, 0x00, 0x21, 0x00, 0x21, 0x00, 0x21, 
0x00, 0x21, 0x00, 0x21, 0x00, 0x21, 0x00, 0x21, 0x00, 0x21, 0x00, 0x21, 0x00, 0x21, 0x00, 0x21, 
0x00, 0x21, 0x00, 0x21, 0x00, 0x21, 0x00, 0x21, 0x00, 0x21, 0x00, 0x21, 0x00, 0x21, 0x00, 0x21, 
0x00, 0x21, 0x00, 0x21, 0x00, 0x21, 0x00, 0x82, 0x00, 0xd0, 0x00, 0xb6, 0x00, 0xb6, 0x00, 0xf7, 
0x00, 0xf7, 0x00, 0xf7, 0x00, 0xf7, 0x00, 0xf7, 0x00, 0xf7, 0x00, 0xf7, 0x00, 0xf7, 0x00, 0xf7, 
0x00, 0xf7, 0x00, 0xf7, 0x00, 0xf7, 0x00, 0xf7, 0x00, 0x18, 0x00, 0xf7, 0x00, 0x18, 0x00, 0xf7, 
0x00, 0x18, 0x00, 0x18, 0x00, 0x18, 0x00, 0x18, 0x00, 0x18, 0x00, 0x18, 0x00, 0x18, 0x00, 0x18, 
0x00, 0x18, 0x00, 0x38, 0x00, 0x18, 0x00, 0x38, 0x00, 0x38, 0x00, 0x38, 0x00, 0x38, 0x00, 0x38, 
0x00, 0x59, 0x00, 0x59, 0x00, 0x59, 0x00, 0x59, 0x00, 0x59, 0x00, 0x59, 0x00, 0x59, 0x00, 0x59, 
0x00, 0x59, 0x00, 0x79, 0x00, 0x79, 0x00, 0x79, 0x00, 0x79, 0x00, 0x79, 0x00, 0x79, 0x00, 0x79, 
0x00, 0x79, 0x00, 0x79, 0x00, 0x9a, 0x00, 0xb2, 0x00, 0xc3, 0x00, 0x41, 0x00, 0x41, 0x00, 0x61, 
0x00, 0x62, 0x00, 0x62, 0x00, 0x62, 0x00, 0x41, 0x00, 0x41, 0x00, 0x62, 0x00, 0x62, 0x00, 0x62, 
0x00, 0x62, 0x00, 0x62, 0x00, 0x62, 0x00, 0x62, 0x00, 0x62, 0x00, 0x62, 0x00, 0x62, 0x00, 0x62, 
0x00, 0x62, 0x00, 0x41, 0x00, 0x62, 0x00, 0x41, 0x00, 0x41, 0x00, 0x62, 0x00, 0x62, 0x00, 0x62, 
0x00, 0x62, 0x00, 0x62, 0x00, 0x62, 0x00, 0x62, 0x00, 0x62, 0x00, 0x62, 0x00, 0x62, 0x00, 0x82, 
0x00, 0x82, 0x00, 0xa3, 0x00, 0xc3, 0x00, 0xe3, 0x00, 0x61, 0x00, 0x00, 0x00, 0x00, 0x00, 0x00, 
0x00, 0x00, 0x00, 0x00, 0x00, 0x00, 0x00, 0x00, 0x00, 0x00, 0x00, 0x00, 0x00, 0x00, 0x00, 0x00, 
0x00, 0x00, 0x00, 0x00, 0x00, 0x00, 0x00, 0x00, 0x00, 0x00, 0x00, 0x00, 0x00, 0x00, 0x00, 0x00, 
0x00, 0x00, 0x00, 0x00, 0x00, 0x00, 0x00, 0x00, 0x00, 0x45, 0x00, 0x04, 0x00, 0xe4, 0x00, 0x04, 
0x00, 0x25, 0x00, 0x25, 0x00, 0xe4, 0x00, 0xa3, 0x00, 0x82, 0x00, 0x62, 0x00, 0x41, 0x00, 0x41, 
0x00, 0x41, 0x00, 0x41, 0x00, 0x41, 0x00, 0x41, 0x00, 0x21, 0x00, 0x21, 0x00, 0x21, 0x00, 0x21, 
0x00, 0x21, 0x00, 0x21, 0x00, 0x21, 0x00, 0x21, 0x00, 0x21, 0x00, 0x21, 0x00, 0x21, 0x00, 0x21, 
0x00, 0x21, 0x00, 0x21, 0x00, 0x21, 0x00, 0x21, 0x00, 0x21, 0x00, 0x21, 0x00, 0x21, 0x00, 0x21, 
0x00, 0x21, 0x00, 0x21, 0x00, 0x21, 0x00, 0x21, 0x00, 0x21, 0x00, 0xc3, 0x00, 0xcf, 0x00, 0x55, 
0x00, 0xd7, 0x00, 0xd7, 0x00, 0xf7, 0x00, 0xd7, 0x00, 0xf7, 0x00, 0xf7, 0x00, 0xf7, 0x00, 0xf7, 
0x00, 0xf7, 0x00, 0xf7, 0x00, 0xf7, 0x00, 0xf7, 0x00, 0xf7, 0x00, 0xf7, 0x00, 0x18, 0x00, 0xf7, 
0x00, 0xf7, 0x00, 0x18, 0x00, 0xf7, 0x00, 0x18, 0x00, 0x18, 0x00, 0x18, 0x00, 0x18, 0x00, 0x18, 
0x00, 0x18, 0x00, 0x18, 0x00, 0x18, 0x00, 0x18, 0x00, 0x38, 0x00, 0x38, 0x00, 0x38, 0x00, 0x18, 
0x00, 0x18, 0x00, 0x38, 0x00, 0x59, 0x00, 0x59, 0x00, 0x59, 0x00, 0x59, 0x00, 0x59, 0x00, 0x59, 
0x00, 0x59, 0x00, 0x79, 0x00, 0x79, 0x00, 0x79, 0x00, 0x79, 0x00, 0x79, 0x00, 0x79, 0x00, 0x79, 
0x00, 0x59, 0x00, 0x92, 0x00, 0x25, 0x00, 0x41, 0x00, 0x62, 0x00, 0x62, 0x00, 0x41, 0x00, 0x41, 
0x00, 0x41, 0x00, 0x62, 0x00, 0x62, 0x00, 0x62, 0x00, 0x62, 0x00, 0x62, 0x00, 0x62, 0x00, 0x62, 
0x00, 0x62, 0x00, 0x62, 0x00, 0x62, 0x00, 0x62, 0x00, 0x62, 0x00, 0x62, 0x00, 0x62, 0x00, 0x62, 
0x00, 0x41, 0x00, 0x41, 0x00, 0x62, 0x00, 0x62, 0x00, 0x62, 0x00, 0x41, 0x00, 0x62, 0x00, 0x62, 
0x00, 0x62, 0x00, 0x62, 0x00, 0x62, 0x00, 0x62, 0x00, 0x62, 0x00, 0x62, 0x00, 0x82, 0x00, 0xa3, 
0x00, 0xa3, 0x00, 0xc3, 0x00, 0xa3, 0x00, 0x45, 0x00, 0x00, 0x00, 0x00, 0x00, 0x00, 0x00, 0x00, 
0x00, 0x00, 0x00, 0x00, 0x00, 0x00, 0x00, 0x00, 0x00, 0x00, 0x00, 0x00, 0x00, 0x00, 0x00, 0x00, 
0x00, 0x00, 0x00, 0x00, 0x00, 0x00, 0x00, 0x00, 0x00, 0x00, 0x00, 0x00, 0x00, 0x00, 0x00, 0x00, 
0x00, 0x00, 0x00, 0x00, 0x00, 0x00, 0x00, 0x00, 0x00, 0x00, 0x00, 0x65, 0x00, 0xe4, 0x00, 0xe4, 
0x00, 0x04, 0x00, 0x25, 0x00, 0x04, 0x00, 0xe4, 0x00, 0xa3, 0x00, 0x82, 0x00, 0x62, 0x00, 0x41, 
0x00, 0x41, 0x00, 0x41, 0x00, 0x41, 0x00, 0x41, 0x00, 0x21, 0x00, 0x21, 0x00, 0x21, 0x00, 0x21, 
0x00, 0x21, 0x00, 0x21, 0x00, 0x21, 0x00, 0x21, 0x00, 0x21, 0x00, 0x21, 0x00, 0x21, 0x00, 0x21, 
0x00, 0x21, 0x00, 0x21, 0x00, 0x21, 0x00, 0x21, 0x00, 0x21, 0x00, 0x21, 0x00, 0x21, 0x00, 0x21, 
0x00, 0x21, 0x00, 0x21, 0x00, 0x21, 0x00, 0x21, 0x00, 0x21, 0x00, 0x21, 0x00, 0x21, 0x00, 0x41, 
0x00, 0xcb, 0x00, 0x34, 0x00, 0xd7, 0x00, 0xd7, 0x00, 0xd7, 0x00, 0xf7, 0x00, 0xf7, 0x00, 0xf7, 
0x00, 0xf7, 0x00, 0xf7, 0x00, 0xf7, 0x00, 0xf7, 0x00, 0xf7, 0x00, 0xf7, 0x00, 0xf7, 0x00, 0xf7, 
0x00, 0xf7, 0x00, 0xf7, 0x00, 0xf7, 0x00, 0x18, 0x00, 0xf7, 0x00, 0xf7, 0x00, 0x18, 0x00, 0x18, 
0x00, 0x18, 0x00, 0x18, 0x00, 0x18, 0x00, 0x18, 0x00, 0x18, 0x00, 0x18, 0x00, 0x38, 0x00, 0x18, 
0x00, 0x18, 0x00, 0x38, 0x00, 0x38, 0x00, 0x38, 0x00, 0x38, 0x00, 0x38, 0x00, 0x59, 0x00, 0x59, 
0x00, 0x59, 0x00, 0x59, 0x00, 0x59, 0x00, 0x59, 0x00, 0x79, 0x00, 0x59, 0x00, 0x18, 0x00, 0x8e, 
0x00, 0x62, 0x00, 0x41, 0x00, 0x41, 0x00, 0x62, 0x00, 0x62, 0x00, 0x41, 0x00, 0x41, 0x00, 0x41, 
0x00, 0x41, 0x00, 0x62, 0x00, 0x62, 0x00, 0x41, 0x00, 0x41, 0x00, 0x62, 0x00, 0x62, 0x00, 0x62, 
0x00, 0x41, 0x00, 0x62, 0x00, 0x62, 0x00, 0x62, 0x00, 0x62, 0x00, 0x41, 0x00, 0x41, 0x00, 0x41, 
0x00, 0x62, 0x00, 0x41, 0x00, 0x62, 0x00, 0x62, 0x00, 0x41, 0x00, 0x62, 0x00, 0x62, 0x00, 0x62, 
0x00, 0x62, 0x00, 0x41, 0x00, 0x62, 0x00, 0x62, 0x00, 0x62, 0x00, 0x82, 0x00, 0xa3, 0x00, 0xa3, 
0x00, 0xc3, 0x00, 0xc3, 0x00, 0x65, 0x00, 0x00, 0x00, 0x00, 0x00, 0x00, 0x00, 0x00, 0x00, 0x00, 
0x00, 0x00, 0x00, 0x00, 0x00, 0x00, 0x00, 0x00, 0x00, 0x00, 0x00, 0x00, 0x00, 0x00, 0x00, 0x00, 
0x00, 0x00, 0x00, 0x00, 0x00, 0x00, 0x00, 0x00, 0x00, 0x00, 0x00, 0x00, 0x00, 0x00, 0x00, 0x00, 
0x00, 0x00, 0x00, 0x00, 0x00, 0x00, 0x00, 0x00, 0x00, 0x00, 0x00, 0x00, 0x00, 0x65, 0x00, 0xe4, 
0x00, 0xe4, 0x00, 0x04, 0x00, 0x25, 0x00, 0x04, 0x00, 0xc3, 0x00, 0xa3, 0x00, 0x82, 0x00, 0x62, 
0x00, 0x41, 0x00, 0x41, 0x00, 0x41, 0x00, 0x41, 0x00, 0x21, 0x00, 0x21, 0x00, 0x21, 0x00, 0x21, 
0x00, 0x21, 0x00, 0x21, 0x00, 0x21, 0x00, 0x21, 0x00, 0x21, 0x00, 0x21, 0x00, 0x21, 0x00, 0x21, 
0x00, 0x21, 0x00, 0x21, 0x00, 0x21, 0x00, 0x21, 0x00, 0x21, 0x00, 0x21, 0x00, 0x21, 0x00, 0x21, 
0x00, 0x21, 0x00, 0x21, 0x00, 0x21, 0x00, 0x21, 0x00, 0x21, 0x00, 0x21, 0x00, 0x21, 0x00, 0x21, 
0x00, 0x21, 0x00, 0x21, 0x00, 0x45, 0x00, 0x31, 0x00, 0x76, 0x00, 0xf7, 0x00, 0xd7, 0x00, 0xd7, 
0x00, 0xb6, 0x00, 0xd7, 0x00, 0xf7, 0x00, 0xf7, 0x00, 0xf7, 0x00, 0xf7, 0x00, 0xf7, 0x00, 0xf7, 
0x00, 0xf7, 0x00, 0xf7, 0x00, 0xf7, 0x00, 0xf7, 0x00, 0xf7, 0x00, 0xf7, 0x00, 0xf7, 0x00, 0x18, 
0x00, 0xf7, 0x00, 0x18, 0x00, 0x18, 0x00, 0x18, 0x00, 0x18, 0x00, 0x18, 0x00, 0x18, 0x00, 0x18, 
0x00, 0x18, 0x00, 0x38, 0x00, 0x38, 0x00, 0x38, 0x00, 0x38, 0x00, 0x38, 0x00, 0x38, 0x00, 0x38, 
0x00, 0x59, 0x00, 0x59, 0x00, 0x59, 0x00, 0x38, 0x00, 0xd3, 0x00, 0xc7, 0x00, 0x41, 0x00, 0x41, 
0x00, 0x41, 0x00, 0x41, 0x00, 0x41, 0x00, 0x41, 0x00, 0x41, 0x00, 0x41, 0x00, 0x62, 0x00, 0x41, 
0x00, 0x41, 0x00, 0x41, 0x00, 0x41, 0x00, 0x41, 0x00, 0x41, 0x00, 0x41, 0x00, 0x41, 0x00, 0x41, 
0x00, 0x41, 0x00, 0x62, 0x00, 0x62, 0x00, 0x62, 0x00, 0x41, 0x00, 0x41, 0x00, 0x62, 0x00, 0x62, 
0x00, 0x62, 0x00, 0x62, 0x00, 0x62, 0x00, 0x62, 0x00, 0x62, 0x00, 0x62, 0x00, 0x41, 0x00, 0x62, 
0x00, 0x62, 0x00, 0x62, 0x00, 0x62, 0x00, 0x62, 0x00, 0x82, 0x00, 0xa3, 0x00, 0xa3, 0x00, 0xc3, 
0x00, 0xc3, 0x00, 0x24, 0x00, 0x00, 0x00, 0x00, 0x00, 0x00, 0x00, 0x00, 0x00, 0x00, 0x00, 0x00, 
0x00, 0x00, 0x00, 0x00, 0x00, 0x00, 0x00, 0x00, 0x00, 0x00, 0x00, 0x00, 0x00, 0x00, 0x00, 0x00, 
0x00, 0x00, 0x00, 0x00, 0x00, 0x00, 0x00, 0x00, 0x00, 0x00, 0x00, 0x00, 0x00, 0x00, 0x00, 0x00, 
0x00, 0x00, 0x00, 0x00, 0x00, 0x00, 0x00, 0x00, 0x00, 0x00, 0x00, 0x00, 0x00, 0x41, 0x00, 0x45, 
0x00, 0xe4, 0x00, 0xe4, 0x00, 0x04, 0x00, 0x04, 0x00, 0xe4, 0x00, 0xa3, 0x00, 0x82, 0x00, 0x62, 
0x00, 0x41, 0x00, 0x41, 0x00, 0x41, 0x00, 0x41, 0x00, 0x21, 0x00, 0x21, 0x00, 0x21, 0x00, 0x21, 
0x00, 0x21, 0x00, 0x21, 0x00, 0x21, 0x00, 0x21, 0x00, 0x21, 0x00, 0x21, 0x00, 0x21, 0x00, 0x21, 
0x00, 0x21, 0x00, 0x21, 0x00, 0x21, 0x00, 0x21, 0x00, 0x21, 0x00, 0x21, 0x00, 0x21, 0x00, 0x21, 
0x00, 0x21, 0x00, 0x21, 0x00, 0x21, 0x00, 0x21, 0x00, 0x21, 0x00, 0x21, 0x00, 0x21, 0x00, 0x21, 
0x00, 0x21, 0x00, 0x21, 0x00, 0x21, 0x00, 0x21, 0x00, 0x21, 0x00, 0x45, 0x00, 0xf0, 0x00, 0x75, 
0x00, 0xb6, 0x00, 0x96, 0x00, 0x96, 0x00, 0xd7, 0x00, 0xf7, 0x00, 0xd7, 0x00, 0xf7, 0x00, 0xf7, 
0x00, 0xf7, 0x00, 0xf7, 0x00, 0xf7, 0x00, 0xf7, 0x00, 0x18, 0x00, 0xf7, 0x00, 0xf7, 0x00, 0xf7, 
0x00, 0xf7, 0x00, 0xf7, 0x00, 0xf7, 0x00, 0x18, 0x00, 0x18, 0x00, 0x18, 0x00, 0x18, 0x00, 0x18, 
0x00, 0x18, 0x00, 0x18, 0x00, 0x18, 0x00, 0x18, 0x00, 0x38, 0x00, 0x59, 0x00, 0x38, 0x00, 0x38, 
0x00, 0x18, 0x00, 0xb3, 0x00, 0x86, 0x00, 0x41, 0x00, 0x41, 0x00, 0x41, 0x00, 0x41, 0x00, 0x41, 
0x00, 0x41, 0x00, 0x41, 0x00, 0x41, 0x00, 0x41, 0x00, 0x41, 0x00, 0x41, 0x00, 0x41, 0x00, 0x41, 
0x00, 0x41, 0x00, 0x41, 0x00, 0x41, 0x00, 0x41, 0x00, 0x41, 0x00, 0x62, 0x00, 0x62, 0x00, 0x41, 
0x00, 0x41, 0x00, 0x62, 0x00, 0x62, 0x00, 0x41, 0x00, 0x41, 0x00, 0x41, 0x00, 0x41, 0x00, 0x62, 
0x00, 0x62, 0x00, 0x41, 0x00, 0x62, 0x00, 0x62, 0x00, 0x62, 0x00, 0x62, 0x00, 0x62, 0x00, 0x62, 
0x00, 0x62, 0x00, 0x62, 0x00, 0x82, 0x00, 0x82, 0x00, 0xa3, 0x00, 0xa3, 0x00, 0xc3, 0x00, 0xa3, 
0x00, 0x25, 0x00, 0x41, 0x00, 0x00, 0x00, 0x00, 0x00, 0x00, 0x00, 0x00, 0x00, 0x00, 0x00, 0x00, 
0x00, 0x00, 0x00, 0x00, 0x00, 0x00, 0x00, 0x00, 0x00, 0x00, 0x00, 0x00, 0x00, 0x00, 0x00, 0x00, 
0x00, 0x00, 0x00, 0x00, 0x00, 0x00, 0x00, 0x00, 0x00, 0x00, 0x00, 0x00, 0x00, 0x00, 0x00, 0x00, 
0x00, 0x00, 0x00, 0x00, 0x00, 0x00, 0x00, 0x00, 0x00, 0x00, 0x00, 0x00, 0x00, 0x00, 0x00, 0xe3, 
0x00, 0x24, 0x00, 0xe4, 0x00, 0xc3, 0x00, 0xe4, 0x00, 0xe4, 0x00, 0xe4, 0x00, 0xa3, 0x00, 0x82, 
0x00, 0x62, 0x00, 0x62, 0x00, 0x41, 0x00, 0x41, 0x00, 0x41, 0x00, 0x21, 0x00, 0x21, 0x00, 0x21, 
0x00, 0x21, 0x00, 0x21, 0x00, 0x21, 0x00, 0x21, 0x00, 0x21, 0x00, 0x21, 0x00, 0x21, 0x00, 0x21, 
0x00, 0x21, 0x00, 0x21, 0x00, 0x21, 0x00, 0x21, 0x00, 0x21, 0x00, 0x21, 0x00, 0x21, 0x00, 0x21, 
0x00, 0x21, 0x00, 0x21, 0x00, 0x21, 0x00, 0x21, 0x00, 0x21, 0x00, 0x21, 0x00, 0x21, 0x00, 0x21, 
0x00, 0x21, 0x00, 0x21, 0x00, 0x21, 0x00, 0x21, 0x00, 0x21, 0x00, 0x21, 0x00, 0x21, 0x00, 0x21, 
0x00, 0xa3, 0x00, 0xcc, 0x00, 0xf4, 0x00, 0xb6, 0x00, 0xb6, 0x00, 0xb6, 0x00, 0xf7, 0x00, 0x76, 
0x00, 0xf7, 0x00, 0xf7, 0x00, 0xf7, 0x00, 0xf7, 0x00, 0xf7, 0x00, 0xf7, 0x00, 0xf7, 0x00, 0xf7, 
0x00, 0xf7, 0x00, 0xf7, 0x00, 0x18, 0x00, 0x18, 0x00, 0x18, 0x00, 0xf7, 0x00, 0xf7, 0x00, 0x18, 
0x00, 0x18, 0x00, 0x18, 0x00, 0x18, 0x00, 0x18, 0x00, 0xf7, 0x00, 0x75, 0x00, 0x6e, 0x00, 0xe4, 
0x00, 0x21, 0x00, 0x41, 0x00, 0x41, 0x00, 0x41, 0x00, 0x41, 0x00, 0x41, 0x00, 0x41, 0x00, 0x41, 
0x00, 0x41, 0x00, 0x41, 0x00, 0x41, 0x00, 0x41, 0x00, 0x41, 0x00, 0x41, 0x00, 0x41, 0x00, 0x62, 
0x00, 0x41, 0x00, 0x41, 0x00, 0x41, 0x00, 0x41, 0x00, 0x62, 0x00, 0x41, 0x00, 0x41, 0x00, 0x41, 
0x00, 0x41, 0x00, 0x41, 0x00, 0x62, 0x00, 0x41, 0x00, 0x41, 0x00, 0x62, 0x00, 0x41, 0x00, 0x41, 
0x00, 0x62, 0x00, 0x41, 0x00, 0x62, 0x00, 0x62, 0x00, 0x62, 0x00, 0x62, 0x00, 0x62, 0x00, 0x62, 
0x00, 0x62, 0x00, 0x82, 0x00, 0x82, 0x00, 0xa3, 0x00, 0xa3, 0x00, 0xc3, 0x00, 0xc3, 0x00, 0x24, 
0x00, 0xa2, 0x00, 0x00, 0x00, 0x00, 0x00, 0x00, 0x00, 0x00, 0x00, 0x00, 0x00, 0x00, 0x00, 0x00, 
0x00, 0x00, 0x00, 0x00, 0x00, 0x00, 0x00, 0x00, 0x00, 0x00, 0x00, 0x00, 0x00, 0x00, 0x00, 0x00, 
0x00, 0x00, 0x00, 0x00, 0x00, 0x00, 0x00, 0x00, 0x00, 0x00, 0x00, 0x00, 0x00, 0x00, 0x00, 0x00, 
0x00, 0x00, 0x00, 0x00, 0x00, 0x00, 0x00, 0x00, 0x00, 0x00, 0x00, 0x00, 0x00, 0x00, 0x00, 0x00, 
0x00, 0x00, 0x00, 0x04, 0x00, 0xa3, 0x00, 0xa3, 0x00, 0xc3, 0x00, 0xc3, 0x00, 0xa3, 0x00, 0x82, 
0x00, 0x82, 0x00, 0x62, 0x00, 0x62, 0x00, 0x41, 0x00, 0x41, 0x00, 0x41, 0x00, 0x21, 0x00, 0x21, 
0x00, 0x21, 0x00, 0x21, 0x00, 0x21, 0x00, 0x21, 0x00, 0x21, 0x00, 0x21, 0x00, 0x21, 0x00, 0x21, 
0x00, 0x21, 0x00, 0x21, 0x00, 0x21, 0x00, 0x21, 0x00, 0x21, 0x00, 0x21, 0x00, 0x21, 0x00, 0x21, 
0x00, 0x21, 0x00, 0x21, 0x00, 0x21, 0x00, 0x21, 0x00, 0x21, 0x00, 0x21, 0x00, 0x21, 0x00, 0x21, 
0x00, 0x21, 0x00, 0x21, 0x00, 0x21, 0x00, 0x21, 0x00, 0x21, 0x00, 0x21, 0x00, 0x21, 0x00, 0x21, 
0x00, 0x21, 0x00, 0x21, 0x00, 0x21, 0x00, 0x21, 0x00, 0x21, 0x00, 0x62, 0x00, 0xc7, 0x00, 0xd0, 
0x00, 0x35, 0x00, 0x35, 0x00, 0x96, 0x00, 0xd7, 0x00, 0xd7, 0x00, 0xd7, 0x00, 0xd7, 0x00, 0xd7, 
0x00, 0xd7, 0x00, 0xd7, 0x00, 0xd7, 0x00, 0xd7, 0x00, 0x18, 0x00, 0xf7, 0x00, 0x75, 0x00, 0x35, 
0x00, 0x10, 0x00, 0x49, 0x00, 0x82, 0x00, 0x41, 0x00, 0x21, 0x00, 0x21, 0x00, 0x41, 0x00, 0x41, 
0x00, 0x41, 0x00, 0x41, 0x00, 0x41, 0x00, 0x41, 0x00, 0x41, 0x00, 0x41, 0x00, 0x41, 0x00, 0x41, 
0x00, 0x41, 0x00, 0x41, 0x00, 0x41, 0x00, 0x41, 0x00, 0x41, 0x00, 0x41, 0x00, 0x41, 0x00, 0x62, 
0x00, 0x41, 0x00, 0x41, 0x00, 0x41, 0x00, 0x41, 0x00, 0x41, 0x00, 0x62, 0x00, 0x41, 0x00, 0x62, 
0x00, 0x41, 0x00, 0x41, 0x00, 0x62, 0x00, 0x41, 0x00, 0x41, 0x00, 0x62, 0x00, 0x41, 0x00, 0x41, 
0x00, 0x62, 0x00, 0x41, 0x00, 0x62, 0x00, 0x62, 0x00, 0x62, 0x00, 0x62, 0x00, 0x62, 0x00, 0x62, 
0x00, 0x82, 0x00, 0x83, 0x00, 0xa3, 0x00, 0xc3, 0x00, 0xe4, 0x00, 0xa3, 0x00, 0x04, 0x00, 0x00, 
0x00, 0x00, 0x00, 0x00, 0x00, 0x00, 0x00, 0x00, 0x00, 0x00, 0x00, 0x00, 0x00, 0x00, 0x00, 0x00, 
0x00, 0x00, 0x00, 0x00, 0x00, 0x00, 0x00, 0x00, 0x00, 0x00, 0x00, 0x00, 0x00, 0x00, 0x00, 0x00, 
0x00, 0x00, 0x00, 0x00, 0x00, 0x00, 0x00, 0x00, 0x00, 0x00, 0x00, 0x00, 0x00, 0x00, 0x00, 0x00, 
0x00, 0x00, 0x00, 0x00, 0x00, 0x00, 0x00, 0x00, 0x00, 0x00, 0x00, 0x00, 0x00, 0x00, 0x00, 0x00, 
0x00, 0x00, 0x00, 0x00, 0x00, 0x24, 0x00, 0xa3, 0x00, 0xa3, 0x00, 0xa3, 0x00, 0xa3, 0x00, 0xa3, 
0x00, 0xa3, 0x00, 0x82, 0x00, 0x62, 0x00, 0x62, 0x00, 0x41, 0x00, 0x41, 0x00, 0x41, 0x00, 0x41, 
0x00, 0x21, 0x00, 0x21, 0x00, 0x21, 0x00, 0x21, 0x00, 0x21, 0x00, 0x21, 0x00, 0x21, 0x00, 0x21, 
0x00, 0x21, 0x00, 0x21, 0x00, 0x21, 0x00, 0x21, 0x00, 0x21, 0x00, 0x21, 0x00, 0x21, 0x00, 0x21, 
0x00, 0x21, 0x00, 0x21, 0x00, 0x21, 0x00, 0x21, 0x00, 0x21, 0x00, 0x21, 0x00, 0x21, 0x00, 0x21, 
0x00, 0x21, 0x00, 0x21, 0x00, 0x21, 0x00, 0x21, 0x00, 0x21, 0x00, 0x21, 0x00, 0x21, 0x00, 0x21, 
0x00, 0x21, 0x00, 0x21, 0x00, 0x21, 0x00, 0x21, 0x00, 0x21, 0x00, 0x21, 0x00, 0x21, 0x00, 0x21, 
0x00, 0x21, 0x00, 0x21, 0x00, 0x21, 0x00, 0x41, 0x00, 0x41, 0x00, 0x41, 0x00, 0x41, 0x00, 0x41, 
0x00, 0x41, 0x00, 0x41, 0x00, 0x41, 0x00, 0x41, 0x00, 0x41, 0x00, 0x21, 0x00, 0x21, 0x00, 0x21, 
0x00, 0x21, 0x00, 0x21, 0x00, 0x21, 0x00, 0x21, 0x00, 0x21, 0x00, 0x21, 0x00, 0x41, 0x00, 0x41, 
0x00, 0x41, 0x00, 0x41, 0x00, 0x41, 0x00, 0x41, 0x00, 0x41, 0x00, 0x41, 0x00, 0x41, 0x00, 0x41, 
0x00, 0x41, 0x00, 0x41, 0x00, 0x41, 0x00, 0x41, 0x00, 0x41, 0x00, 0x41, 0x00, 0x41, 0x00, 0x62, 
0x00, 0x41, 0x00, 0x41, 0x00, 0x62, 0x00, 0x41, 0x00, 0x41, 0x00, 0x62, 0x00, 0x41, 0x00, 0x41, 
0x00, 0x62, 0x00, 0x41, 0x00, 0x41, 0x00, 0x42, 0x00, 0x41, 0x00, 0x41, 0x00, 0x41, 0x00, 0x62, 
0x00, 0x62, 0x00, 0x41, 0x00, 0x62, 0x00, 0x62, 0x00, 0x62, 0x00, 0x62, 0x00, 0x82, 0x00, 0x82, 
0x00, 0xa3, 0x00, 0xc3, 0x00, 0xe4, 0x00, 0xc3, 0x00, 0xc3, 0x00, 0x24, 0x00, 0x00, 0x00, 0x00, 
0x00, 0x00, 0x00, 0x00, 0x00, 0x00, 0x00, 0x00, 0x00, 0x00, 0x00, 0x00, 0x00, 0x00, 0x00, 0x00, 
0x00, 0x00, 0x00, 0x00, 0x00, 0x00, 0x00, 0x00, 0x00, 0x00, 0x00, 0x00, 0x00, 0x00, 0x00, 0x00, 
0x00, 0x00, 0x00, 0x00, 0x00, 0x00, 0x00, 0x00, 0x00, 0x00, 0x00, 0x00, 0x00, 0x00, 0x00, 0x00, 
0x00, 0x00, 0x00, 0x00, 0x00, 0x00, 0x00, 0x00, 0x00, 0x00, 0x00, 0x00, 0x00, 0x00, 0x00, 0x00, 
0x00, 0x00, 0x00, 0x00, 0x00, 0x20, 0x00, 0x45, 0x00, 0xa3, 0x00, 0xa3, 0x00, 0xa3, 0x00, 0xa3, 
0x00, 0xa3, 0x00, 0x82, 0x00, 0x82, 0x00, 0x62, 0x00, 0x41, 0x00, 0x41, 0x00, 0x41, 0x00, 0x41, 
0x00, 0x41, 0x00, 0x21, 0x00, 0x21, 0x00, 0x21, 0x00, 0x21, 0x00, 0x21, 0x00, 0x21, 0x00, 0x21, 
0x00, 0x21, 0x00, 0x21, 0x00, 0x21, 0x00, 0x21, 0x00, 0x21, 0x00, 0x21, 0x00, 0x21, 0x00, 0x21, 
0x00, 0x21, 0x00, 0x21, 0x00, 0x21, 0x00, 0x21, 0x00, 0x21, 0x00, 0x21, 0x00, 0x21, 0x00, 0x21, 
0x00, 0x21, 0x00, 0x21, 0x00, 0x21, 0x00, 0x21, 0x00, 0x21, 0x00, 0x21, 0x00, 0x21, 0x00, 0x21, 
0x00, 0x21, 0x00, 0x21, 0x00, 0x21, 0x00, 0x21, 0x00, 0x21, 0x00, 0x21, 0x00, 0x21, 0x00, 0x21, 
0x00, 0x21, 0x00, 0x21, 0x00, 0x21, 0x00, 0x21, 0x00, 0x21, 0x00, 0x21, 0x00, 0x21, 0x00, 0x21, 
0x00, 0x21, 0x00, 0x21, 0x00, 0x21, 0x00, 0x21, 0x00, 0x21, 0x00, 0x21, 0x00, 0x21, 0x00, 0x21, 
0x00, 0x21, 0x00, 0x21, 0x00, 0x21, 0x00, 0x41, 0x00, 0x21, 0x00, 0x21, 0x00, 0x21, 0x00, 0x41, 
0x00, 0x41, 0x00, 0x41, 0x00, 0x41, 0x00, 0x41, 0x00, 0x41, 0x00, 0x41, 0x00, 0x41, 0x00, 0x41, 
0x00, 0x41, 0x00, 0x41, 0x00, 0x41, 0x00, 0x41, 0x00, 0x41, 0x00, 0x41, 0x00, 0x62, 0x00, 0x41, 
0x00, 0x41, 0x00, 0x41, 0x00, 0x41, 0x00, 0x41, 0x00, 0x41, 0x00, 0x62, 0x00, 0x41, 0x00, 0x41, 
0x00, 0x41, 0x00, 0x41, 0x00, 0x62, 0x00, 0x62, 0x00, 0x41, 0x00, 0x62, 0x00, 0x41, 0x00, 0x62, 
0x00, 0x62, 0x00, 0x62, 0x00, 0x62, 0x00, 0x62, 0x00, 0x82, 0x00, 0x82, 0x00, 0xa3, 0x00, 0xc3, 
0x00, 0xe4, 0x00, 0xe4, 0x00, 0xe4, 0x00, 0xc3, 0x00, 0x45, 0x00, 0x00, 0x00, 0x00, 0x00, 0x00, 
0x00, 0x00, 0x00, 0x00, 0x00, 0x00, 0x00, 0x00, 0x00, 0x00, 0x00, 0x00, 0x00, 0x00, 0x00, 0x00, 
0x00, 0x00, 0x00, 0x00, 0x00, 0x00, 0x00, 0x00, 0x00, 0x00, 0x00, 0x00, 0x00, 0x00, 0x00, 0x00, 
0x00, 0x00, 0x00, 0x00, 0x00, 0x00, 0x00, 0x00, 0x00, 0x00, 0x00, 0x00, 0x00, 0x00, 0x00, 0x00, 
0x00, 0x00, 0x00, 0x00, 0x00, 0x00, 0x00, 0x00, 0x00, 0x00, 0x00, 0x00, 0x00, 0x00, 0x00, 0x00, 
0x00, 0x00, 0x00, 0x00, 0x00, 0x00, 0x00, 0x00, 0x00, 0x45, 0x00, 0xa3, 0x00, 0x83, 0x00, 0x82, 
0x00, 0x82, 0x00, 0x82, 0x00, 0x82, 0x00, 0x82, 0x00, 0x62, 0x00, 0x62, 0x00, 0x62, 0x00, 0x41, 
0x00, 0x41, 0x00, 0x41, 0x00, 0x21, 0x00, 0x21, 0x00, 0x21, 0x00, 0x21, 0x00, 0x21, 0x00, 0x21, 
0x00, 0x21, 0x00, 0x21, 0x00, 0x21, 0x00, 0x21, 0x00, 0x21, 0x00, 0x21, 0x00, 0x21, 0x00, 0x21, 
0x00, 0x21, 0x00, 0x21, 0x00, 0x21, 0x00, 0x21, 0x00, 0x21, 0x00, 0x21, 0x00, 0x21, 0x00, 0x21, 
0x00, 0x21, 0x00, 0x21, 0x00, 0x21, 0x00, 0x21, 0x00, 0x21, 0x00, 0x21, 0x00, 0x21, 0x00, 0x21, 
0x00, 0x21, 0x00, 0x21, 0x00, 0x21, 0x00, 0x21, 0x00, 0x21, 0x00, 0x21, 0x00, 0x21, 0x00, 0x21, 
0x00, 0x21, 0x00, 0x21, 0x00, 0x21, 0x00, 0x21, 0x00, 0x21, 0x00, 0x21, 0x00, 0x21, 0x00, 0x21, 
0x00, 0x21, 0x00, 0x21, 0x00, 0x21, 0x00, 0x21, 0x00, 0x21, 0x00, 0x21, 0x00, 0x21, 0x00, 0x21, 
0x00, 0x21, 0x00, 0x21, 0x00, 0x21, 0x00, 0x21, 0x00, 0x21, 0x00, 0x21, 0x00, 0x21, 0x00, 0x41, 
0x00, 0x41, 0x00, 0x41, 0x00, 0x41, 0x00, 0x41, 0x00, 0x41, 0x00, 0x41, 0x00, 0x41, 0x00, 0x41, 
0x00, 0x41, 0x00, 0x41, 0x00, 0x41, 0x00, 0x41, 0x00, 0x41, 0x00, 0x41, 0x00, 0x41, 0x00, 0x41, 
0x00, 0x41, 0x00, 0x41, 0x00, 0x41, 0x00, 0x62, 0x00, 0x62, 0x00, 0x62, 0x00, 0x62, 0x00, 0x41, 
0x00, 0x41, 0x00, 0x62, 0x00, 0x62, 0x00, 0x62, 0x00, 0x62, 0x00, 0x62, 0x00, 0x62, 0x00, 0x62, 
0x00, 0x62, 0x00, 0x62, 0x00, 0x62, 0x00, 0x82, 0x00, 0xa3, 0x00, 0xc3, 0x00, 0xe4, 0x00, 0x04, 
0x00, 0x04, 0x00, 0xe4, 0x00, 0xc3, 0x00, 0x45, 0x00, 0x00, 0x00, 0x00, 0x00, 0x00, 0x00, 0x00, 
0x00, 0x00, 0x00, 0x00, 0x00, 0x00, 0x00, 0x00, 0x00, 0x00, 0x00, 0x00, 0x00, 0x00, 0x00, 0x00, 
0x00, 0x00, 0x00, 0x00, 0x00, 0x00, 0x00, 0x00, 0x00, 0x00, 0x00, 0x00, 0x00, 0x00, 0x00, 0x00, 
0x00, 0x00, 0x00, 0x00, 0x00, 0x00, 0x00, 0x00, 0x00, 0x00, 0x00, 0x00, 0x00, 0x00, 0x00, 0x00, 
0x00, 0x00, 0x00, 0x00, 0x00, 0x00, 0x00, 0x00, 0x00, 0x00, 0x00, 0x00, 0x00, 0x00, 0x00, 0x00, 
0x00, 0x00, 0x00, 0x00, 0x00, 0x00, 0x00, 0x00, 0x00, 0x00, 0x00, 0xe3, 0x00, 0xa3, 0x00, 0x82, 
0x00, 0x82, 0x00, 0x82, 0x00, 0x82, 0x00, 0x82, 0x00, 0x82, 0x00, 0x62, 0x00, 0x62, 0x00, 0x62, 
0x00, 0x41, 0x00, 0x41, 0x00, 0x41, 0x00, 0x21, 0x00, 0x21, 0x00, 0x21, 0x00, 0x21, 0x00, 0x21, 
0x00, 0x21, 0x00, 0x21, 0x00, 0x21, 0x00, 0x21, 0x00, 0x21, 0x00, 0x21, 0x00, 0x21, 0x00, 0x21, 
0x00, 0x21, 0x00, 0x21, 0x00, 0x21, 0x00, 0x21, 0x00, 0x21, 0x00, 0x21, 0x00, 0x21, 0x00, 0x21, 
0x00, 0x21, 0x00, 0x21, 0x00, 0x21, 0x00, 0x21, 0x00, 0x21, 0x00, 0x21, 0x00, 0x21, 0x00, 0x21, 
0x00, 0x21, 0x00, 0x21, 0x00, 0x21, 0x00, 0x21, 0x00, 0x21, 0x00, 0x21, 0x00, 0x21, 0x00, 0x21, 
0x00, 0x21, 0x00, 0x21, 0x00, 0x21, 0x00, 0x21, 0x00, 0x21, 0x00, 0x21, 0x00, 0x21, 0x00, 0x21, 
0x00, 0x21, 0x00, 0x21, 0x00, 0x21, 0x00, 0x21, 0x00, 0x21, 0x00, 0x21, 0x00, 0x21, 0x00, 0x21, 
0x00, 0x21, 0x00, 0x21, 0x00, 0x21, 0x00, 0x21, 0x00, 0x21, 0x00, 0x21, 0x00, 0x21, 0x00, 0x41, 
0x00, 0x41, 0x00, 0x41, 0x00, 0x41, 0x00, 0x41, 0x00, 0x41, 0x00, 0x41, 0x00, 0x41, 0x00, 0x41, 
0x00, 0x41, 0x00, 0x41, 0x00, 0x41, 0x00, 0x41, 0x00, 0x41, 0x00, 0x41, 0x00, 0x41, 0x00, 0x41, 
0x00, 0x41, 0x00, 0x41, 0x00, 0x41, 0x00, 0x41, 0x00, 0x62, 0x00, 0x62, 0x00, 0x62, 0x00, 0x62, 
0x00, 0x62, 0x00, 0x62, 0x00, 0x62, 0x00, 0x62, 0x00, 0x62, 0x00, 0x62, 0x00, 0x62, 0x00, 0x62, 
0x00, 0x62, 0x00, 0x82, 0x00, 0x82, 0x00, 0xa3, 0x00, 0xc3, 0x00, 0x04, 0x00, 0x25, 0x00, 0x04, 
0x00, 0xe4, 0x00, 0xc3, 0x00, 0x65, 0x00, 0x00, 0x00, 0x00, 0x00, 0x00, 0x00, 0x00, 0x00, 0x00, 
0x00, 0x00, 0x00, 0x00, 0x00, 0x00, 0x00, 0x00, 0x00, 0x00, 0x00, 0x00, 0x00, 0x00, 0x00, 0x00, 
0x00, 0x00, 0x00, 0x00, 0x00, 0x00, 0x00, 0x00, 0x00, 0x00, 0x00, 0x00, 0x00, 0x00, 0x00, 0x00, 
0x00, 0x00, 0x00, 0x00, 0x00, 0x00, 0x00, 0x00, 0x00, 0x00, 0x00, 0x00, 0x00, 0x00, 0x00, 0x00, 
0x00, 0x00, 0x00, 0x00, 0x00, 0x00, 0x00, 0x00, 0x00, 0x00, 0x00, 0x00, 0x00, 0x00, 0x00, 0x00, 
0x00, 0x00, 0x00, 0x00, 0x00, 0x00, 0x00, 0x00, 0x00, 0x00, 0x00, 0x00, 0x00, 0x82, 0x00, 0xc3, 
0x00, 0x82, 0x00, 0x62, 0x00, 0x62, 0x00, 0x82, 0x00, 0x82, 0x00, 0x62, 0x00, 0x62, 0x00, 0x62, 
0x00, 0x62, 0x00, 0x41, 0x00, 0x41, 0x00, 0x41, 0x00, 0x41, 0x00, 0x21, 0x00, 0x21, 0x00, 0x21, 
0x00, 0x21, 0x00, 0x21, 0x00, 0x21, 0x00, 0x21, 0x00, 0x21, 0x00, 0x21, 0x00, 0x21, 0x00, 0x21, 
0x00, 0x21, 0x00, 0x21, 0x00, 0x21, 0x00, 0x21, 0x00, 0x21, 0x00, 0x21, 0x00, 0x21, 0x00, 0x21, 
0x00, 0x21, 0x00, 0x21, 0x00, 0x21, 0x00, 0x21, 0x00, 0x21, 0x00, 0x21, 0x00, 0x21, 0x00, 0x21, 
0x00, 0x21, 0x00, 0x21, 0x00, 0x21, 0x00, 0x21, 0x00, 0x21, 0x00, 0x21, 0x00, 0x21, 0x00, 0x21, 
0x00, 0x21, 0x00, 0x21, 0x00, 0x21, 0x00, 0x21, 0x00, 0x21, 0x00, 0x21, 0x00, 0x21, 0x00, 0x21, 
0x00, 0x21, 0x00, 0x21, 0x00, 0x21, 0x00, 0x21, 0x00, 0x21, 0x00, 0x21, 0x00, 0x21, 0x00, 0x21, 
0x00, 0x21, 0x00, 0x21, 0x00, 0x21, 0x00, 0x21, 0x00, 0x21, 0x00, 0x21, 0x00, 0x41, 0x00, 0x41, 
0x00, 0x41, 0x00, 0x41, 0x00, 0x41, 0x00, 0x41, 0x00, 0x41, 0x00, 0x41, 0x00, 0x41, 0x00, 0x41, 
0x00, 0x41, 0x00, 0x41, 0x00, 0x41, 0x00, 0x41, 0x00, 0x41, 0x00, 0x41, 0x00, 0x41, 0x00, 0x62, 
0x00, 0x41, 0x00, 0x62, 0x00, 0x62, 0x00, 0x62, 0x00, 0x41, 0x00, 0x41, 0x00, 0x62, 0x00, 0x62, 
0x00, 0x62, 0x00, 0x62, 0x00, 0x62, 0x00, 0x62, 0x00, 0x62, 0x00, 0x62, 0x00, 0x62, 0x00, 0x82, 
0x00, 0x82, 0x00, 0xa3, 0x00, 0xc3, 0x00, 0xe4, 0x00, 0x04, 0x00, 0x25, 0x00, 0x04, 0x00, 0xe4, 
0x00, 0xc3, 0x00, 0x24, 0x00, 0x00, 0x00, 0x00, 0x00, 0x00, 0x00, 0x00, 0x00, 0x00, 0x00, 0x00, 
0x00, 0x00, 0x00, 0x00, 0x00, 0x00, 0x00, 0x00, 0x00, 0x00, 0x00, 0x00, 0x00, 0x00, 0x00, 0x00, 
0x00, 0x00, 0x00, 0x00, 0x00, 0x00, 0x00, 0x00, 0x00, 0x00, 0x00, 0x00, 0x00, 0x00, 0x00, 0x00, 
0x00, 0x00, 0x00, 0x00, 0x00, 0x00, 0x00, 0x00, 0x00, 0x00, 0x00, 0x00, 0x00, 0x00, 0x00, 0x00, 
0x00, 0x00, 0x00, 0x00, 0x00, 0x00, 0x00, 0x00, 0x00, 0x00, 0x00, 0x00, 0x00, 0x00, 0x00, 0x00, 
0x00, 0x00, 0x00, 0x00, 0x00, 0x00, 0x00, 0x00, 0x00, 0x00, 0x00, 0x00, 0x00, 0x00, 0x00, 0x82, 
0x00, 0xe4, 0x00, 0x82, 0x00, 0x62, 0x00, 0x62, 0x00, 0x62, 0x00, 0x62, 0x00, 0x62, 0x00, 0x62, 
0x00, 0x62, 0x00, 0x41, 0x00, 0x41, 0x00, 0x41, 0x00, 0x41, 0x00, 0x21, 0x00, 0x21, 0x00, 0x21, 
0x00, 0x21, 0x00, 0x21, 0x00, 0x21, 0x00, 0x21, 0x00, 0x21, 0x00, 0x21, 0x00, 0x21, 0x00, 0x21, 
0x00, 0x21, 0x00, 0x21, 0x00, 0x21, 0x00, 0x21, 0x00, 0x21, 0x00, 0x21, 0x00, 0x21, 0x00, 0x21, 
0x00, 0x21, 0x00, 0x21, 0x00, 0x21, 0x00, 0x21, 0x00, 0x21, 0x00, 0x21, 0x00, 0x21, 0x00, 0x21, 
0x00, 0x21, 0x00, 0x21, 0x00, 0x21, 0x00, 0x21, 0x00, 0x21, 0x00, 0x21, 0x00, 0x21, 0x00, 0x21, 
0x00, 0x21, 0x00, 0x21, 0x00, 0x21, 0x00, 0x21, 0x00, 0x21, 0x00, 0x21, 0x00, 0x21, 0x00, 0x21, 
0x00, 0x21, 0x00, 0x21, 0x00, 0x21, 0x00, 0x21, 0x00, 0x21, 0x00, 0x21, 0x00, 0x21, 0x00, 0x21, 
0x00, 0x21, 0x00, 0x21, 0x00, 0x21, 0x00, 0x21, 0x00, 0x21, 0x00, 0x41, 0x00, 0x41, 0x00, 0x41, 
0x00, 0x41, 0x00, 0x41, 0x00, 0x41, 0x00, 0x41, 0x00, 0x41, 0x00, 0x41, 0x00, 0x41, 0x00, 0x41, 
0x00, 0x41, 0x00, 0x41, 0x00, 0x41, 0x00, 0x41, 0x00, 0x41, 0x00, 0x41, 0x00, 0x41, 0x00, 0x62, 
0x00, 0x41, 0x00, 0x41, 0x00, 0x41, 0x00, 0x62, 0x00, 0x62, 0x00, 0x41, 0x00, 0x62, 0x00, 0x62, 
0x00, 0x62, 0x00, 0x62, 0x00, 0x62, 0x00, 0x62, 0x00, 0x62, 0x00, 0x62, 0x00, 0x82, 0x00, 0x83, 
0x00, 0xa3, 0x00, 0xc4, 0x00, 0x04, 0x00, 0x25, 0x00, 0x25, 0x00, 0x04, 0x00, 0xc3, 0x00, 0x04, 
0x00, 0x82, 0x00, 0x00, 0x00, 0x00, 0x00, 0x00, 0x00, 0x00, 0x00, 0x00, 0x00, 0x00, 0x00, 0x00, 
0x00, 0x00, 0x00, 0x00, 0x00, 0x00, 0x00, 0x00, 0x00, 0x00, 0x00, 0x00, 0x00, 0x00, 0x00, 0x00, 
0x00, 0x00, 0x00, 0x00, 0x00, 0x00, 0x00, 0x00, 0x00, 0x00, 0x00, 0x00, 0x00, 0x00, 0x00, 0x00, 
0x00, 0x00, 0x00, 0x00, 0x00, 0x00, 0x00, 0x00, 0x00, 0x00, 0x00, 0x00, 0x00, 0x00, 0x00, 0x00, 
0x00, 0x00, 0x00, 0x00, 0x00, 0x00, 0x00, 0x00, 0x00, 0x00, 0x00, 0x00, 0x00, 0x00, 0x00, 0x00, 
0x00, 0x00, 0x00, 0x00, 0x00, 0x00, 0x00, 0x00, 0x00, 0x00, 0x00, 0x00, 0x00, 0x00, 0x00, 0x00, 
0x00, 0x00, 0x00, 0xa3, 0x00, 0x82, 0x00, 0x62, 0x00, 0x62, 0x00, 0x62, 0x00, 0x62, 0x00, 0x62, 
0x00, 0x62, 0x00, 0x62, 0x00, 0x41, 0x00, 0x41, 0x00, 0x41, 0x00, 0x41, 0x00, 0x21, 0x00, 0x21, 
0x00, 0x21, 0x00, 0x21, 0x00, 0x21, 0x00, 0x21, 0x00, 0x21, 0x00, 0x21, 0x00, 0x21, 0x00, 0x21, 
0x00, 0x21, 0x00, 0x21, 0x00, 0x21, 0x00, 0x21, 0x00, 0x21, 0x00, 0x21, 0x00, 0x21, 0x00, 0x21, 
0x00, 0x21, 0x00, 0x21, 0x00, 0x21, 0x00, 0x21, 0x00, 0x21, 0x00, 0x21, 0x00, 0x21, 0x00, 0x21, 
0x00, 0x21, 0x00, 0x21, 0x00, 0x21, 0x00, 0x21, 0x00, 0x21, 0x00, 0x21, 0x00, 0x21, 0x00, 0x21, 
0x00, 0x21, 0x00, 0x21, 0x00, 0x21, 0x00, 0x21, 0x00, 0x21, 0x00, 0x21, 0x00, 0x21, 0x00, 0x21, 
0x00, 0x21, 0x00, 0x21, 0x00, 0x21, 0x00, 0x21, 0x00, 0x21, 0x00, 0x21, 0x00, 0x21, 0x00, 0x21, 
0x00, 0x21, 0x00, 0x21, 0x00, 0x21, 0x00, 0x21, 0x00, 0x41, 0x00, 0x41, 0x00, 0x41, 0x00, 0x41, 
0x00, 0x41, 0x00, 0x41, 0x00, 0x41, 0x00, 0x41, 0x00, 0x41, 0x00, 0x41, 0x00, 0x41, 0x00, 0x41, 
0x00, 0x41, 0x00, 0x41, 0x00, 0x41, 0x00, 0x41, 0x00, 0x41, 0x00, 0x41, 0x00, 0x41, 0x00, 0x41, 
0x00, 0x41, 0x00, 0x41, 0x00, 0x41, 0x00, 0x41, 0x00, 0x41, 0x00, 0x62, 0x00, 0x62, 0x00, 0x62, 
0x00, 0x62, 0x00, 0x62, 0x00, 0x62, 0x00, 0x62, 0x00, 0x62, 0x00, 0x82, 0x00, 0xa3, 0x00, 0xc3, 
0x00, 0xe4, 0x00, 0x04, 0x00, 0x25, 0x00, 0x25, 0x00, 0x04, 0x00, 0xc3, 0x00, 0x24, 0x00, 0x00, 
0x00, 0x00, 0x00, 0x00, 0x00, 0x00, 0x00, 0x00, 0x00, 0x00, 0x00, 0x00, 0x00, 0x00, 0x00, 0x00, 
0x00, 0x00, 0x00, 0x00, 0x00, 0x00, 0x00, 0x00, 0x00, 0x00, 0x00, 0x00, 0x00, 0x00, 0x00, 0x00, 
0x00, 0x00, 0x00, 0x00, 0x00, 0x00, 0x00, 0x00, 0x00, 0x00, 0x00, 0x00, 0x00, 0x00, 0x00, 0x00, 
0x00, 0x00, 0x00, 0x00, 0x00, 0x00, 0x00, 0x00, 0x00, 0x00, 0x00, 0x00, 0x00, 0x00, 0x00, 0x00, 
0x00, 0x00, 0x00, 0x00, 0x00, 0x00, 0x00, 0x00, 0x00, 0x00, 0x00, 0x00, 0x00, 0x00, 0x00, 0x00, 
0x00, 0x00, 0x00, 0x00, 0x00, 0x00, 0x00, 0x00, 0x00, 0x00, 0x00, 0x00, 0x00, 0x00, 0x00, 0x00, 
0x00, 0x00, 0x00, 0x00, 0x00, 0x24, 0x00, 0xa3, 0x00, 0x41, 0x00, 0x41, 0x00, 0x41, 0x00, 0x41, 
0x00, 0x41, 0x00, 0x41, 0x00, 0x41, 0x00, 0x41, 0x00, 0x41, 0x00, 0x41, 0x00, 0x41, 0x00, 0x41, 
0x00, 0x21, 0x00, 0x21, 0x00, 0x21, 0x00, 0x21, 0x00, 0x21, 0x00, 0x21, 0x00, 0x21, 0x00, 0x21, 
0x00, 0x21, 0x00, 0x21, 0x00, 0x21, 0x00, 0x21, 0x00, 0x21, 0x00, 0x21, 0x00, 0x21, 0x00, 0x21, 
0x00, 0x21, 0x00, 0x21, 0x00, 0x21, 0x00, 0x21, 0x00, 0x21, 0x00, 0x21, 0x00, 0x21, 0x00, 0x21, 
0x00, 0x21, 0x00, 0x21, 0x00, 0x21, 0x00, 0x21, 0x00, 0x21, 0x00, 0x21, 0x00, 0x21, 0x00, 0x21, 
0x00, 0x21, 0x00, 0x21, 0x00, 0x21, 0x00, 0x21, 0x00, 0x21, 0x00, 0x21, 0x00, 0x21, 0x00, 0x21, 
0x00, 0x21, 0x00, 0x21, 0x00, 0x21, 0x00, 0x21, 0x00, 0x21, 0x00, 0x21, 0x00, 0x21, 0x00, 0x21, 
0x00, 0x21, 0x00, 0x21, 0x00, 0x41, 0x00, 0x41, 0x00, 0x41, 0x00, 0x41, 0x00, 0x41, 0x00, 0x41, 
0x00, 0x41, 0x00, 0x41, 0x00, 0x41, 0x00, 0x41, 0x00, 0x41, 0x00, 0x41, 0x00, 0x41, 0x00, 0x41, 
0x00, 0x41, 0x00, 0x41, 0x00, 0x41, 0x00, 0x41, 0x00, 0x41, 0x00, 0x41, 0x00, 0x41, 0x00, 0x41, 
0x00, 0x41, 0x00, 0x41, 0x00, 0x41, 0x00, 0x41, 0x00, 0x62, 0x00, 0x62, 0x00, 0x62, 0x00, 0x62, 
0x00, 0x62, 0x00, 0x62, 0x00, 0x62, 0x00, 0x82, 0x00, 0x82, 0x00, 0xa3, 0x00, 0xc3, 0x00, 0xe4, 
0x00, 0x05, 0x00, 0x25, 0x00, 0x04, 0x00, 0xe4, 0x00, 0xe3, 0x00, 0x24, 0x00, 0x00, 0x00, 0x00, 
0x00, 0x00, 0x00, 0x00, 0x00, 0x00, 0x00, 0x00, 0x00, 0x00, 0x00, 0x00, 0x00, 0x00, 0x00, 0x00, 
0x00, 0x00, 0x00, 0x00, 0x00, 0x00, 0x00, 0x00, 0x00, 0x00, 0x00, 0x00, 0x00, 0x00, 0x00, 0x00, 
0x00, 0x00, 0x00, 0x00, 0x00, 0x00, 0x00, 0x00, 0x00, 0x00, 0x00, 0x00, 0x00, 0x00, 0x00, 0x00, 
0x00, 0x00, 0x00, 0x00, 0x00, 0x00, 0x00, 0x00, 0x00, 0x00, 0x00, 0x00, 0x00, 0x00, 0x00, 0x00, 
0x00, 0x00, 0x00, 0x00, 0x00, 0x00, 0x00, 0x00, 0x00, 0x00, 0x00, 0x00, 0x00, 0x00, 0x00, 0x00, 
0x00, 0x00, 0x00, 0x00, 0x00, 0x00, 0x00, 0x00, 0x00, 0x00, 0x00, 0x00, 0x00, 0x00, 0x00, 0x00, 
0x00, 0x00, 0x00, 0x00, 0x00, 0x00, 0x00, 0xc3, 0x00, 0x04, 0x00, 0x41, 0x00, 0x41, 0x00, 0x41, 
0x00, 0x41, 0x00, 0x41, 0x00, 0x41, 0x00, 0x41, 0x00, 0x41, 0x00, 0x41, 0x00, 0x41, 0x00, 0x41, 
0x00, 0x41, 0x00, 0x21, 0x00, 0x21, 0x00, 0x21, 0x00, 0x21, 0x00, 0x21, 0x00, 0x21, 0x00, 0x21, 
0x00, 0x21, 0x00, 0x21, 0x00, 0x21, 0x00, 0x21, 0x00, 0x21, 0x00, 0x21, 0x00, 0x21, 0x00, 0x21, 
0x00, 0x21, 0x00, 0x21, 0x00, 0x21, 0x00, 0x21, 0x00, 0x21, 0x00, 0x21, 0x00, 0x21, 0x00, 0x21, 
0x00, 0x21, 0x00, 0x21, 0x00, 0x21, 0x00, 0x21, 0x00, 0x21, 0x00, 0x21, 0x00, 0x21, 0x00, 0x21, 
0x00, 0x21, 0x00, 0x21, 0x00, 0x21, 0x00, 0x21, 0x00, 0x21, 0x00, 0x21, 0x00, 0x21, 0x00, 0x21, 
0x00, 0x21, 0x00, 0x21, 0x00, 0x21, 0x00, 0x21, 0x00, 0x21, 0x00, 0x21, 0x00, 0x21, 0x00, 0x21, 
0x00, 0x21, 0x00, 0x21, 0x00, 0x21, 0x00, 0x41, 0x00, 0x21, 0x00, 0x41, 0x00, 0x41, 0x00, 0x41, 
0x00, 0x41, 0x00, 0x41, 0x00, 0x41, 0x00, 0x41, 0x00, 0x41, 0x00, 0x41, 0x00, 0x41, 0x00, 0x41, 
0x00, 0x41, 0x00, 0x41, 0x00, 0x41, 0x00, 0x41, 0x00, 0x41, 0x00, 0x41, 0x00, 0x41, 0x00, 0x41, 
0x00, 0x41, 0x00, 0x41, 0x00, 0x62, 0x00, 0x41, 0x00, 0x62, 0x00, 0x62, 0x00, 0x41, 0x00, 0x62, 
0x00, 0x62, 0x00, 0x62, 0x00, 0x62, 0x00, 0x82, 0x00, 0xa3, 0x00, 0xe4, 0x00, 0xe4, 0x00, 0x04, 
0x00, 0x04, 0x00, 0xe4, 0x00, 0xe4, 0x00, 0x04, 0x00, 0x00, 0x00, 0x00, 0x00, 0x00, 0x00, 0x00, 
0x00, 0x00, 0x00, 0x00, 0x00, 0x00, 0x00, 0x00, 0x00, 0x00, 0x00, 0x00, 0x00, 0x00, 0x00, 0x00, 
0x00, 0x00, 0x00, 0x00, 0x00, 0x00, 0x00, 0x00, 0x00, 0x00, 0x00, 0x00, 0x00, 0x00, 0x00, 0x00, 
0x00, 0x00, 0x00, 0x00, 0x00, 0x00, 0x00, 0x00, 0x00, 0x00, 0x00, 0x00, 0x00, 0x00, 0x00, 0x00, 
0x00, 0x00, 0x00, 0x00, 0x00, 0x00, 0x00, 0x00, 0x00, 0x00, 0x00, 0x00, 0x00, 0x00, 0x00, 0x00, 
0x00, 0x00, 0x00, 0x00, 0x00, 0x00, 0x00, 0x00, 0x00, 0x00, 0x00, 0x00, 0x00, 0x00, 0x00, 0x00, 
0x00, 0x00, 0x00, 0x00, 0x00, 0x00, 0x00, 0x00, 0x00, 0x00, 0x00, 0x00, 0x00, 0x00, 0x00, 0x00, 
0x00, 0x00, 0x00, 0x00, 0x00, 0x00, 0x00, 0x00, 0x00, 0x24, 0x00, 0x24, 0x00, 0xe3, 0x00, 0x41, 
0x00, 0x41, 0x00, 0x41, 0x00, 0x41, 0x00, 0x41, 0x00, 0x41, 0x00, 0x41, 0x00, 0x41, 0x00, 0x41, 
0x00, 0x41, 0x00, 0x41, 0x00, 0x41, 0x00, 0x21, 0x00, 0x21, 0x00, 0x21, 0x00, 0x21, 0x00, 0x21, 
0x00, 0x21, 0x00, 0x21, 0x00, 0x21, 0x00, 0x21, 0x00, 0x21, 0x00, 0x21, 0x00, 0x21, 0x00, 0x21, 
0x00, 0x21, 0x00, 0x21, 0x00, 0x21, 0x00, 0x21, 0x00, 0x21, 0x00, 0x21, 0x00, 0x21, 0x00, 0x21, 
0x00, 0x21, 0x00, 0x21, 0x00, 0x21, 0x00, 0x21, 0x00, 0x21, 0x00, 0x21, 0x00, 0x21, 0x00, 0x21, 
0x00, 0x21, 0x00, 0x21, 0x00, 0x21, 0x00, 0x21, 0x00, 0x21, 0x00, 0x21, 0x00, 0x21, 0x00, 0x21, 
0x00, 0x21, 0x00, 0x21, 0x00, 0x21, 0x00, 0x21, 0x00, 0x21, 0x00, 0x21, 0x00, 0x21, 0x00, 0x21, 
0x00, 0x41, 0x00, 0x41, 0x00, 0x41, 0x00, 0x41, 0x00, 0x41, 0x00, 0x41, 0x00, 0x41, 0x00, 0x41, 
0x00, 0x41, 0x00, 0x41, 0x00, 0x41, 0x00, 0x41, 0x00, 0x41, 0x00, 0x41, 0x00, 0x41, 0x00, 0x41, 
0x00, 0x41, 0x00, 0x41, 0x00, 0x41, 0x00, 0x41, 0x00, 0x41, 0x00, 0x41, 0x00, 0x41, 0x00, 0x41, 
0x00, 0x41, 0x00, 0x41, 0x00, 0x41, 0x00, 0x41, 0x00, 0x41, 0x00, 0x62, 0x00, 0x62, 0x00, 0x41, 
0x00, 0x62, 0x00, 0x62, 0x00, 0x82, 0x00, 0xa3, 0x00, 0xc3, 0x00, 0xe4, 0x00, 0xe4, 0x00, 0xe4, 
0x00, 0xe4, 0x00, 0xe3, 0x00, 0x24, 0x00, 0x00, 0x00, 0x00, 0x00, 0x00, 0x00, 0x00, 0x00, 0x00, 
0x00, 0x00, 0x00, 0x00, 0x00, 0x00, 0x00, 0x00, 0x00, 0x00, 0x00, 0x00, 0x00, 0x00, 0x00, 0x00, 
0x00, 0x00, 0x00, 0x00, 0x00, 0x00, 0x00, 0x00, 0x00, 0x00, 0x00, 0x00, 0x00, 0x00, 0x00, 0x00, 
0x00, 0x00, 0x00, 0x00, 0x00, 0x00, 0x00, 0x00, 0x00, 0x00, 0x00, 0x00, 0x00, 0x00, 0x00, 0x00, 
0x00, 0x00, 0x00, 0x00, 0x00, 0x00, 0x00, 0x00, 0x00, 0x00, 0x00, 0x00, 0x00, 0x00, 0x00, 0x00, 
0x00, 0x00, 0x00, 0x00, 0x00, 0x00, 0x00, 0x00, 0x00, 0x00, 0x00, 0x00, 0x00, 0x00, 0x00, 0x00, 
0x00, 0x00, 0x00, 0x00, 0x00, 0x00, 0x00, 0x00, 0x00, 0x00, 0x00, 0x00, 0x00, 0x00, 0x00, 0x00, 
0x00, 0x00, 0x00, 0x00, 0x00, 0x00, 0x00, 0x00, 0x00, 0x00, 0x00, 0x00, 0x00, 0x00, 0x00, 0x44, 
0x00, 0x61, 0x00, 0x21, 0x00, 0x21, 0x00, 0x41, 0x00, 0x41, 0x00, 0x41, 0x00, 0x41, 0x00, 0x41, 
0x00, 0x41, 0x00, 0x41, 0x00, 0x41, 0x00, 0x41, 0x00, 0x41, 0x00, 0x21, 0x00, 0x21, 0x00, 0x21, 
0x00, 0x21, 0x00, 0x21, 0x00, 0x21, 0x00, 0x21, 0x00, 0x21, 0x00, 0x21, 0x00, 0x21, 0x00, 0x21, 
0x00, 0x21, 0x00, 0x21, 0x00, 0x21, 0x00, 0x21, 0x00, 0x21, 0x00, 0x21, 0x00, 0x21, 0x00, 0x21, 
0x00, 0x21, 0x00, 0x21, 0x00, 0x21, 0x00, 0x21, 0x00, 0x21, 0x00, 0x21, 0x00, 0x21, 0x00, 0x21, 
0x00, 0x21, 0x00, 0x21, 0x00, 0x21, 0x00, 0x21, 0x00, 0x21, 0x00, 0x21, 0x00, 0x21, 0x00, 0x21, 
0x00, 0x21, 0x00, 0x21, 0x00, 0x21, 0x00, 0x21, 0x00, 0x21, 0x00, 0x21, 0x00, 0x21, 0x00, 0x21, 
0x00, 0x21, 0x00, 0x41, 0x00, 0x41, 0x00, 0x41, 0x00, 0x41, 0x00, 0x41, 0x00, 0x41, 0x00, 0x41, 
0x00, 0x41, 0x00, 0x41, 0x00, 0x41, 0x00, 0x41, 0x00, 0x41, 0x00, 0x41, 0x00, 0x41, 0x00, 0x41, 
0x00, 0x41, 0x00, 0x41, 0x00, 0x41, 0x00, 0x41, 0x00, 0x41, 0x00, 0x41, 0x00, 0x41, 0x00, 0x41, 
0x00, 0x41, 0x00, 0x41, 0x00, 0x41, 0x00, 0x41, 0x00, 0x41, 0x00, 0x41, 0x00, 0x41, 0x00, 0x41, 
0x00, 0x62, 0x00, 0x82, 0x00, 0xa3, 0x00, 0xa3, 0x00, 0xc3, 0x00, 0xe4, 0x00, 0xe4, 0x00, 0xe4, 
0x00, 0x44, 0x00, 0x00, 0x00, 0x00, 0x00, 0x00, 0x00, 0x00, 0x00, 0x00, 0x00, 0x00, 0x00, 0x00, 
0x00, 0x00, 0x00, 0x00, 0x00, 0x00, 0x00, 0x00, 0x00, 0x00, 0x00, 0x00, 0x00, 0x00, 0x00, 0x00, 
0x00, 0x00, 0x00, 0x00, 0x00, 0x00, 0x00, 0x00, 0x00, 0x00, 0x00, 0x00, 0x00, 0x00, 0x00, 0x00, 
0x00, 0x00, 0x00, 0x00, 0x00, 0x00, 0x00, 0x00, 0x00, 0x00, 0x00, 0x00, 0x00, 0x00, 0x00, 0x00, 
0x00, 0x00, 0x00, 0x00, 0x00, 0x00, 0x00, 0x00, 0x00, 0x00, 0x00, 0x00, 0x00, 0x00, 0x00, 0x00, 
0x00, 0x00, 0x00, 0x00, 0x00, 0x00, 0x00, 0x00, 0x00, 0x00, 0x00, 0x00, 0x00, 0x00, 0x00, 0x00, 
0x00, 0x00, 0x00, 0x00, 0x00, 0x00, 0x00, 0x00, 0x00, 0x00, 0x00, 0x00, 0x00, 0x00, 0x00, 0x00, 
0x00, 0x00, 0x00, 0x00, 0x00, 0x00, 0x00, 0x00, 0x00, 0x00, 0x00, 0x00, 0x00, 0x00, 0x00, 0x00, 
0x00, 0xc3, 0x00, 0x24, 0x00, 0x41, 0x00, 0x41, 0x00, 0x21, 0x00, 0x41, 0x00, 0x41, 0x00, 0x41, 
0x00, 0x41, 0x00, 0x41, 0x00, 0x41, 0x00, 0x41, 0x00, 0x41, 0x00, 0x41, 0x00, 0x41, 0x00, 0x21, 
0x00, 0x21, 0x00, 0x21, 0x00, 0x21, 0x00, 0x21, 0x00, 0x21, 0x00, 0x21, 0x00, 0x21, 0x00, 0x21, 
0x00, 0x21, 0x00, 0x21, 0x00, 0x21, 0x00, 0x21, 0x00, 0x21, 0x00, 0x21, 0x00, 0x21, 0x00, 0x21, 
0x00, 0x21, 0x00, 0x21, 0x00, 0x21, 0x00, 0x21, 0x00, 0x21, 0x00, 0x21, 0x00, 0x21, 0x00, 0x21, 
0x00, 0x21, 0x00, 0x21, 0x00, 0x21, 0x00, 0x21, 0x00, 0x21, 0x00, 0x21, 0x00, 0x21, 0x00, 0x21, 
0x00, 0x21, 0x00, 0x21, 0x00, 0x21, 0x00, 0x21, 0x00, 0x21, 0x00, 0x21, 0x00, 0x21, 0x00, 0x21, 
0x00, 0x41, 0x00, 0x41, 0x00, 0x41, 0x00, 0x41, 0x00, 0x41, 0x00, 0x41, 0x00, 0x41, 0x00, 0x41, 
0x00, 0x41, 0x00, 0x41, 0x00, 0x41, 0x00, 0x41, 0x00, 0x41, 0x00, 0x41, 0x00, 0x41, 0x00, 0x41, 
0x00, 0x41, 0x00, 0x41, 0x00, 0x41, 0x00, 0x41, 0x00, 0x41, 0x00, 0x41, 0x00, 0x41, 0x00, 0x41, 
0x00, 0x41, 0x00, 0x41, 0x00, 0x41, 0x00, 0x41, 0x00, 0x41, 0x00, 0x62, 0x00, 0x62, 0x00, 0x62, 
0x00, 0x62, 0x00, 0x82, 0x00, 0xa3, 0x00, 0xa3, 0x00, 0xe4, 0x00, 0xe4, 0x00, 0x24, 0x00, 0xe3, 
0x00, 0x00, 0x00, 0x00, 0x00, 0x00, 0x00, 0x00, 0x00, 0x00, 0x00, 0x00, 0x00, 0x00, 0x00, 0x00, 
0x00, 0x00, 0x00, 0x00, 0x00, 0x00, 0x00, 0x00, 0x00, 0x00, 0x00, 0x00, 0x00, 0x00, 0x00, 0x00, 
0x00, 0x00, 0x00, 0x00, 0x00, 0x00, 0x00, 0x00, 0x00, 0x00, 0x00, 0x00, 0x00, 0x00, 0x00, 0x00, 
0x00, 0x00, 0x00, 0x00, 0x00, 0x00, 0x00, 0x00, 0x00, 0x00, 0x00, 0x00, 0x00, 0x00, 0x00, 0x00, 
0x00, 0x00, 0x00, 0x00, 0x00, 0x00, 0x00, 0x00, 0x00, 0x00, 0x00, 0x00, 0x00, 0x00, 0x00, 0x00, 
0x00, 0x00, 0x00, 0x00, 0x00, 0x00, 0x00, 0x00, 0x00, 0x00, 0x00, 0x00, 0x00, 0x00, 0x00, 0x00, 
0x00, 0x00, 0x00, 0x00, 0x00, 0x00, 0x00, 0x00, 0x00, 0x00, 0x00, 0x00, 0x00, 0x00, 0x00, 0x00, 
0x00, 0x00, 0x00, 0x00, 0x00, 0x00, 0x00, 0x00, 0x00, 0x00, 0x00, 0x00, 0x00, 0x00, 0x00, 0x00, 
0x00, 0x00, 0x00, 0x00, 0x00, 0x00, 0x00, 0x04, 0x00, 0x21, 0x00, 0x21, 0x00, 0x21, 0x00, 0x21, 
0x00, 0x41, 0x00, 0x41, 0x00, 0x41, 0x00, 0x41, 0x00, 0x41, 0x00, 0x41, 0x00, 0x41, 0x00, 0x41, 
0x00, 0x41, 0x00, 0x21, 0x00, 0x21, 0x00, 0x21, 0x00, 0x21, 0x00, 0x21, 0x00, 0x21, 0x00, 0x21, 
0x00, 0x21, 0x00, 0x21, 0x00, 0x21, 0x00, 0x21, 0x00, 0x21, 0x00, 0x21, 0x00, 0x21, 0x00, 0x21, 
0x00, 0x21, 0x00, 0x21, 0x00, 0x21, 0x00, 0x21, 0x00, 0x21, 0x00, 0x21, 0x00, 0x21, 0x00, 0x21, 
0x00, 0x21, 0x00, 0x21, 0x00, 0x21, 0x00, 0x21, 0x00, 0x21, 0x00, 0x21, 0x00, 0x21, 0x00, 0x21, 
0x00, 0x21, 0x00, 0x21, 0x00, 0x21, 0x00, 0x21, 0x00, 0x41, 0x00, 0x21, 0x00, 0x21, 0x00, 0x41, 
0x00, 0x41, 0x00, 0x41, 0x00, 0x41, 0x00, 0x41, 0x00, 0x41, 0x00, 0x41, 0x00, 0x41, 0x00, 0x41, 
0x00, 0x41, 0x00, 0x41, 0x00, 0x41, 0x00, 0x41, 0x00, 0x41, 0x00, 0x41, 0x00, 0x41, 0x00, 0x41, 
0x00, 0x41, 0x00, 0x41, 0x00, 0x41, 0x00, 0x41, 0x00, 0x41, 0x00, 0x41, 0x00, 0x41, 0x00, 0x41, 
0x00, 0x41, 0x00, 0x41, 0x00, 0x41, 0x00, 0x41, 0x00, 0x41, 0x00, 0x62, 0x00, 0x62, 0x00, 0x82, 
0x00, 0x82, 0x00, 0xa3, 0x00, 0xe4, 0x00, 0xe4, 0x00, 0x24, 0x00, 0x00, 0x00, 0x00, 0x00, 0x00, 
0x00, 0x00, 0x00, 0x00, 0x00, 0x00, 0x00, 0x00, 0x00, 0x00, 0x00, 0x00, 0x00, 0x00, 0x00, 0x00, 
0x00, 0x00, 0x00, 0x00, 0x00, 0x00, 0x00, 0x00, 0x00, 0x00, 0x00, 0x00, 0x00, 0x00, 0x00, 0x00, 
0x00, 0x00, 0x00, 0x00, 0x00, 0x00, 0x00, 0x00, 0x00, 0x00, 0x00, 0x00, 0x00, 0x00, 0x00, 0x00, 
0x00, 0x00, 0x00, 0x00, 0x00, 0x00, 0x00, 0x00, 0x00, 0x00, 0x00, 0x00, 0x00, 0x00, 0x00, 0x00, 
0x00, 0x00, 0x00, 0x00, 0x00, 0x00, 0x00, 0x00, 0x00, 0x00, 0x00, 0x00, 0x00, 0x00, 0x00, 0x00, 
0x00, 0x00, 0x00, 0x00, 0x00, 0x00, 0x00, 0x00, 0x00, 0x00, 0x00, 0x00, 0x00, 0x00, 0x00, 0x00, 
0x00, 0x00, 0x00, 0x00, 0x00, 0x00, 0x00, 0x00, 0x00, 0x00, 0x00, 0x00, 0x00, 0x00, 0x00, 0x00, 
0x00, 0x00, 0x00, 0x00, 0x00, 0x00, 0x00, 0x00, 0x00, 0x00, 0x00, 0x00, 0x00, 0x00, 0x00, 0x00, 
0x00, 0x00, 0x00, 0x00, 0x00, 0x00, 0x00, 0x00, 0x00, 0xa2, 0x00, 0x04, 0x00, 0x41, 0x00, 0x21, 
0x00, 0x21, 0x00, 0x21, 0x00, 0x21, 0x00, 0x41, 0x00, 0x41, 0x00, 0x21, 0x00, 0x41, 0x00, 0x41, 
0x00, 0x41, 0x00, 0x41, 0x00, 0x21, 0x00, 0x21, 0x00, 0x21, 0x00, 0x21, 0x00, 0x21, 0x00, 0x21, 
0x00, 0x21, 0x00, 0x21, 0x00, 0x21, 0x00, 0x21, 0x00, 0x21, 0x00, 0x21, 0x00, 0x21, 0x00, 0x21, 
0x00, 0x21, 0x00, 0x21, 0x00, 0x21, 0x00, 0x21, 0x00, 0x21, 0x00, 0x21, 0x00, 0x21, 0x00, 0x21, 
0x00, 0x21, 0x00, 0x21, 0x00, 0x21, 0x00, 0x21, 0x00, 0x21, 0x00, 0x21, 0x00, 0x21, 0x00, 0x21, 
0x00, 0x21, 0x00, 0x41, 0x00, 0x41, 0x00, 0x41, 0x00, 0x41, 0x00, 0x41, 0x00, 0x41, 0x00, 0x41, 
0x00, 0x41, 0x00, 0x41, 0x00, 0x41, 0x00, 0x41, 0x00, 0x41, 0x00, 0x41, 0x00, 0x41, 0x00, 0x41, 
0x00, 0x41, 0x00, 0x41, 0x00, 0x41, 0x00, 0x41, 0x00, 0x41, 0x00, 0x41, 0x00, 0x41, 0x00, 0x41, 
0x00, 0x41, 0x00, 0x41, 0x00, 0x41, 0x00, 0x41, 0x00, 0x41, 0x00, 0x41, 0x00, 0x41, 0x00, 0x41, 
0x00, 0x41, 0x00, 0x41, 0x00, 0x62, 0x00, 0x62, 0x00, 0x62, 0x00, 0x82, 0x00, 0xa3, 0x00, 0xa3, 
0x00, 0xe4, 0x00, 0x04, 0x00, 0x66, 0x00, 0x82, 0x00, 0x00, 0x00, 0x00, 0x00, 0x00, 0x00, 0x00, 
0x00, 0x00, 0x00, 0x00, 0x00, 0x00, 0x00, 0x00, 0x00, 0x00, 0x00, 0x00, 0x00, 0x00, 0x00, 0x00, 
0x00, 0x00, 0x00, 0x00, 0x00, 0x00, 0x00, 0x00, 0x00, 0x00, 0x00, 0x00, 0x00, 0x00, 0x00, 0x00, 
0x00, 0x00, 0x00, 0x00, 0x00, 0x00, 0x00, 0x00, 0x00, 0x00, 0x00, 0x00, 0x00, 0x00, 0x00, 0x00, 
0x00, 0x00, 0x00, 0x00, 0x00, 0x00, 0x00, 0x00, 0x00, 0x00, 0x00, 0x00, 0x00, 0x00, 0x00, 0x00, 
0x00, 0x00, 0x00, 0x00, 0x00, 0x00, 0x00, 0x00, 0x00, 0x00, 0x00, 0x00, 0x00, 0x00, 0x00, 0x00, 
0x00, 0x00, 0x00, 0x00, 0x00, 0x00, 0x00, 0x00, 0x00, 0x00, 0x00, 0x00, 0x00, 0x00, 0x00, 0x00, 
0x00, 0x00, 0x00, 0x00, 0x00, 0x00, 0x00, 0x00, 0x00, 0x00, 0x00, 0x00, 0x00, 0x00, 0x00, 0x00, 
0x00, 0x00, 0x00, 0x00, 0x00, 0x00, 0x00, 0x00, 0x00, 0x00, 0x00, 0x00, 0x00, 0x00, 0x00, 0x00, 
0x00, 0x00, 0x00, 0x00, 0x00, 0x00, 0x00, 0x00, 0x00, 0x00, 0x00, 0x20, 0x00, 0x41, 0x00, 0x45, 
0x00, 0x41, 0x00, 0x21, 0x00, 0x21, 0x00, 0x21, 0x00, 0x21, 0x00, 0x21, 0x00, 0x41, 0x00, 0x21, 
0x00, 0x41, 0x00, 0x41, 0x00, 0x41, 0x00, 0x41, 0x00, 0x41, 0x00, 0x41, 0x00, 0x21, 0x00, 0x21, 
0x00, 0x21, 0x00, 0x21, 0x00, 0x21, 0x00, 0x21, 0x00, 0x21, 0x00, 0x21, 0x00, 0x21, 0x00, 0x21, 
0x00, 0x21, 0x00, 0x21, 0x00, 0x21, 0x00, 0x21, 0x00, 0x21, 0x00, 0x21, 0x00, 0x21, 0x00, 0x21, 
0x00, 0x21, 0x00, 0x21, 0x00, 0x21, 0x00, 0x21, 0x00, 0x21, 0x00, 0x21, 0x00, 0x21, 0x00, 0x21, 
0x00, 0x21, 0x00, 0x21, 0x00, 0x21, 0x00, 0x41, 0x00, 0x41, 0x00, 0x41, 0x00, 0x41, 0x00, 0x41, 
0x00, 0x41, 0x00, 0x41, 0x00, 0x41, 0x00, 0x41, 0x00, 0x41, 0x00, 0x41, 0x00, 0x41, 0x00, 0x41, 
0x00, 0x41, 0x00, 0x41, 0x00, 0x41, 0x00, 0x41, 0x00, 0x41, 0x00, 0x41, 0x00, 0x41, 0x00, 0x41, 
0x00, 0x41, 0x00, 0x41, 0x00, 0x41, 0x00, 0x41, 0x00, 0x41, 0x00, 0x41, 0x00, 0x41, 0x00, 0x61, 
0x00, 0x62, 0x00, 0x61, 0x00, 0x62, 0x00, 0x82, 0x00, 0xa3, 0x00, 0xc3, 0x00, 0xe4, 0x00, 0x04, 
0x00, 0x65, 0x00, 0x41, 0x00, 0x00, 0x00, 0x00, 0x00, 0x00, 0x00, 0x00, 0x00, 0x00, 0x00, 0x00, 
0x00, 0x00, 0x00, 0x00, 0x00, 0x00, 0x00, 0x00, 0x00, 0x00, 0x00, 0x00, 0x00, 0x00, 0x00, 0x00, 
0x00, 0x00, 0x00, 0x00, 0x00, 0x00, 0x00, 0x00, 0x00, 0x00, 0x00, 0x00, 0x00, 0x00, 0x00, 0x00, 
0x00, 0x00, 0x00, 0x00, 0x00, 0x00, 0x00, 0x00, 0x00, 0x00, 0x00, 0x00, 0x00, 0x00, 0x00, 0x00, 
0x00, 0x00, 0x00, 0x00, 0x00, 0x00, 0x00, 0x00, 0x00, 0x00, 0x00, 0x00, 0x00, 0x00, 0x00, 0x00, 
0x00, 0x00, 0x00, 0x00, 0x00, 0x00, 0x00, 0x00, 0x00, 0x00, 0x00, 0x00, 0x00, 0x00, 0x00, 0x00, 
0x00, 0x00, 0x00, 0x00, 0x00, 0x00, 0x00, 0x00, 0x00, 0x00, 0x00, 0x00, 0x00, 0x00, 0x00, 0x00, 
0x00, 0x00, 0x00, 0x00, 0x00, 0x00, 0x00, 0x00, 0x00, 0x00, 0x00, 0x00, 0x00, 0x00, 0x00, 0x00, 
0x00, 0x00, 0x00, 0x00, 0x00, 0x00, 0x00, 0x00, 0x00, 0x00, 0x00, 0x00, 0x00, 0x00, 0x00, 0x00, 
0x00, 0x00, 0x00, 0x00, 0x00, 0x00, 0x00, 0x00, 0x00, 0x00, 0x00, 0x00, 0x00, 0x00, 0x00, 0x00, 
0x00, 0x61, 0x00, 0x45, 0x00, 0x82, 0x00, 0x21, 0x00, 0x21, 0x00, 0x21, 0x00, 0x21, 0x00, 0x21, 
0x00, 0x41, 0x00, 0x21, 0x00, 0x21, 0x00, 0x41, 0x00, 0x41, 0x00, 0x41, 0x00, 0x41, 0x00, 0x41, 
0x00, 0x41, 0x00, 0x21, 0x00, 0x21, 0x00, 0x21, 0x00, 0x21, 0x00, 0x21, 0x00, 0x21, 0x00, 0x21, 
0x00, 0x21, 0x00, 0x21, 0x00, 0x21, 0x00, 0x21, 0x00, 0x21, 0x00, 0x21, 0x00, 0x21, 0x00, 0x21, 
0x00, 0x21, 0x00, 0x21, 0x00, 0x21, 0x00, 0x21, 0x00, 0x21, 0x00, 0x21, 0x00, 0x21, 0x00, 0x41, 
0x00, 0x41, 0x00, 0x21, 0x00, 0x41, 0x00, 0x41, 0x00, 0x41, 0x00, 0x41, 0x00, 0x41, 0x00, 0x41, 
0x00, 0x41, 0x00, 0x41, 0x00, 0x41, 0x00, 0x41, 0x00, 0x41, 0x00, 0x41, 0x00, 0x41, 0x00, 0x41, 
0x00, 0x41, 0x00, 0x41, 0x00, 0x41, 0x00, 0x41, 0x00, 0x41, 0x00, 0x62, 0x00, 0x41, 0x00, 0x41, 
0x00, 0x41, 0x00, 0x62, 0x00, 0x41, 0x00, 0x41, 0x00, 0x41, 0x00, 0x62, 0x00, 0x62, 0x00, 0x62, 
0x00, 0x82, 0x00, 0x82, 0x00, 0xa3, 0x00, 0xc3, 0x00, 0xe4, 0x00, 0x45, 0x00, 0x45, 0x00, 0x61, 
0x00, 0x00, 0x00, 0x00, 0x00, 0x00, 0x00, 0x00, 0x00, 0x00, 0x00, 0x00, 0x00, 0x00, 0x00, 0x00, 
0x00, 0x00, 0x00, 0x00, 0x00, 0x00, 0x00, 0x00, 0x00, 0x00, 0x00, 0x00, 0x00, 0x00, 0x00, 0x00, 
0x00, 0x00, 0x00, 0x00, 0x00, 0x00, 0x00, 0x00, 0x00, 0x00, 0x00, 0x00, 0x00, 0x00, 0x00, 0x00, 
0x00, 0x00, 0x00, 0x00, 0x00, 0x00, 0x00, 0x00, 0x00, 0x00, 0x00, 0x00, 0x00, 0x00, 0x00, 0x00, 
0x00, 0x00, 0x00, 0x00, 0x00, 0x00, 0x00, 0x00, 0x00, 0x00, 0x00, 0x00, 0x00, 0x00, 0x00, 0x00, 
0x00, 0x00, 0x00, 0x00, 0x00, 0x00, 0x00, 0x00, 0x00, 0x00, 0x00, 0x00, 0x00, 0x00, 0x00, 0x00, 
0x00, 0x00, 0x00, 0x00, 0x00, 0x00, 0x00, 0x00, 0x00, 0x00, 0x00, 0x00, 0x00, 0x00, 0x00, 0x00, 
0x00, 0x00, 0x00, 0x00, 0x00, 0x00, 0x00, 0x00, 0x00, 0x00, 0x00, 0x00, 0x00, 0x00, 0x00, 0x00, 
0x00, 0x00, 0x00, 0x00, 0x00, 0x00, 0x00, 0x00, 0x00, 0x00, 0x00, 0x00, 0x00, 0x00, 0x00, 0x00, 
0x00, 0x00, 0x00, 0x00, 0x00, 0x00, 0x00, 0x00, 0x00, 0x00, 0x00, 0x00, 0x00, 0x00, 0x00, 0x00, 
0x00, 0x00, 0x00, 0x20, 0x00, 0x00, 0x00, 0x81, 0x00, 0xe3, 0x00, 0x61, 0x00, 0x21, 0x00, 0x21, 
0x00, 0x21, 0x00, 0x41, 0x00, 0x21, 0x00, 0x21, 0x00, 0x41, 0x00, 0x41, 0x00, 0x41, 0x00, 0x41, 
0x00, 0x41, 0x00, 0x41, 0x00, 0x41, 0x00, 0x41, 0x00, 0x41, 0x00, 0x41, 0x00, 0x21, 0x00, 0x41, 
0x00, 0x41, 0x00, 0x21, 0x00, 0x21, 0x00, 0x21, 0x00, 0x21, 0x00, 0x21, 0x00, 0x21, 0x00, 0x21, 
0x00, 0x21, 0x00, 0x41, 0x00, 0x21, 0x00, 0x21, 0x00, 0x41, 0x00, 0x41, 0x00, 0x41, 0x00, 0x41, 
0x00, 0x41, 0x00, 0x41, 0x00, 0x41, 0x00, 0x41, 0x00, 0x41, 0x00, 0x41, 0x00, 0x41, 0x00, 0x41, 
0x00, 0x41, 0x00, 0x41, 0x00, 0x41, 0x00, 0x41, 0x00, 0x41, 0x00, 0x41, 0x00, 0x41, 0x00, 0x41, 
0x00, 0x62, 0x00, 0x41, 0x00, 0x62, 0x00, 0x62, 0x00, 0x62, 0x00, 0x62, 0x00, 0x41, 0x00, 0x62, 
0x00, 0x62, 0x00, 0x62, 0x00, 0x62, 0x00, 0x62, 0x00, 0x82, 0x00, 0x82, 0x00, 0x83, 0x00, 0xa3, 
0x00, 0xc3, 0x00, 0xe4, 0x00, 0xe4, 0x00, 0x24, 0x00, 0x44, 0x00, 0x41, 0x00, 0x00, 0x00, 0x00, 
0x00, 0x00, 0x00, 0x00, 0x00, 0x00, 0x00, 0x00, 0x00, 0x00, 0x00, 0x00, 0x00, 0x00, 0x00, 0x00, 
0x00, 0x00, 0x00, 0x00, 0x00, 0x00, 0x00, 0x00, 0x00, 0x00, 0x00, 0x00, 0x00, 0x00, 0x00, 0x00, 
0x00, 0x00, 0x00, 0x00, 0x00, 0x00, 0x00, 0x00, 0x00, 0x00, 0x00, 0x00, 0x00, 0x00, 0x00, 0x00, 
0x00, 0x00, 0x00, 0x00, 0x00, 0x00, 0x00, 0x00, 0x00, 0x00, 0x00, 0x00, 0x00, 0x00, 0x00, 0x00, 
0x00, 0x00, 0x00, 0x00, 0x00, 0x00, 0x00, 0x00, 0x00, 0x00, 0x00, 0x00, 0x00, 0x00, 0x00, 0x00, 
0x00, 0x00, 0x00, 0x00, 0x00, 0x00, 0x00, 0x00, 0x00, 0x00, 0x00, 0x00, 0x00, 0x00, 0x00, 0x00, 
0x00, 0x00, 0x00, 0x00, 0x00, 0x00, 0x00, 0x00, 0x00, 0x00, 0x00, 0x00, 0x00, 0x00, 0x00, 0x00, 
0x00, 0x00, 0x00, 0x00, 0x00, 0x00, 0x00, 0x00, 0x00, 0x00, 0x00, 0x00, 0x00, 0x00, 0x00, 0x00, 
0x00, 0x00, 0x00, 0x00, 0x00, 0x00, 0x00, 0x00, 0x00, 0x00, 0x00, 0x00, 0x00, 0x00, 0x00, 0x00, 
0x00, 0x00, 0x00, 0x00, 0x00, 0x00, 0x00, 0x00, 0x00, 0x00, 0x00, 0x00, 0x00, 0x00, 0x00, 0x00, 
0x00, 0x00, 0x00, 0x00, 0x00, 0x00, 0x00, 0x00, 0x00, 0x00, 0x00, 0x00, 0x00, 0xa2, 0x00, 0xe4, 
0x00, 0x82, 0x00, 0x62, 0x00, 0x41, 0x00, 0x41, 0x00, 0x41, 0x00, 0x41, 0x00, 0x41, 0x00, 0x41, 
0x00, 0x41, 0x00, 0x41, 0x00, 0x41, 0x00, 0x41, 0x00, 0x41, 0x00, 0x41, 0x00, 0x41, 0x00, 0x41, 
0x00, 0x41, 0x00, 0x41, 0x00, 0x41, 0x00, 0x41, 0x00, 0x41, 0x00, 0x41, 0x00, 0x41, 0x00, 0x41, 
0x00, 0x41, 0x00, 0x41, 0x00, 0x41, 0x00, 0x41, 0x00, 0x21, 0x00, 0x41, 0x00, 0x41, 0x00, 0x41, 
0x00, 0x41, 0x00, 0x41, 0x00, 0x41, 0x00, 0x41, 0x00, 0x41, 0x00, 0x41, 0x00, 0x41, 0x00, 0x41, 
0x00, 0x41, 0x00, 0x41, 0x00, 0x41, 0x00, 0x41, 0x00, 0x41, 0x00, 0x41, 0x00, 0x41, 0x00, 0x41, 
0x00, 0x62, 0x00, 0x62, 0x00, 0x62, 0x00, 0x62, 0x00, 0x62, 0x00, 0x62, 0x00, 0x62, 0x00, 0x82, 
0x00, 0x82, 0x00, 0x82, 0x00, 0x82, 0x00, 0xa3, 0x00, 0xa3, 0x00, 0xa3, 0x00, 0xc3, 0x00, 0xe3, 
0x00, 0x45, 0x00, 0x85, 0x00, 0xc3, 0x00, 0x00, 0x00, 0x00, 0x00, 0x00, 0x00, 0x00, 0x00, 0x00, 
0x00, 0x00, 0x00, 0x00, 0x00, 0x00, 0x00, 0x00, 0x00, 0x00, 0x00, 0x00, 0x00, 0x00, 0x00, 0x00, 
0x00, 0x00, 0x00, 0x00, 0x00, 0x00, 0x00, 0x00, 0x00, 0x00, 0x00, 0x00, 0x00, 0x00, 0x00, 0x00, 
0x00, 0x00, 0x00, 0x00, 0x00, 0x00, 0x00, 0x00, 0x00, 0x00, 0x00, 0x00, 0x00, 0x00, 0x00, 0x00, 
0x00, 0x00, 0x00, 0x00, 0x00, 0x00, 0x00, 0x00, 0x00, 0x00, 0x00, 0x00, 0x00, 0x00, 0x00, 0x00, 
0x00, 0x00, 0x00, 0x00, 0x00, 0x00, 0x00, 0x00, 0x00, 0x00, 0x00, 0x00, 0x00, 0x00, 0x00, 0x00, 
0x00, 0x00, 0x00, 0x00, 0x00, 0x00, 0x00, 0x00, 0x00, 0x00, 0x00, 0x00, 0x00, 0x00, 0x00, 0x00, 
0x00, 0x00, 0x00, 0x00, 0x00, 0x00, 0x00, 0x00, 0x00, 0x00, 0x00, 0x00, 0x00, 0x00, 0x00, 0x00, 
0x00, 0x00, 0x00, 0x00, 0x00, 0x00, 0x00, 0x00, 0x00, 0x00, 0x00, 0x00, 0x00, 0x00, 0x00, 0x00, 
0x00, 0x00, 0x00, 0x00, 0x00, 0x00, 0x00, 0x00, 0x00, 0x00, 0x00, 0x00, 0x00, 0x00, 0x00, 0x00, 
0x00, 0x00, 0x00, 0x00, 0x00, 0x00, 0x00, 0x00, 0x00, 0x00, 0x00, 0x00, 0x00, 0x00, 0x00, 0x00, 
0x00, 0x00, 0x00, 0x00, 0x00, 0x00, 0x00, 0x00, 0x00, 0x00, 0x00, 0x00, 0x00, 0x00, 0x00, 0x00, 
0x00, 0x61, 0x00, 0x24, 0x00, 0x25, 0x00, 0xc3, 0x00, 0xa3, 0x00, 0x83, 0x00, 0x82, 0x00, 0x82, 
0x00, 0x62, 0x00, 0x62, 0x00, 0x62, 0x00, 0x62, 0x00, 0x41, 0x00, 0x41, 0x00, 0x41, 0x00, 0x41, 
0x00, 0x41, 0x00, 0x41, 0x00, 0x41, 0x00, 0x41, 0x00, 0x41, 0x00, 0x41, 0x00, 0x41, 0x00, 0x41, 
0x00, 0x41, 0x00, 0x41, 0x00, 0x41, 0x00, 0x41, 0x00, 0x41, 0x00, 0x41, 0x00, 0x41, 0x00, 0x41, 
0x00, 0x41, 0x00, 0x41, 0x00, 0x41, 0x00, 0x41, 0x00, 0x41, 0x00, 0x41, 0x00, 0x62, 0x00, 0x62, 
0x00, 0x62, 0x00, 0x42, 0x00, 0x41, 0x00, 0x41, 0x00, 0x41, 0x00, 0x41, 0x00, 0x41, 0x00, 0x62, 
0x00, 0x62, 0x00, 0x62, 0x00, 0x82, 0x00, 0x82, 0x00, 0x82, 0x00, 0x82, 0x00, 0x82, 0x00, 0xa3, 
0x00, 0xa3, 0x00, 0xa3, 0x00, 0xa3, 0x00, 0xc3, 0x00, 0xc3, 0x00, 0x24, 0x00, 0x24, 0x00, 0x61, 
0x00, 0x00, 0x00, 0x00, 0x00, 0x00, 0x00, 0x00, 0x00, 0x00, 0x00, 0x00, 0x00, 0x00, 0x00, 0x00, 
0x00, 0x00, 0x00, 0x00, 0x00, 0x00, 0x00, 0x00, 0x00, 0x00, 0x00, 0x00, 0x00, 0x00, 0x00, 0x00, 
0x00, 0x00, 0x00, 0x00, 0x00, 0x00, 0x00, 0x00, 0x00, 0x00, 0x00, 0x00, 0x00, 0x00, 0x00, 0x00, 
0x00, 0x00, 0x00, 0x00, 0x00, 0x00, 0x00, 0x00, 0x00, 0x00, 0x00, 0x00, 0x00, 0x00, 0x00, 0x00, 
0x00, 0x00, 0x00, 0x00, 0x00, 0x00, 0x00, 0x00, 0x00, 0x00, 0x00, 0x00, 0x00, 0x00, 0x00, 0x00, 
0x00, 0x00, 0x00, 0x00, 0x00, 0x00, 0x00, 0x00, 0x00, 0x00, 0x00, 0x00, 0x00, 0x00, 0x00, 0x00, 
0x00, 0x00, 0x00, 0x00, 0x00, 0x00, 0x00, 0x00, 0x00, 0x00, 0x00, 0x00, 0x00, 0x00, 0x00, 0x00, 
0x00, 0x00, 0x00, 0x00, 0x00, 0x00, 0x00, 0x00, 0x00, 0x00, 0x00, 0x00, 0x00, 0x00, 0x00, 0x00, 
0x00, 0x00, 0x00, 0x00, 0x00, 0x00, 0x00, 0x00, 0x00, 0x00, 0x00, 0x00, 0x00, 0x00, 0x00, 0x00, 
0x00, 0x00, 0x00, 0x00, 0x00, 0x00, 0x00, 0x00, 0x00, 0x00, 0x00, 0x00, 0x00, 0x00, 0x00, 0x00, 
0x00, 0x00, 0x00, 0x00, 0x00, 0x00, 0x00, 0x00, 0x00, 0x00, 0x00, 0x00, 0x00, 0x00, 0x00, 0x00, 
0x00, 0x00, 0x00, 0x00, 0x00, 0x00, 0x00, 0x00, 0x00, 0x00, 0x00, 0x00, 0x00, 0x00, 0x00, 0x00, 
0x00, 0x00, 0x00, 0x00, 0x00, 0x00, 0x00, 0x20, 0x00, 0xe3, 0x00, 0x24, 0x00, 0x04, 0x00, 0xc3, 
0x00, 0xa3, 0x00, 0x83, 0x00, 0x82, 0x00, 0x62, 0x00, 0x62, 0x00, 0x62, 0x00, 0x41, 0x00, 0x41, 
0x00, 0x41, 0x00, 0x41, 0x00, 0x41, 0x00, 0x41, 0x00, 0x41, 0x00, 0x41, 0x00, 0x41, 0x00, 0x41, 
0x00, 0x41, 0x00, 0x41, 0x00, 0x41, 0x00, 0x41, 0x00, 0x41, 0x00, 0x41, 0x00, 0x41, 0x00, 0x41, 
0x00, 0x41, 0x00, 0x41, 0x00, 0x41, 0x00, 0x62, 0x00, 0x41, 0x00, 0x41, 0x00, 0x41, 0x00, 0x41, 
0x00, 0x62, 0x00, 0x41, 0x00, 0x41, 0x00, 0x41, 0x00, 0x41, 0x00, 0x62, 0x00, 0x62, 0x00, 0x62, 
0x00, 0x62, 0x00, 0x62, 0x00, 0x82, 0x00, 0x82, 0x00, 0x82, 0x00, 0xa3, 0x00, 0x82, 0x00, 0xa3, 
0x00, 0xc3, 0x00, 0xe4, 0x00, 0x24, 0x00, 0x24, 0x00, 0x20, 0x00, 0x00, 0x00, 0x00, 0x00, 0x00, 
0x00, 0x00, 0x00, 0x00, 0x00, 0x00, 0x00, 0x00, 0x00, 0x00, 0x00, 0x00, 0x00, 0x00, 0x00, 0x00, 
0x00, 0x00, 0x00, 0x00, 0x00, 0x00, 0x00, 0x00, 0x00, 0x00, 0x00, 0x00, 0x00, 0x00, 0x00, 0x00, 
0x00, 0x00, 0x00, 0x00, 0x00, 0x00, 0x00, 0x00, 0x00, 0x00, 0x00, 0x00, 0x00, 0x00, 0x00, 0x00, 
0x00, 0x00, 0x00, 0x00, 0x00, 0x00, 0x00, 0x00, 0x00, 0x00, 0x00, 0x00, 0x00, 0x00, 0x00, 0x00, 
0x00, 0x00, 0x00, 0x00, 0x00, 0x00, 0x00, 0x00, 0x00, 0x00, 0x00, 0x00, 0x00, 0x00, 0x00, 0x00, 
0x00, 0x00, 0x00, 0x00, 0x00, 0x00, 0x00, 0x00, 0x00, 0x00, 0x00, 0x00, 0x00, 0x00, 0x00, 0x00, 
0x00, 0x00, 0x00, 0x00, 0x00, 0x00, 0x00, 0x00, 0x00, 0x00, 0x00, 0x00, 0x00, 0x00, 0x00, 0x00, 
0x00, 0x00, 0x00, 0x00, 0x00, 0x00, 0x00, 0x00, 0x00, 0x00, 0x00, 0x00, 0x00, 0x00, 0x00, 0x00, 
0x00, 0x00, 0x00, 0x00, 0x00, 0x00, 0x00, 0x00, 0x00, 0x00, 0x00, 0x00, 0x00, 0x00, 0x00, 0x00, 
0x00, 0x00, 0x00, 0x00, 0x00, 0x00, 0x00, 0x00, 0x00, 0x00, 0x00, 0x00, 0x00, 0x00, 0x00, 0x00, 
0x00, 0x00, 0x00, 0x00, 0x00, 0x00, 0x00, 0x00, 0x00, 0x00, 0x00, 0x00, 0x00, 0x00, 0x00, 0x00, 
0x00, 0x00, 0x00, 0x00, 0x00, 0x00, 0x00, 0x00, 0x00, 0x00, 0x00, 0x00, 0x00, 0x00, 0x00, 0x00, 
0x00, 0x00, 0x00, 0x00, 0x00, 0x00, 0x00, 0x00, 0x00, 0x00, 0x00, 0x00, 0x00, 0x00, 0x00, 0xe3, 
0x00, 0x65, 0x00, 0x24, 0x00, 0x04, 0x00, 0xa3, 0x00, 0xa3, 0x00, 0x82, 0x00, 0x62, 0x00, 0x62, 
0x00, 0x62, 0x00, 0x41, 0x00, 0x41, 0x00, 0x41, 0x00, 0x41, 0x00, 0x41, 0x00, 0x41, 0x00, 0x41, 
0x00, 0x41, 0x00, 0x41, 0x00, 0x41, 0x00, 0x41, 0x00, 0x41, 0x00, 0x41, 0x00, 0x41, 0x00, 0x41, 
0x00, 0x41, 0x00, 0x41, 0x00, 0x41, 0x00, 0x41, 0x00, 0x41, 0x00, 0x41, 0x00, 0x41, 0x00, 0x41, 
0x00, 0x41, 0x00, 0x41, 0x00, 0x41, 0x00, 0x41, 0x00, 0x41, 0x00, 0x41, 0x00, 0x41, 0x00, 0x62, 
0x00, 0x62, 0x00, 0x62, 0x00, 0x82, 0x00, 0x82, 0x00, 0xa3, 0x00, 0xe4, 0x00, 0x24, 0x00, 0x04, 
0x00, 0x04, 0x00, 0x00, 0x00, 0x00, 0x00, 0x00, 0x00, 0x00, 0x00, 0x00, 0x00, 0x00, 0x00, 0x00, 
0x00, 0x00, 0x00, 0x00, 0x00, 0x00, 0x00, 0x00, 0x00, 0x00, 0x00, 0x00, 0x00, 0x00, 0x00, 0x00, 
0x00, 0x00, 0x00, 0x00, 0x00, 0x00, 0x00, 0x00, 0x00, 0x00, 0x00, 0x00, 0x00, 0x00, 0x00, 0x00, 
0x00, 0x00, 0x00, 0x00, 0x00, 0x00, 0x00, 0x00, 0x00, 0x00, 0x00, 0x00, 0x00, 0x00, 0x00, 0x00, 
0x00, 0x00, 0x00, 0x00, 0x00, 0x00, 0x00, 0x00, 0x00, 0x00, 0x00, 0x00, 0x00, 0x00, 0x00, 0x00, 
0x00, 0x00, 0x00, 0x00, 0x00, 0x00, 0x00, 0x00, 0x00, 0x00, 0x00, 0x00, 0x00, 0x00, 0x00, 0x00, 
0x00, 0x00, 0x00, 0x00, 0x00, 0x00, 0x00, 0x00, 0x00, 0x00, 0x00, 0x00, 0x00, 0x00, 0x00, 0x00, 
0x00, 0x00, 0x00, 0x00, 0x00, 0x00, 0x00, 0x00, 0x00, 0x00, 0x00, 0x00, 0x00, 0x00, 0x00, 0x00, 
0x00, 0x00, 0x00, 0x00, 0x00, 0x00, 0x00, 0x00, 0x00, 0x00, 0x00, 0x00, 0x00, 0x00, 0x00, 0x00, 
0x00, 0x00, 0x00, 0x00, 0x00, 0x00, 0x00, 0x00, 0x00, 0x00, 0x00, 0x00, 0x00, 0x00, 0x00, 0x00, 
0x00, 0x00, 0x00, 0x00, 0x00, 0x00, 0x00, 0x00, 0x00, 0x00, 0x00, 0x00, 0x00, 0x00, 0x00, 0x00, 
0x00, 0x00, 0x00, 0x00, 0x00, 0x00, 0x00, 0x00, 0x00, 0x00, 0x00, 0x00, 0x00, 0x00, 0x00, 0x00, 
0x00, 0x00, 0x00, 0x00, 0x00, 0x00, 0x00, 0x00, 0x00, 0x00, 0x00, 0x00, 0x00, 0x00, 0x00, 0x00, 
0x00, 0x00, 0x00, 0x00, 0x00, 0x00, 0x00, 0x00, 0x00, 0x00, 0x00, 0x00, 0x00, 0x00, 0x00, 0x00, 
0x00, 0x00, 0x00, 0x00, 0x00, 0x00, 0x00, 0x00, 0x00, 0xe3, 0x00, 0x24, 0x00, 0xe3, 0x00, 0x04, 
0x00, 0xa3, 0x00, 0xa3, 0x00, 0x82, 0x00, 0x82, 0x00, 0x62, 0x00, 0x62, 0x00, 0x41, 0x00, 0x41, 
0x00, 0x41, 0x00, 0x41, 0x00, 0x41, 0x00, 0x41, 0x00, 0x41, 0x00, 0x41, 0x00, 0x41, 0x00, 0x41, 
0x00, 0x41, 0x00, 0x41, 0x00, 0x41, 0x00, 0x41, 0x00, 0x41, 0x00, 0x41, 0x00, 0x41, 0x00, 0x41, 
0x00, 0x41, 0x00, 0x41, 0x00, 0x62, 0x00, 0x62, 0x00, 0x62, 0x00, 0x82, 0x00, 0x82, 0x00, 0xa3, 
0x00, 0x04, 0x00, 0x24, 0x00, 0x24, 0x00, 0xa6, 0x00, 0x00, 0x00, 0x00, 0x00, 0x00, 0x00, 0x00, 
0x00, 0x00, 0x00, 0x00, 0x00, 0x00, 0x00, 0x00, 0x00, 0x00, 0x00, 0x00, 0x00, 0x00, 0x00, 0x00, 
0x00, 0x00, 0x00, 0x00, 0x00, 0x00, 0x00, 0x00, 0x00, 0x00, 0x00, 0x00, 0x00, 0x00, 0x00, 0x00, 
0x00, 0x00, 0x00, 0x00, 0x00, 0x00, 0x00, 0x00, 0x00, 0x00, 0x00, 0x00, 0x00, 0x00, 0x00, 0x00, 
0x00, 0x00, 0x00, 0x00, 0x00, 0x00, 0x00, 0x00, 0x00, 0x00, 0x00, 0x00, 0x00, 0x00, 0x00, 0x00, 
0x00, 0x00, 0x00, 0x00, 0x00, 0x00, 0x00, 0x00, 0x00, 0x00, 0x00, 0x00, 0x00, 0x00, 0x00, 0x00, 
0x00, 0x00, 0x00, 0x00, 0x00, 0x00, 0x00, 0x00, 0x00, 0x00, 0x00, 0x00, 0x00, 0x00, 0x00, 0x00, 
0x00, 0x00, 0x00, 0x00, 0x00, 0x00, 0x00, 0x00, 0x00, 0x00, 0x00, 0x00, 0x00, 0x00, 0x00, 0x00, 
0x00, 0x00, 0x00, 0x00, 0x00, 0x00, 0x00, 0x00, 0x00, 0x00, 0x00, 0x00, 0x00, 0x00, 0x00, 0x00, 
0x00, 0x00, 0x00, 0x00, 0x00, 0x00, 0x00, 0x00, 0x00, 0x00, 0x00, 0x00, 0x00, 0x00, 0x00, 0x00, 
0x00, 0x00, 0x00, 0x00, 0x00, 0x00, 0x00, 0x00, 0x00, 0x00, 0x00, 0x00, 0x00, 0x00, 0x00, 0x00, 
0x00, 0x00, 0x00, 0x00, 0x00, 0x00, 0x00, 0x00, 0x00, 0x00, 0x00, 0x00, 0x00, 0x00, 0x00, 0x00, 
0x00, 0x00, 0x00, 0x00, 0x00, 0x00, 0x00, 0x00, 0x00, 0x00, 0x00, 0x00, 0x00, 0x00, 0x00, 0x00, 
0x00, 0x00, 0x00, 0x00, 0x00, 0x00, 0x00, 0x00, 0x00, 0x00, 0x00, 0x00, 0x00, 0x00, 0x00, 0x00, 
0x00, 0x00, 0x00, 0x00, 0x00, 0x00, 0x00, 0x00, 0x00, 0x00, 0x00, 0x00, 0x00, 0x00, 0x00, 0x00, 
0x00, 0x00, 0x00, 0x00, 0x00, 0x00, 0x00, 0x00, 0x00, 0x00, 0x00, 0x00, 0x00, 0x00, 0x00, 0x00, 
0x00, 0x00, 0x00, 0x45, 0x00, 0x00, 0x00, 0x45, 0x00, 0x85, 0x00, 0x24, 0x00, 0x24, 0x00, 0x03, 
0x00, 0xe3, 0x00, 0xe4, 0x00, 0xc3, 0x00, 0xa3, 0x00, 0xa3, 0x00, 0xa3, 0x00, 0xa3, 0x00, 0x83, 
0x00, 0x83, 0x00, 0x83, 0x00, 0xa3, 0x00, 0x82, 0x00, 0xa3, 0x00, 0x82, 0x00, 0xa3, 0x00, 0xe4, 
0x00, 0xe3, 0x00, 0x24, 0x00, 0x45, 0x00, 0x85, 0x00, 0x65, 0x00, 0x65, 0x00, 0xe3, 0x00, 0x00, 
0x00, 0x00, 0x00, 0x00, 0x00, 0x00, 0x00, 0x00, 0x00, 0x00, 0x00, 0x00, 0x00, 0x00, 0x00, 0x00, 
0x00, 0x00, 0x00, 0x00, 0x00, 0x00, 0x00, 0x00, 0x00, 0x00, 0x00, 0x00, 0x00, 0x00, 0x00, 0x00, 
0x00, 0x00, 0x00, 0x00, 0x00, 0x00, 0x00, 0x00, 0x00, 0x00, 0x00, 0x00, 0x00, 0x00, 0x00, 0x00, 
0x00, 0x00, 0x00, 0x00, 0x00, 0x00, 0x00, 0x00, 0x00, 0x00, 0x00, 0x00, 0x00, 0x00, 0x00, 0x00, 
0x00, 0x00, 0x00, 0x00, 0x00, 0x00, 0x00, 0x00, 0x00, 0x00, 0x00, 0x00, 0x00, 0x00, 0x00, 0x00, 
0x00, 0x00, 0x00, 0x00, 0x00, 0x00, 0x00, 0x00, 0x00, 0x00, 0x00, 0x00, 0x00, 0x00, 0x00, 0x00, 
0x00, 0x00, 0x00, 0x00, 0x00, 0x00, 0x00, 0x00, 0x00, 0x00, 0x00, 0x00, 0x00, 0x00, 0x00, 0x00, 
0x00, 0x00, 0x00, 0x00, 0x00, 0x00, 0x00, 0x00, 0x00, 0x00, 0x00, 0x00, 0x00, 0x00, 0x00, 0x00, 
0x00, 0x00, 0x00, 0x00, 0x00, 0x00, 0x00, 0x00, 0x00, 0x00, 0x00, 0x00, 0x00, 0x00, 0x00, 0x00, 
0x00, 0x00, 0x00, 0x00, 0x00, 0x00, 0x00, 0x00, 0x00, 0x00, 0x00, 0x00, 0x00, 0x00, 0x00, 0x00, 
0x00, 0x00, 0x00, 0x00, 0x00, 0x00, 0x00, 0x00, 0x00, 0x00, 0x00, 0x00, 0x00, 0x00, 0x00, 0x00, 
0x00, 0x00, 0x00, 0x00, 0x00, 0x00, 0x00, 0x00, 0x00, 0x00, 0x00, 0x00, 0x00, 0x00, 0x00, 0x00, 
0x00, 0x00, 0x00, 0x00, 0x00, 0x00, 0x00, 0x00, 0x00, 0x00, 0x00, 0x00, 0x00, 0x00, 0x00, 0x00, 
0x00, 0x00, 0x00, 0x00, 0x00, 0x00, 0x00, 0x00, 0x00, 0x00, 0x00, 0x00, 0x00, 0x00, 0x00, 0x00, 
0x00, 0x00, 0x00, 0x00, 0x00, 0x00, 0x00, 0x00, 0x00, 0x00, 0x00, 0x00, 0x00, 0x00, 0x00, 0x00, 
0x00, 0x00, 0x00, 0x00, 0x00, 0x00, 0x00, 0x00, 0x00, 0x00, 0x00, 0x00, 0x00, 0x00, 0x00, 0x00, 
0x00, 0x00, 0x00, 0x00, 0x00, 0x00, 0x00, 0x00, 0x00, 0x00, 0x00, 0x00, 0x00, 0x00, 0x00, 0x00, 
0x00, 0x00, 0x00, 0x00, 0x00, 0x00, 0x00, 0x00, 0x00, 0x00, 0x00, 0x00, 0x00, 0x00, 0x00, 0x00, 
0x00, 0x00, 0x00, 0x00, 0x00, 0x00, 0x00, 0x00, 0x00, 0x00, 0x00, 0x00, 0x00, 0x00, 0x00, 0x00, 
0x00, 0x00, 0x00, 0x00, 0x00, 0x00, 0x00, 0x00, 0x00, 0x00, 0x00, 0x00, 0x00, 0x00, 0x00, 0x00, 
0x00, 0x00, 0x00, 0x00, 0x00, 0x00, 0x00, 0x00, 0x00, 0x00, 0x00, 0x00, 0x00, 0x00, 0x00, 0x00, 
0x00, 0x00, 0x00, 0x00, 0x00, 0x00, 0x00, 0x00, 0x00, 0x00, 0x00, 0x00, 0x00, 0x00, 0x00, 0x00, 
0x00, 0x00, 0x00, 0x00, 0x00, 0x00, 0x00, 0x00, 0x00, 0x00, 0x00, 0x00, 0x00, 0x00, 0x00, 0x00, 
0x00, 0x00, 0x00, 0x00, 0x00, 0x00, 0x00, 0x00, 0x00, 0x00, 0x00, 0x00, 0x00, 0x00, 0x00, 0x00, 
0x00, 0x00, 0x00, 0x00, 0x00, 0x00, 0x00, 0x00, 0x00, 0x00, 0x00, 0x00, 0x00, 0x00, 0x00, 0x00, 
0x00, 0x00, 0x00, 0x00, 0x00, 0x00, 0x00, 0x00, 0x00, 0x00, 0x00, 0x00, 0x00, 0x00, 0x00, 0x00, 
0x00, 0x00, 0x00, 0x00, 0x00, 0x00, 0x00, 0x00, 0x00, 0x00, 0x00, 0x00, 0x00, 0x00, 0x00, 0x00, 
0x00, 0x00, 0x00, 0x00, 0x00, 0x00, 0x00, 0x00, 0x00, 0x00, 0x00, 0x00, 0x00, 0x00, 0x00, 0x00, 

};
